valeurs,P/E NTM,croiss. N+1 %,PEG LT,n thème dominant,bêta,rdt espéré %,rdt pess %,rdt central %,rdt opt %,"pire cas % (pess, −5 pts, multiples figés)"
6669.TW NU VTEX FLUT DLO,9.2,36.6,0.55,2,0.99,28.72,1.09,31.57,40.92,1.89
6669.TW NU VTEX FLUT RDDT,9.7,37.7,0.6,2,1.21,28.57,-1.32,31.52,41.39,1.29
6669.TW NU VTEX FLUT AVGO,9.6,42.4,0.59,2,1.09,28.55,0.06,31.44,40.98,2.05
6669.TW NU VTEX FLUT ORCL,9.3,35.9,0.56,2,1.15,28.49,-1.7,31.64,41.09,0.62
6669.TW NU VTEX FLUT 300750.SZ,9.1,39.0,0.56,1,0.89,28.46,-0.46,31.43,40.93,1.43
6669.TW NU VTEX FLUT RHM,9.6,40.3,0.59,1,1.23,28.41,0.08,31.49,40.46,2.14
6669.TW NU VTEX FLUT 1810.HK,9.4,39.0,0.58,2,0.94,28.4,-1.32,31.1,41.57,1.29
6669.TW VTEX FLUT DLO RDDT,10.0,36.0,0.63,2,1.21,28.17,-1.32,30.56,41.73,1.29
6669.TW VTEX FLUT DLO AVGO,9.9,40.7,0.63,2,1.09,28.15,0.06,30.47,41.32,2.05
6669.TW VTEX FLUT DLO ORCL,9.6,34.2,0.6,2,1.15,28.09,-1.7,30.67,41.44,0.62
6669.TW VTEX FLUT 300750.SZ DLO,9.3,37.3,0.6,1,0.89,28.06,-0.46,30.46,41.27,1.43
6669.TW NU VTEX FLUT PAX,8.1,34.2,0.51,2,1.0,28.01,0.52,31.42,39.2,1.29
6669.TW NU VTEX FLUT ADYEN,9.6,35.9,0.6,2,1.18,28.01,-0.08,31.04,40.06,1.89
6669.TW VTEX FLUT DLO RHM,9.9,38.5,0.63,1,1.23,28.0,0.08,30.52,40.81,2.14
6669.TW VTEX FLUT DLO 1810.HK,9.7,37.3,0.62,2,0.94,28.0,-1.32,30.12,41.91,1.29
6669.TW VTEX FLUT AVGO RDDT,10.4,41.8,0.67,2,1.31,27.99,-2.43,30.42,41.79,1.45
6669.TW VTEX FLUT ORCL RDDT,10.1,35.3,0.65,2,1.37,27.93,-4.33,30.63,41.9,0.0
6669.TW VTEX FLUT AVGO ORCL,10.0,40.0,0.64,3,1.25,27.91,-2.82,30.54,41.49,0.79
6669.TW VTEX FLUT 300750.SZ RDDT,9.8,38.4,0.64,2,1.1,27.91,-2.99,30.42,41.73,0.82
6669.TW VTEX FLUT 300750.SZ AVGO,9.7,43.1,0.64,2,0.99,27.89,-1.54,30.33,41.33,1.59
6669.TW VTEX FLUT RHM RDDT,10.4,39.6,0.68,2,1.44,27.85,-2.41,30.48,41.27,1.55
6669.TW VTEX FLUT 1810.HK RDDT,10.2,38.4,0.66,2,1.16,27.85,-3.93,30.08,42.37,0.68
6669.TW VTEX FLUT AVGO RHM,10.3,44.3,0.67,2,1.33,27.83,-0.98,30.39,40.86,2.3
6669.TW VTEX FLUT 300750.SZ ORCL,9.4,36.6,0.61,2,1.05,27.83,-3.39,30.53,41.44,0.15
6669.TW VTEX FLUT 1810.HK AVGO,10.1,43.1,0.66,2,1.04,27.82,-2.43,29.99,41.97,1.45
6669.TW NU VTEX FLUT NVDA,9.5,44.8,0.63,2,1.25,27.81,-1.84,30.54,40.86,0.46
6669.TW VTEX FLUT ORCL RHM,10.0,37.8,0.64,2,1.39,27.77,-2.79,30.59,40.97,0.88
6669.TW VTEX FLUT 1810.HK ORCL,9.8,36.6,0.63,2,1.1,27.76,-4.33,30.19,42.08,0.0
6669.TW VTEX FLUT 300750.SZ RHM,9.7,40.9,0.64,1,1.13,27.74,-1.52,30.38,40.81,1.68
6669.TW VTEX FLUT 300750.SZ 1810.HK,9.5,39.7,0.63,2,0.84,27.74,-2.99,29.98,41.91,0.82
6669.TW VTEX FLUT 1810.HK RHM,10.1,40.9,0.66,2,1.18,27.68,-2.41,30.04,41.45,1.55
6669.TW NU VTEX FLUT UBER,9.4,38.7,0.6,1,1.03,27.68,-1.32,30.61,40.18,1.29
6669.TW VTEX FLUT DLO PAX,8.3,32.4,0.55,2,1.0,27.61,0.52,30.45,39.56,1.29
6669.TW VTEX FLUT DLO ADYEN,9.9,34.1,0.64,2,1.18,27.61,-0.08,30.06,40.41,1.89
6669.TW VTEX FLUT PAX RDDT,8.7,33.5,0.6,2,1.22,27.45,-1.93,30.41,40.04,0.68
6669.TW VTEX FLUT ADYEN RDDT,10.4,35.2,0.68,2,1.39,27.45,-2.58,30.02,40.88,1.29
6669.TW NU VTEX FLUT TSM,9.8,37.0,0.67,1,1.08,27.44,-1.1,30.88,38.93,1.64
6669.TW VTEX FLUT PAX AVGO,8.6,38.2,0.59,2,1.1,27.43,-0.52,30.32,39.62,1.45
6669.TW VTEX FLUT AVGO ADYEN,10.3,39.9,0.68,2,1.28,27.43,-1.14,29.93,40.47,2.05
6669.TW VTEX FLUT DLO NVDA,9.7,43.0,0.66,2,1.25,27.4,-1.84,29.55,41.21,0.46
6669.TW VTEX FLUT PAX ORCL,8.4,31.8,0.56,2,1.16,27.37,-2.32,30.52,39.73,0.0
6669.TW VTEX FLUT ORCL ADYEN,10.0,33.4,0.65,2,1.34,27.37,-2.97,30.13,40.58,0.62
6669.TW VTEX FLUT 300750.SZ PAX,8.2,34.8,0.56,1,0.9,27.35,-1.06,30.31,39.56,0.82
6669.TW VTEX FLUT 300750.SZ ADYEN,9.7,36.5,0.65,1,1.08,27.35,-1.69,29.92,40.41,1.43
6669.TW VTEX FLUT PAX RHM,8.6,36.1,0.59,1,1.24,27.29,-0.5,30.37,39.08,1.55
6669.TW VTEX FLUT RHM ADYEN,10.3,37.8,0.68,1,1.42,27.29,-1.12,29.98,39.94,2.14
6669.TW VTEX FLUT PAX 1810.HK,8.5,34.9,0.58,2,0.95,27.28,-1.93,29.97,40.23,0.68
6669.TW VTEX FLUT 1810.HK ADYEN,10.1,36.5,0.67,2,1.13,27.28,-2.58,29.58,41.06,1.29
6669.TW VTEX FLUT DLO UBER,9.7,37.0,0.64,1,1.03,27.27,-1.32,29.62,40.53,1.29
6669.TW VTEX FLUT NVDA RDDT,10.3,44.1,0.71,2,1.46,27.24,-4.49,29.5,41.67,-0.17
NU VTEX FLUT DLO RDDT,13.3,35.8,0.69,2,1.19,27.23,-0.36,28.36,41.98,2.26
6669.TW VTEX FLUT AVGO NVDA,10.1,48.8,0.7,3,1.35,27.22,-2.97,29.41,41.26,0.62
NU VTEX FLUT DLO AVGO,13.0,40.5,0.68,2,1.08,27.2,0.99,28.27,41.58,2.99
6669.TW VTEX FLUT ORCL NVDA,9.8,42.3,0.68,3,1.41,27.16,-4.9,29.62,41.37,-0.86
NU VTEX FLUT DLO ORCL,12.5,34.0,0.65,2,1.14,27.14,-0.72,28.49,41.69,1.61
6669.TW VTEX FLUT 300750.SZ NVDA,9.6,45.4,0.67,2,1.14,27.14,-3.54,29.4,41.21,-0.02
NU VTEX FLUT 300750.SZ DLO,12.1,37.1,0.65,2,0.88,27.12,0.48,28.26,41.53,2.39
6669.TW VTEX FLUT UBER RDDT,10.2,38.1,0.68,2,1.25,27.11,-3.93,29.57,41.0,0.68
6669.TW VTEX FLUT AVGO UBER,10.1,42.8,0.67,2,1.13,27.09,-2.43,29.48,40.59,1.45
6669.TW VTEX FLUT RHM NVDA,10.2,46.7,0.71,2,1.48,27.07,-2.94,29.47,40.74,0.72
6669.TW VTEX FLUT 1810.HK NVDA,10.0,45.4,0.69,2,1.2,27.07,-4.49,29.06,41.85,-0.17
NU VTEX FLUT DLO RHM,13.1,38.3,0.68,2,1.22,27.06,1.01,28.33,41.06,3.08
NU VTEX FLUT DLO 1810.HK,12.8,37.1,0.67,2,0.93,27.05,-0.36,27.91,42.16,2.26
NU VTEX FLUT AVGO RDDT,14.0,41.6,0.73,2,1.29,27.05,-1.43,28.23,42.04,2.41
6669.TW VTEX FLUT DLO TSM,10.0,35.3,0.7,1,1.08,27.03,-1.1,29.9,39.29,1.64
6669.TW VTEX FLUT ORCL UBER,9.8,36.3,0.65,2,1.19,27.03,-4.33,29.69,40.7,0.0
6669.TW VTEX FLUT 300750.SZ UBER,9.5,39.4,0.65,1,0.93,27.0,-2.99,29.47,40.54,0.82
NU VTEX FLUT ORCL RDDT,13.5,35.1,0.7,2,1.35,26.98,-3.28,28.44,42.15,1.0
6669.TW NU VTEX DLO RDDT,10.5,32.4,0.66,2,1.18,26.97,-0.73,29.08,40.27,1.89
NU VTEX FLUT AVGO ORCL,13.2,39.8,0.69,2,1.24,26.96,-1.81,28.35,41.75,1.77
NU VTEX FLUT 300750.SZ RDDT,12.9,38.2,0.7,2,1.09,26.96,-1.98,28.22,41.99,1.8
6669.TW NU VTEX DLO AVGO,10.3,37.1,0.65,2,1.06,26.94,0.64,28.99,39.86,2.63
6669.TW VTEX FLUT RHM UBER,10.1,40.6,0.68,1,1.27,26.94,-2.41,29.54,40.06,1.55
6669.TW VTEX FLUT 1810.HK UBER,9.9,39.4,0.67,2,0.98,26.94,-3.93,29.13,41.19,0.68
NU VTEX FLUT 300750.SZ AVGO,12.7,42.9,0.69,1,0.98,26.94,-0.57,28.12,41.59,2.54
NU VTEX FLUT RHM RDDT,14.1,39.4,0.73,2,1.43,26.9,-1.41,28.28,41.53,2.5
NU VTEX FLUT 1810.HK RDDT,13.7,38.2,0.72,2,1.14,26.9,-2.88,27.86,42.62,1.66
6669.TW VTEX FLUT PAX ADYEN,8.6,31.7,0.6,2,1.19,26.88,-0.67,29.91,38.67,1.29
6669.TW NU VTEX DLO ORCL,10.0,30.6,0.63,2,1.12,26.88,-1.09,29.19,39.97,1.24
NU VTEX FLUT AVGO RHM,13.8,44.1,0.72,1,1.32,26.88,-0.02,28.19,41.12,3.23
NU VTEX FLUT 300750.SZ ORCL,12.3,36.4,0.66,1,1.04,26.88,-2.36,28.34,41.7,1.14
NU VTEX FLUT 1810.HK AVGO,13.5,42.9,0.71,2,1.03,26.87,-1.43,27.77,42.22,2.41
6669.TW VTEX FLUT TSM RDDT,10.6,36.4,0.75,2,1.3,26.87,-3.68,29.85,39.78,1.04
6669.TW NU VTEX 300750.SZ DLO,9.7,33.7,0.62,2,0.86,26.86,0.12,28.98,39.8,2.03
6669.TW VTEX FLUT AVGO TSM,10.4,41.1,0.74,2,1.18,26.85,-2.2,29.76,39.35,1.8
NU VTEX FLUT ORCL RHM,13.2,37.6,0.69,1,1.38,26.82,-1.79,28.4,41.23,1.86
NU VTEX FLUT 1810.HK ORCL,12.9,36.4,0.68,2,1.09,26.81,-3.28,27.98,42.33,1.0
6669.TW NU VTEX DLO RHM,10.4,35.0,0.65,2,1.2,26.8,0.66,29.04,39.32,2.72
6669.TW NU VTEX DLO 1810.HK,10.2,33.7,0.64,2,0.91,26.79,-0.73,28.63,40.46,1.89
NU VTEX FLUT 300750.SZ RHM,12.7,40.7,0.69,1,1.11,26.79,-0.55,28.18,41.07,2.64
NU VTEX FLUT 300750.SZ 1810.HK,12.5,39.5,0.68,2,0.83,26.79,-1.98,27.76,42.17,1.8
6669.TW VTEX FLUT ORCL TSM,10.1,34.6,0.72,2,1.24,26.79,-4.09,29.97,39.47,0.37
6669.TW NU VTEX AVGO RDDT,11.0,38.2,0.7,2,1.28,26.79,-1.81,28.94,40.33,2.05
6669.TW VTEX FLUT 300750.SZ TSM,9.8,37.7,0.71,1,0.98,26.76,-2.76,29.75,39.3,1.18
NU VTEX FLUT 1810.HK RHM,13.5,40.7,0.71,2,1.17,26.73,-1.41,27.82,41.71,2.5
6669.TW NU VTEX ORCL RDDT,10.6,31.7,0.67,2,1.34,26.72,-3.68,29.15,40.45,0.62
6669.TW VTEX FLUT RHM TSM,10.5,38.9,0.74,1,1.32,26.7,-2.18,29.82,38.81,1.89
6669.TW NU VTEX AVGO ORCL,10.5,36.4,0.66,3,1.22,26.7,-2.19,29.06,40.03,1.4
6669.TW NU VTEX 300750.SZ RDDT,10.3,34.8,0.67,2,1.08,26.7,-2.36,28.93,40.28,1.43
6669.TW VTEX FLUT 1810.HK TSM,10.3,37.7,0.73,2,1.03,26.7,-3.68,29.41,39.96,1.04
6669.TW NU FLUT DLO RDDT,9.5,36.3,0.62,2,1.2,26.69,-1.76,29.6,38.99,0.86
6669.TW NU VTEX 300750.SZ AVGO,10.2,39.5,0.66,2,0.96,26.68,-0.94,28.84,39.86,2.18
6669.TW VTEX FLUT PAX NVDA,8.5,40.6,0.63,2,1.26,26.67,-2.46,29.4,39.5,-0.17
6669.TW VTEX FLUT NVDA ADYEN,10.1,42.3,0.71,2,1.43,26.67,-3.12,29.0,40.35,0.46
6669.TW NU FLUT DLO AVGO,9.4,41.0,0.61,2,1.08,26.67,-0.36,29.51,38.56,1.62
NU VTEX FLUT DLO PAX,10.4,32.3,0.6,3,0.99,26.65,1.43,28.26,39.83,2.26
NU VTEX FLUT DLO ADYEN,13.0,33.9,0.69,3,1.17,26.65,0.85,27.85,40.67,2.84
6669.TW NU VTEX RHM RDDT,11.0,36.1,0.7,2,1.42,26.64,-1.79,28.99,39.8,2.14
6669.TW NU VTEX 1810.HK RDDT,10.8,34.8,0.69,2,1.13,26.63,-3.28,28.58,40.93,1.29
VTEX FLUT DLO AVGO RDDT,14.6,39.8,0.76,2,1.29,26.63,-1.43,27.18,42.38,2.41
6669.TW NU VTEX AVGO RHM,10.8,40.8,0.69,2,1.3,26.62,-0.38,28.9,39.38,2.88
6669.TW NU VTEX 300750.SZ ORCL,9.8,33.0,0.64,2,1.02,26.61,-2.75,29.05,39.98,0.77
6669.TW NU VTEX 1810.HK AVGO,10.6,39.5,0.68,2,1.01,26.61,-1.81,28.49,40.52,2.05
6669.TW NU FLUT DLO ORCL,9.1,34.5,0.59,2,1.14,26.61,-2.14,29.71,38.68,0.18
6669.TW NU FLUT 300750.SZ DLO,8.9,37.6,0.58,2,0.88,26.58,-0.89,29.5,38.51,1.0
VTEX FLUT DLO ORCL RDDT,14.0,33.3,0.74,2,1.35,26.57,-3.28,27.4,42.49,1.0
6669.TW NU VTEX ORCL RHM,10.5,34.3,0.67,2,1.36,26.55,-2.17,29.11,39.49,1.49
6669.TW NU VTEX 1810.HK ORCL,10.3,33.0,0.66,2,1.07,26.55,-3.68,28.7,40.63,0.62
VTEX FLUT DLO AVGO ORCL,13.7,38.0,0.73,2,1.24,26.55,-1.81,27.3,42.09,1.77
VTEX FLUT 300750.SZ DLO RDDT,13.4,36.4,0.73,2,1.09,26.54,-1.98,27.17,42.33,1.8
6669.TW VTEX FLUT PAX UBER,8.4,34.6,0.6,1,1.05,26.54,-1.93,29.47,38.8,0.68
6669.TW VTEX FLUT UBER ADYEN,10.1,36.3,0.69,1,1.22,26.54,-2.58,29.07,39.66,1.29
6669.TW NU VTEX 300750.SZ RHM,10.2,37.4,0.66,1,1.1,26.53,-0.91,28.89,39.33,2.28
6669.TW NU VTEX 300750.SZ 1810.HK,10.0,36.1,0.65,1,0.81,26.53,-2.36,28.48,40.47,1.43
VTEX FLUT 300750.SZ DLO AVGO,13.2,41.1,0.73,1,0.98,26.52,-0.57,27.08,41.93,2.54
6669.TW NU FLUT DLO RHM,9.4,38.8,0.62,2,1.22,26.52,-0.33,29.56,38.01,1.72
6669.TW NU FLUT DLO 1810.HK,9.2,37.6,0.6,2,0.93,26.52,-1.76,29.15,39.18,0.86
6669.TW NU FLUT AVGO RDDT,9.9,42.1,0.66,2,1.3,26.51,-2.88,29.46,39.05,1.02
NU VTEX FLUT PAX RDDT,11.1,33.4,0.65,2,1.21,26.49,-0.95,28.21,40.3,1.66
NU VTEX FLUT ADYEN RDDT,14.0,35.0,0.74,2,1.38,26.49,-1.58,27.8,41.14,2.26
VTEX FLUT DLO RHM RDDT,14.6,37.7,0.76,2,1.43,26.48,-1.41,27.24,41.87,2.5
VTEX FLUT DLO 1810.HK RDDT,14.2,36.4,0.75,2,1.14,26.48,-2.88,26.81,42.95,1.66
NU VTEX FLUT PAX AVGO,10.9,38.1,0.64,2,1.09,26.47,0.42,28.12,39.88,2.41
NU VTEX FLUT AVGO ADYEN,13.8,39.7,0.73,2,1.27,26.47,-0.19,27.7,40.73,2.99
6669.TW NU VTEX 1810.HK RHM,10.6,37.4,0.69,1,1.15,26.46,-1.79,28.54,39.99,2.14
VTEX FLUT DLO AVGO RHM,14.3,42.4,0.76,1,1.32,26.46,-0.02,27.14,41.46,3.23
VTEX FLUT 300750.SZ DLO ORCL,12.7,34.6,0.7,1,1.04,26.46,-2.36,27.29,42.04,1.14
VTEX FLUT DLO 1810.HK AVGO,14.0,41.1,0.75,2,1.03,26.46,-1.43,26.71,42.55,2.41
6669.TW NU FLUT ORCL RDDT,9.6,35.6,0.63,2,1.36,26.45,-4.81,29.67,39.17,-0.45
NU VTEX FLUT DLO NVDA,12.8,42.8,0.72,2,1.23,26.44,-0.86,27.3,41.46,1.45
6669.TW NU FLUT AVGO ORCL,9.5,40.3,0.63,3,1.24,26.43,-3.27,29.58,38.74,0.35
6669.TW NU FLUT 300750.SZ RDDT,9.3,38.7,0.63,1,1.09,26.42,-3.45,29.45,39.0,0.38
NU VTEX FLUT PAX ORCL,10.6,31.6,0.61,2,1.15,26.41,-1.32,28.33,40.0,1.0
NU VTEX FLUT ORCL ADYEN,13.2,33.3,0.7,2,1.33,26.41,-1.96,27.92,40.84,1.61
6669.TW NU FLUT 300750.SZ AVGO,9.2,43.4,0.62,2,0.98,26.4,-1.97,29.36,38.57,1.16
VTEX FLUT DLO ORCL RHM,13.7,35.9,0.73,1,1.38,26.4,-1.79,27.36,41.58,1.86
VTEX FLUT DLO 1810.HK ORCL,13.4,34.6,0.72,2,1.09,26.4,-3.28,26.93,42.66,1.0
6669.TW NU VTEX DLO PAX,8.6,28.9,0.57,3,0.97,26.39,1.09,28.97,38.03,1.89
6669.TW NU VTEX DLO ADYEN,10.4,30.6,0.66,3,1.15,26.39,0.49,28.57,38.91,2.48
VTEX FLUT AVGO ORCL RDDT,14.8,39.1,0.77,2,1.45,26.39,-4.45,27.25,42.54,1.16
NU VTEX FLUT 300750.SZ PAX,10.2,34.6,0.61,2,0.89,26.39,-0.1,28.11,39.83,1.8
NU VTEX FLUT 300750.SZ ADYEN,12.7,36.3,0.7,2,1.06,26.39,-0.71,27.7,40.68,2.39
VTEX FLUT 300750.SZ DLO RHM,13.2,39.0,0.73,1,1.11,26.37,-0.55,27.13,41.41,2.64
VTEX FLUT 300750.SZ DLO 1810.HK,12.9,37.7,0.72,2,0.83,26.37,-1.98,26.7,42.5,1.8
6669.TW VTEX DLO AVGO RDDT,11.3,36.5,0.73,2,1.28,26.37,-1.81,27.91,40.68,2.05
VTEX FLUT 300750.SZ AVGO RDDT,14.2,42.2,0.77,2,1.19,26.36,-3.11,27.03,42.38,1.96
6669.TW NU FLUT RHM RDDT,9.9,39.9,0.66,1,1.43,26.36,-2.86,29.52,38.51,1.11
6669.TW NU FLUT 1810.HK RDDT,9.7,38.7,0.65,2,1.15,26.36,-4.4,29.11,39.67,0.24
6669.TW NU FLUT AVGO RHM,9.8,44.6,0.65,2,1.32,26.34,-1.4,29.43,38.07,1.87
6669.TW NU FLUT 300750.SZ ORCL,9.0,36.9,0.6,2,1.04,26.34,-3.85,29.57,38.69,-0.3
6669.TW NU FLUT 1810.HK AVGO,9.6,43.4,0.64,2,1.03,26.34,-2.88,29.02,39.24,1.02
NU VTEX FLUT PAX RHM,10.9,35.9,0.64,2,1.23,26.32,0.44,28.17,39.35,2.5
NU VTEX FLUT RHM ADYEN,13.8,37.6,0.73,2,1.4,26.32,-0.16,27.76,40.2,3.08
6669.TW VTEX FLUT NVDA UBER,9.9,45.2,0.71,2,1.29,26.32,-4.49,28.54,40.47,-0.17
NU VTEX FLUT PAX 1810.HK,10.7,34.7,0.63,2,0.94,26.32,-0.95,27.75,40.49,1.66
NU VTEX FLUT 1810.HK ADYEN,13.5,36.3,0.72,2,1.12,26.32,-1.58,27.33,41.32,2.26
VTEX FLUT DLO 1810.HK RHM,14.0,39.0,0.75,2,1.17,26.31,-1.41,26.77,42.05,2.5
NU VTEX FLUT DLO UBER,12.7,36.8,0.69,2,1.02,26.31,-0.36,27.38,40.79,2.26
6669.TW VTEX DLO ORCL RDDT,10.9,30.0,0.71,2,1.34,26.31,-3.68,28.12,40.79,0.62
VTEX FLUT AVGO RHM RDDT,15.5,43.5,0.8,2,1.53,26.3,-2.52,27.09,41.92,2.66
VTEX FLUT 300750.SZ ORCL RDDT,13.6,35.7,0.75,2,1.25,26.3,-5.05,27.24,42.49,0.53
VTEX FLUT 1810.HK AVGO RDDT,15.1,42.2,0.79,2,1.24,26.3,-4.04,26.66,43.0,1.82
6669.TW VTEX FLUT PAX TSM,8.7,32.8,0.66,1,1.09,26.3,-1.71,29.75,37.51,1.04
6669.TW VTEX FLUT TSM ADYEN,10.5,34.5,0.75,1,1.27,26.3,-2.35,29.35,38.4,1.64
6669.TW VTEX DLO AVGO ORCL,10.8,34.7,0.7,3,1.22,26.28,-2.19,28.03,40.38,1.4
6669.TW VTEX 300750.SZ DLO RDDT,10.6,33.1,0.71,2,1.08,26.28,-2.36,27.9,40.63,1.43
NU VTEX FLUT NVDA RDDT,13.8,43.9,0.76,2,1.45,26.28,-3.43,27.25,41.92,0.84
VTEX FLUT 300750.SZ AVGO ORCL,13.4,40.4,0.74,2,1.14,26.28,-3.5,27.15,42.09,1.3
6669.TW NU FLUT ORCL RHM,9.5,38.2,0.63,2,1.38,26.28,-3.25,29.63,38.19,0.44
6669.TW NU FLUT 1810.HK ORCL,9.3,36.9,0.62,2,1.09,26.27,-4.81,29.22,39.36,-0.45
6669.TW VTEX 300750.SZ DLO AVGO,10.4,37.8,0.7,2,0.96,26.26,-0.94,27.81,40.21,2.18
NU VTEX FLUT AVGO NVDA,13.6,48.6,0.76,2,1.33,26.26,-1.95,27.16,41.52,1.6
6669.TW NU FLUT 300750.SZ RHM,9.2,41.2,0.63,1,1.12,26.25,-1.95,29.42,38.02,1.25
6669.TW NU FLUT 300750.SZ 1810.HK,9.1,40.0,0.61,2,0.83,26.25,-3.45,29.01,39.19,0.38
VTEX FLUT ORCL RHM RDDT,14.8,37.0,0.78,2,1.59,26.24,-4.43,27.31,42.03,1.26
VTEX FLUT 1810.HK ORCL RDDT,14.4,35.7,0.77,2,1.3,26.23,-6.05,26.88,43.11,0.39
6669.TW NU VTEX PAX RDDT,9.1,30.0,0.62,2,1.19,26.23,-1.32,28.92,38.53,1.29
6669.TW NU VTEX ADYEN RDDT,11.0,31.7,0.71,2,1.37,26.23,-1.96,28.52,39.4,1.89
6669.TW VTEX DLO RHM RDDT,11.3,34.3,0.74,2,1.42,26.22,-1.79,27.97,40.15,2.14
VTEX FLUT AVGO ORCL RHM,14.6,41.7,0.77,2,1.48,26.22,-2.91,27.22,41.63,2.02
6669.TW VTEX DLO 1810.HK RDDT,11.1,33.1,0.73,2,1.13,26.22,-3.28,27.54,41.28,1.29
VTEX FLUT 300750.SZ RHM RDDT,14.2,40.1,0.77,2,1.33,26.21,-3.08,27.08,41.87,2.05
VTEX FLUT 1810.HK AVGO ORCL,14.2,40.5,0.76,2,1.19,26.21,-4.45,26.79,42.72,1.16
VTEX FLUT 300750.SZ 1810.HK RDDT,13.8,38.8,0.76,2,1.04,26.21,-4.64,26.65,42.95,1.2
6669.TW NU VTEX PAX AVGO,9.0,34.7,0.61,2,1.07,26.21,0.06,28.83,38.09,2.05
6669.TW NU VTEX AVGO ADYEN,10.8,36.4,0.7,2,1.25,26.21,-0.55,28.43,38.97,2.63
6669.TW VTEX DLO AVGO RHM,11.1,39.0,0.73,2,1.3,26.2,-0.38,27.88,39.74,2.88
6669.TW VTEX 300750.SZ DLO ORCL,10.1,31.3,0.67,2,1.02,26.2,-2.75,28.02,40.33,0.77
NU VTEX FLUT ORCL NVDA,13.0,42.2,0.73,2,1.39,26.19,-3.83,27.38,41.63,0.16
6669.TW VTEX DLO 1810.HK AVGO,10.9,37.8,0.72,2,1.01,26.19,-1.81,27.45,40.87,2.05
VTEX FLUT 300750.SZ AVGO RHM,13.9,44.8,0.77,1,1.21,26.19,-1.62,26.99,41.47,2.79
VTEX FLUT 300750.SZ 1810.HK AVGO,13.6,43.5,0.76,2,0.93,26.19,-3.11,26.56,42.56,1.96
6669.TW NU FLUT 1810.HK RHM,9.6,41.2,0.65,2,1.17,26.19,-2.86,29.07,38.7,1.11
6669.TW NU VTEX DLO NVDA,10.2,39.5,0.69,2,1.22,26.18,-1.24,28.03,39.74,1.07
NU VTEX FLUT 300750.SZ NVDA,12.5,45.2,0.73,1,1.13,26.17,-2.51,27.15,41.47,0.98
VTEX FLUT 1810.HK RHM RDDT,15.1,40.1,0.79,2,1.38,26.15,-4.02,26.72,42.5,1.92
6669.TW NU VTEX PAX ORCL,8.7,28.2,0.59,2,1.13,26.15,-1.7,29.04,38.21,0.62
6669.TW NU VTEX ORCL ADYEN,10.5,29.9,0.68,2,1.31,26.15,-2.34,28.64,39.09,1.24
NU VTEX FLUT UBER RDDT,13.6,37.9,0.73,2,1.24,26.14,-2.88,27.33,41.26,1.66
6669.TW VTEX DLO ORCL RHM,10.8,32.5,0.7,2,1.36,26.13,-2.17,28.09,39.85,1.49
6669.TW VTEX DLO 1810.HK ORCL,10.6,31.3,0.69,2,1.07,26.13,-3.68,27.67,40.98,0.62
VTEX FLUT 300750.SZ ORCL RHM,13.4,38.3,0.74,1,1.27,26.13,-3.48,27.21,41.58,1.4
VTEX FLUT 1810.HK AVGO RHM,14.8,44.8,0.79,2,1.27,26.13,-2.52,26.62,42.1,2.66
VTEX FLUT 300750.SZ 1810.HK ORCL,13.1,37.0,0.73,2,0.99,26.12,-5.05,26.78,42.67,0.53
NU VTEX FLUT AVGO UBER,13.4,42.6,0.73,1,1.12,26.12,-1.43,27.23,40.85,2.41
6669.TW VTEX AVGO ORCL RDDT,11.4,35.8,0.75,3,1.44,26.12,-4.87,27.98,40.85,0.79
6669.TW NU VTEX 300750.SZ PAX,8.5,31.3,0.58,2,0.87,26.12,-0.46,28.82,38.04,1.43
6669.TW NU VTEX 300750.SZ ADYEN,10.2,33.0,0.67,2,1.05,26.12,-1.08,28.42,38.92,2.03
6669.TW NU FLUT DLO PAX,8.0,32.8,0.54,3,0.99,26.11,0.11,29.49,36.69,0.86
6669.TW NU FLUT DLO ADYEN,9.4,34.5,0.62,3,1.17,26.11,-0.5,29.09,37.59,1.46
6669.TW VTEX 300750.SZ DLO RHM,10.4,35.6,0.7,1,1.1,26.11,-0.91,27.87,39.68,2.28
NU VTEX FLUT RHM NVDA,13.6,46.5,0.76,1,1.47,26.11,-1.93,27.22,41.0,1.7
6669.TW VTEX 300750.SZ DLO 1810.HK,10.2,34.4,0.69,1,0.81,26.11,-2.36,27.44,40.81,1.43
NU VTEX FLUT 1810.HK NVDA,13.2,45.2,0.75,2,1.18,26.1,-3.43,26.79,42.1,0.84
6669.TW VTEX 300750.SZ AVGO RDDT,11.1,38.9,0.74,2,1.18,26.1,-3.51,27.76,40.69,1.59
6669.TW FLUT DLO AVGO RDDT,10.2,40.3,0.7,2,1.3,26.09,-2.88,28.45,39.41,1.02
6669.TW VTEX FLUT NVDA TSM,10.3,43.4,0.78,2,1.34,26.08,-4.24,28.83,39.23,0.2
VTEX FLUT DLO PAX RDDT,11.4,31.6,0.68,2,1.21,26.07,-0.95,27.16,40.65,1.66
VTEX FLUT DLO ADYEN RDDT,14.6,33.3,0.77,2,1.38,26.07,-1.58,26.74,41.48,2.26
VTEX FLUT 1810.HK ORCL RHM,14.2,38.3,0.76,2,1.33,26.06,-4.43,26.84,42.21,1.26
NU VTEX FLUT DLO TSM,13.3,35.1,0.76,2,1.07,26.06,-0.14,27.67,39.56,2.59
NU VTEX FLUT ORCL UBER,12.9,36.1,0.7,1,1.18,26.06,-3.28,27.45,40.96,1.0
6669.TW NU VTEX PAX RHM,9.0,32.5,0.62,2,1.21,26.06,0.08,28.89,37.54,2.14
6669.TW NU VTEX RHM ADYEN,10.8,34.2,0.7,2,1.39,26.06,-0.53,28.48,38.42,2.72
6669.TW NU VTEX PAX 1810.HK,8.8,31.3,0.61,2,0.92,26.06,-1.32,28.47,38.72,1.29
6669.TW NU VTEX 1810.HK ADYEN,10.6,33.0,0.69,2,1.1,26.06,-1.96,28.06,39.59,1.89
VTEX FLUT DLO PAX AVGO,11.2,36.3,0.68,2,1.09,26.05,0.42,27.07,40.24,2.41
VTEX FLUT DLO AVGO ADYEN,14.3,38.0,0.77,2,1.27,26.05,-0.19,26.65,41.07,2.99
6669.TW VTEX DLO 1810.HK RHM,10.9,35.6,0.72,1,1.15,26.04,-1.79,27.51,40.34,2.14
6669.TW NU VTEX DLO UBER,10.1,33.4,0.66,2,1.01,26.04,-0.73,28.11,39.04,1.89
VTEX FLUT 300750.SZ 1810.HK RHM,13.6,41.4,0.76,2,1.06,26.04,-3.08,26.61,42.05,2.05
6669.TW VTEX AVGO RHM RDDT,11.9,40.1,0.78,2,1.52,26.04,-2.91,27.83,40.21,2.3
NU VTEX FLUT 300750.SZ UBER,12.4,39.2,0.7,1,0.92,26.03,-1.98,27.23,40.8,1.8
6669.TW VTEX 300750.SZ ORCL RDDT,10.7,32.4,0.72,2,1.24,26.03,-5.48,27.98,40.8,0.15
6669.TW VTEX 1810.HK AVGO RDDT,11.6,38.9,0.77,2,1.23,26.03,-4.45,27.4,41.33,1.45
6669.TW FLUT DLO ORCL RDDT,9.9,33.9,0.67,2,1.36,26.03,-4.81,28.66,39.53,-0.45
6669.TW NU VTEX NVDA RDDT,10.8,40.6,0.74,2,1.43,26.01,-3.83,27.98,40.21,0.46
6669.TW VTEX 300750.SZ AVGO ORCL,10.5,37.1,0.71,3,1.12,26.01,-3.91,27.88,40.38,0.93
6669.TW FLUT DLO AVGO ORCL,9.7,38.6,0.66,3,1.24,26.01,-3.27,28.57,39.1,0.35
6669.TW FLUT 300750.SZ DLO RDDT,9.6,36.9,0.67,1,1.09,26.0,-3.45,28.44,39.36,0.38
6669.TW NU VTEX AVGO NVDA,10.7,45.3,0.73,3,1.32,25.99,-2.34,27.89,39.79,1.23
VTEX FLUT DLO PAX ORCL,10.9,29.8,0.65,2,1.15,25.99,-1.32,27.29,40.35,1.0
VTEX FLUT DLO ORCL ADYEN,13.7,31.5,0.74,2,1.33,25.99,-1.96,26.87,41.19,1.61
6669.TW FLUT 300750.SZ DLO AVGO,9.5,41.6,0.66,2,0.98,25.98,-1.97,28.34,38.93,1.16
NU VTEX FLUT RHM UBER,13.4,40.5,0.73,1,1.26,25.97,-1.41,27.29,40.33,2.5
6669.TW VTEX ORCL RHM RDDT,11.4,33.6,0.75,2,1.58,25.97,-4.84,28.04,40.33,0.88
NU VTEX FLUT 1810.HK UBER,13.1,39.2,0.72,2,0.97,25.97,-2.88,26.86,41.44,1.66
6669.TW VTEX 1810.HK ORCL RDDT,11.2,32.4,0.74,2,1.29,25.97,-6.49,27.62,41.44,0.0
VTEX FLUT 300750.SZ DLO PAX,10.5,32.9,0.65,2,0.89,25.96,-0.1,27.06,40.18,1.8
VTEX FLUT 300750.SZ DLO ADYEN,13.2,34.6,0.74,2,1.06,25.96,-0.71,26.64,41.02,2.39
6669.TW NU FLUT PAX RDDT,8.3,33.9,0.58,2,1.21,25.95,-2.38,29.44,37.2,0.24
6669.TW NU FLUT ADYEN RDDT,9.9,35.6,0.67,2,1.38,25.95,-3.04,29.05,38.09,0.86
6669.TW VTEX AVGO ORCL RHM,11.3,38.3,0.74,3,1.46,25.95,-3.3,27.95,39.91,1.65
6669.TW VTEX 300750.SZ RHM RDDT,11.1,36.7,0.75,2,1.31,25.95,-3.48,27.82,40.16,1.68
6669.TW VTEX 1810.HK AVGO ORCL,11.1,37.1,0.73,3,1.17,25.95,-4.87,27.52,41.03,0.79
6669.TW VTEX FLUT UBER TSM,10.2,37.4,0.75,1,1.12,25.94,-3.68,28.9,38.53,1.04
6669.TW VTEX 300750.SZ 1810.HK RDDT,10.9,35.5,0.74,2,1.03,25.94,-5.06,27.39,41.28,0.82
6669.TW FLUT DLO RHM RDDT,10.2,38.2,0.7,1,1.43,25.94,-2.86,28.5,38.87,1.11
6669.TW FLUT DLO 1810.HK RDDT,10.0,36.9,0.69,2,1.15,25.94,-4.4,28.08,40.02,0.24
6669.TW NU FLUT PAX AVGO,8.2,38.6,0.57,2,1.09,25.93,-0.95,29.36,36.75,1.02
6669.TW NU FLUT AVGO ADYEN,9.8,40.3,0.66,2,1.27,25.93,-1.58,28.95,37.65,1.62
6669.TW NU VTEX ORCL NVDA,10.3,38.8,0.7,3,1.38,25.93,-4.24,28.11,39.91,-0.23
6669.TW VTEX 300750.SZ AVGO RHM,10.9,41.4,0.74,2,1.2,25.93,-2.0,27.72,39.74,2.43
6669.TW VTEX 300750.SZ 1810.HK AVGO,10.7,40.2,0.73,2,0.91,25.92,-3.51,27.3,40.87,1.59
6669.TW FLUT DLO AVGO RHM,10.0,42.9,0.69,2,1.32,25.92,-1.4,28.41,38.44,1.87
6669.TW FLUT 300750.SZ DLO ORCL,9.2,35.1,0.63,2,1.04,25.92,-3.85,28.56,39.05,-0.3
6669.TW FLUT DLO 1810.HK AVGO,9.9,41.7,0.68,2,1.03,25.91,-2.88,27.99,39.6,1.02
NU VTEX FLUT PAX ADYEN,10.9,31.5,0.65,3,1.18,25.91,0.28,27.69,38.94,2.26
6669.TW NU VTEX 300750.SZ NVDA,10.0,41.9,0.7,2,1.12,25.9,-2.9,27.88,39.74,0.6
VTEX FLUT DLO PAX RHM,11.3,34.1,0.68,2,1.23,25.9,0.44,27.13,39.71,2.5
VTEX FLUT DLO RHM ADYEN,14.3,35.8,0.77,2,1.4,25.9,-0.16,26.7,40.55,3.08
NU VTEX FLUT TSM RDDT,14.4,36.2,0.8,2,1.28,25.9,-2.65,27.62,40.04,2.01
VTEX FLUT DLO PAX 1810.HK,11.0,32.9,0.67,2,0.94,25.9,-0.95,26.69,40.84,1.66
VTEX FLUT DLO 1810.HK ADYEN,14.0,34.6,0.76,2,1.12,25.9,-1.58,26.27,41.66,2.26
6669.TW NU FLUT DLO NVDA,9.3,43.4,0.65,2,1.24,25.9,-2.28,28.57,38.44,0.01
VTEX FLUT PAX AVGO RDDT,12.0,37.4,0.72,2,1.31,25.89,-2.04,27.02,40.71,1.82
VTEX FLUT AVGO ADYEN RDDT,15.5,39.1,0.81,2,1.48,25.89,-2.7,26.6,41.54,2.41
6669.TW VTEX 1810.HK RHM RDDT,11.6,36.7,0.77,2,1.37,25.88,-4.43,27.46,40.81,1.55
6669.TW NU VTEX UBER RDDT,10.7,34.5,0.71,2,1.22,25.88,-3.28,28.06,39.52,1.29
NU VTEX FLUT AVGO TSM,14.1,40.9,0.8,1,1.17,25.88,-1.21,27.53,39.62,2.75
6669.TW NU FLUT PAX ORCL,8.0,32.1,0.55,2,1.15,25.87,-2.76,29.56,36.87,-0.45
6669.TW NU FLUT ORCL ADYEN,9.5,33.8,0.64,2,1.33,25.87,-3.43,29.16,37.77,0.18
6669.TW VTEX 300750.SZ ORCL RHM,10.6,34.9,0.71,2,1.26,25.86,-3.88,27.94,39.85,1.03
6669.TW VTEX 1810.HK AVGO RHM,11.5,41.4,0.76,2,1.25,25.86,-2.91,27.36,40.4,2.3
6669.TW VTEX 300750.SZ 1810.HK ORCL,10.4,33.7,0.7,2,0.97,25.86,-5.48,27.51,40.98,0.15
VTEX FLUT DLO NVDA RDDT,14.3,42.2,0.8,2,1.45,25.86,-3.43,26.18,42.26,0.84
6669.TW NU VTEX AVGO UBER,10.6,39.3,0.7,2,1.11,25.86,-1.81,27.96,39.1,2.05
6669.TW FLUT DLO ORCL RHM,9.8,36.4,0.66,2,1.38,25.85,-3.25,28.62,38.56,0.44
6669.TW FLUT DLO 1810.HK ORCL,9.6,35.2,0.65,2,1.09,25.85,-4.81,28.2,39.72,-0.45
6669.TW FLUT AVGO ORCL RDDT,10.3,39.7,0.71,3,1.46,25.84,-6.04,28.52,39.58,-0.28
6669.TW NU VTEX RHM NVDA,10.7,43.1,0.73,2,1.46,25.84,-2.31,27.95,39.26,1.33
6669.TW NU FLUT 300750.SZ PAX,7.9,35.2,0.55,2,0.89,25.84,-1.49,29.35,36.69,0.38
6669.TW NU FLUT 300750.SZ ADYEN,9.2,36.8,0.63,2,1.07,25.84,-2.13,28.95,37.6,1.0
6669.TW NU VTEX 1810.HK NVDA,10.5,41.9,0.72,2,1.17,25.84,-3.83,27.52,40.4,0.46
VTEX FLUT DLO AVGO NVDA,14.1,46.9,0.79,2,1.33,25.83,-1.95,26.09,41.86,1.6
6669.TW FLUT 300750.SZ DLO RHM,9.5,39.5,0.66,1,1.12,25.83,-1.95,28.4,38.38,1.25
6669.TW FLUT 300750.SZ DLO 1810.HK,9.3,38.2,0.65,2,0.83,25.83,-3.45,27.98,39.55,0.38
VTEX FLUT PAX ORCL RDDT,11.6,30.9,0.7,2,1.37,25.83,-3.92,27.24,40.82,0.39
VTEX FLUT ORCL ADYEN RDDT,14.8,32.6,0.79,2,1.54,25.83,-4.62,26.82,41.65,1.0
6669.TW FLUT 300750.SZ AVGO RDDT,10.0,42.7,0.71,2,1.19,25.82,-4.63,28.3,39.42,0.55
NU VTEX FLUT ORCL TSM,13.5,34.4,0.77,1,1.23,25.81,-3.04,27.74,39.74,1.36
6669.TW VTEX DLO PAX RDDT,9.3,28.2,0.66,2,1.19,25.81,-1.32,27.89,38.89,1.29
6669.TW VTEX DLO ADYEN RDDT,11.3,29.9,0.75,2,1.37,25.81,-1.96,27.48,39.75,1.89
VTEX FLUT PAX AVGO ORCL,11.4,35.6,0.69,2,1.25,25.8,-2.43,27.14,40.41,1.16
VTEX FLUT AVGO ORCL ADYEN,14.5,37.3,0.78,2,1.43,25.8,-3.09,26.72,41.24,1.77
VTEX FLUT 300750.SZ PAX RDDT,11.2,34.0,0.69,2,1.1,25.8,-2.6,27.01,40.66,1.2
VTEX FLUT 300750.SZ ADYEN RDDT,14.2,35.7,0.78,2,1.28,25.8,-3.26,26.59,41.49,1.8
6669.TW VTEX 1810.HK ORCL RHM,11.1,34.9,0.73,2,1.31,25.8,-4.84,27.58,40.51,0.88
6669.TW NU VTEX DLO TSM,10.5,31.7,0.73,2,1.05,25.8,-0.51,28.39,37.76,2.23
6669.TW NU VTEX ORCL UBER,10.2,32.8,0.67,2,1.17,25.79,-3.68,28.18,39.22,0.62
NU VTEX FLUT 300750.SZ TSM,13.0,37.5,0.77,1,0.97,25.79,-1.75,27.52,39.57,2.14
6669.TW VTEX DLO PAX AVGO,9.2,32.9,0.65,2,1.07,25.79,0.06,27.8,38.46,2.05
6669.TW VTEX DLO AVGO ADYEN,11.1,34.6,0.74,2,1.25,25.79,-0.55,27.39,39.33,2.63
VTEX FLUT 300750.SZ PAX AVGO,11.0,38.7,0.69,1,0.99,25.78,-1.16,26.91,40.24,1.96
VTEX FLUT 300750.SZ AVGO ADYEN,13.9,40.4,0.78,1,1.16,25.78,-1.8,26.49,41.08,2.54
6669.TW NU FLUT PAX RHM,8.3,36.4,0.58,2,1.23,25.78,-0.92,29.41,36.18,1.11
6669.TW NU FLUT RHM ADYEN,9.8,38.1,0.67,2,1.41,25.78,-1.55,29.01,37.09,1.72
6669.TW NU FLUT PAX 1810.HK,8.1,35.2,0.57,2,0.94,25.78,-2.38,29.0,37.4,0.24
6669.TW NU FLUT 1810.HK ADYEN,9.6,36.9,0.65,2,1.12,25.78,-3.04,28.6,38.29,0.86
6669.TW VTEX 300750.SZ 1810.HK RHM,10.7,38.0,0.73,1,1.05,25.77,-3.48,27.35,40.35,1.68
VTEX FLUT DLO ORCL NVDA,13.5,40.4,0.77,2,1.39,25.77,-3.83,26.31,41.97,0.16
6669.TW NU VTEX 300750.SZ UBER,9.9,35.8,0.67,1,0.9,25.77,-2.36,27.96,39.04,1.43
6669.TW FLUT DLO 1810.HK RHM,9.9,39.5,0.68,2,1.17,25.76,-2.86,28.05,39.06,1.11
6669.TW NU FLUT DLO UBER,9.2,37.3,0.62,2,1.02,25.76,-1.76,28.64,37.72,0.86
6669.TW FLUT AVGO RHM RDDT,10.6,44.0,0.74,2,1.53,25.76,-4.01,28.36,38.93,1.27
6669.TW FLUT 300750.SZ ORCL RDDT,9.7,36.2,0.68,2,1.25,25.75,-6.68,28.51,39.53,-0.94
6669.TW FLUT 1810.HK AVGO RDDT,10.4,42.8,0.73,2,1.25,25.75,-5.62,27.94,40.08,0.4
VTEX FLUT 300750.SZ DLO NVDA,13.0,43.5,0.76,1,1.13,25.75,-2.51,26.08,41.81,0.98
VTEX FLUT PAX RHM RDDT,12.0,35.2,0.73,2,1.44,25.74,-2.02,27.08,40.18,1.92
VTEX FLUT RHM ADYEN RDDT,15.5,36.9,0.81,2,1.62,25.74,-2.67,26.65,41.02,2.5
VTEX FLUT PAX 1810.HK RDDT,11.7,34.0,0.71,2,1.16,25.74,-3.52,26.64,41.3,1.06
VTEX FLUT 1810.HK ADYEN RDDT,15.1,35.7,0.8,2,1.33,25.74,-4.21,26.22,42.12,1.66
6669.TW NU FLUT NVDA RDDT,9.8,44.5,0.7,2,1.45,25.73,-4.97,28.52,38.93,-0.62
6669.TW FLUT 300750.SZ AVGO ORCL,9.6,41.0,0.67,3,1.14,25.73,-5.05,28.42,39.11,-0.14
NU VTEX FLUT RHM TSM,14.1,38.7,0.8,1,1.31,25.73,-1.19,27.59,39.08,2.84
NU VTEX FLUT 1810.HK TSM,13.8,37.5,0.79,2,1.02,25.72,-2.65,27.16,40.23,2.01
6669.TW VTEX DLO PAX ORCL,8.9,26.5,0.62,2,1.13,25.72,-1.7,28.02,38.58,0.62
6669.TW VTEX DLO ORCL ADYEN,10.8,28.1,0.71,2,1.31,25.72,-2.34,27.6,39.45,1.24
VTEX FLUT DLO UBER RDDT,14.1,36.2,0.77,2,1.24,25.72,-2.88,26.26,41.6,1.66
VTEX FLUT PAX AVGO RHM,11.8,40.0,0.72,1,1.33,25.72,-0.61,26.98,39.76,2.66
VTEX FLUT AVGO RHM ADYEN,15.2,41.6,0.81,1,1.5,25.72,-1.23,26.56,40.61,3.23
VTEX FLUT 300750.SZ PAX ORCL,10.7,32.2,0.66,1,1.05,25.72,-2.99,27.13,40.35,0.53
VTEX FLUT 300750.SZ ORCL ADYEN,13.4,33.9,0.75,1,1.22,25.72,-3.66,26.71,41.19,1.14
VTEX FLUT PAX 1810.HK AVGO,11.6,38.7,0.71,2,1.04,25.71,-2.04,26.55,40.89,1.82
VTEX FLUT 1810.HK AVGO ADYEN,14.8,40.4,0.8,2,1.22,25.71,-2.7,26.12,41.72,2.41
6669.TW NU FLUT AVGO NVDA,9.7,49.2,0.69,3,1.34,25.71,-3.42,28.43,38.5,0.18
6669.TW NU VTEX RHM UBER,10.6,37.1,0.7,1,1.24,25.71,-1.79,28.02,38.55,2.14
6669.TW NU VTEX 1810.HK UBER,10.4,35.9,0.69,1,0.96,25.7,-3.28,27.6,39.71,1.29
VTEX FLUT DLO AVGO UBER,13.9,40.9,0.76,1,1.12,25.7,-1.43,26.16,41.2,2.41
6669.TW VTEX 300750.SZ DLO PAX,8.7,29.5,0.62,2,0.87,25.7,-0.46,27.79,38.41,1.43
6669.TW VTEX 300750.SZ DLO ADYEN,10.4,31.2,0.71,2,1.05,25.7,-1.08,27.38,39.28,2.03
NU VTEX FLUT PAX NVDA,10.8,40.4,0.68,2,1.25,25.7,-1.47,27.14,39.76,0.84
NU VTEX FLUT NVDA ADYEN,13.6,42.1,0.77,2,1.42,25.69,-2.11,26.72,40.61,1.45
6669.TW FLUT ORCL RHM RDDT,10.3,37.5,0.71,2,1.59,25.69,-6.02,28.57,39.05,-0.18
6669.TW FLUT 1810.HK ORCL RDDT,10.1,36.3,0.7,2,1.31,25.69,-7.73,28.15,40.19,-1.09
VTEX FLUT DLO RHM NVDA,14.1,44.7,0.79,1,1.47,25.68,-1.93,26.15,41.35,1.7
VTEX FLUT DLO 1810.HK NVDA,13.7,43.5,0.78,2,1.18,25.68,-3.43,25.7,42.44,0.84
VTEX FLUT AVGO NVDA RDDT,15.2,48.0,0.84,2,1.55,25.67,-4.61,26.04,42.32,1.0
6669.TW FLUT AVGO ORCL RHM,10.2,42.2,0.7,3,1.48,25.67,-4.42,28.48,38.62,0.61
6669.TW FLUT 300750.SZ RHM RDDT,10.0,40.6,0.71,1,1.33,25.67,-4.61,28.35,38.87,0.64
6669.TW FLUT 1810.HK AVGO ORCL,10.0,41.0,0.69,3,1.19,25.67,-6.04,28.06,39.77,-0.28
6669.TW FLUT 300750.SZ 1810.HK RDDT,9.8,39.3,0.7,2,1.04,25.66,-6.24,27.93,40.02,-0.24
VTEX FLUT PAX ORCL RHM,11.4,33.5,0.69,1,1.39,25.65,-2.4,27.2,39.88,1.26
VTEX FLUT ORCL RHM ADYEN,14.6,35.2,0.78,1,1.56,25.65,-3.06,26.78,40.72,1.86
VTEX FLUT PAX 1810.HK ORCL,11.2,32.2,0.68,2,1.1,25.65,-3.92,26.77,41.0,0.39
VTEX FLUT 1810.HK ORCL ADYEN,14.2,33.9,0.77,2,1.28,25.65,-4.62,26.34,41.83,1.0
6669.TW NU FLUT ORCL NVDA,9.4,42.7,0.66,3,1.4,25.65,-5.39,28.64,38.62,-1.33
6669.TW NU VTEX PAX ADYEN,9.0,28.2,0.62,3,1.16,25.65,-0.08,28.41,37.11,1.89
6669.TW FLUT 300750.SZ AVGO RHM,9.9,45.3,0.7,2,1.22,25.64,-3.08,28.26,38.44,1.41
6669.TW FLUT 300750.SZ 1810.HK AVGO,9.7,44.0,0.69,2,0.93,25.64,-4.63,27.84,39.6,0.55
VTEX FLUT DLO ORCL UBER,13.3,34.4,0.74,1,1.18,25.63,-3.28,26.39,41.31,1.0
6669.TW VTEX DLO PAX RHM,9.2,30.8,0.65,2,1.21,25.63,0.08,27.86,37.91,2.14
6669.TW VTEX DLO RHM ADYEN,11.1,32.5,0.74,2,1.39,25.63,-0.53,27.44,38.79,2.72
6669.TW NU VTEX TSM RDDT,11.2,32.8,0.78,2,1.27,25.63,-3.04,28.35,38.26,1.64
6669.TW VTEX DLO PAX 1810.HK,9.0,29.5,0.64,2,0.92,25.63,-1.32,27.43,39.08,1.29
6669.TW VTEX DLO 1810.HK ADYEN,10.9,31.2,0.73,2,1.1,25.63,-1.96,27.01,39.94,1.89
VTEX FLUT 300750.SZ PAX RHM,11.0,36.5,0.69,1,1.13,25.63,-1.14,26.97,39.71,2.05
VTEX FLUT 300750.SZ RHM ADYEN,14.0,38.2,0.78,1,1.3,25.63,-1.77,26.55,40.56,2.64
VTEX FLUT 300750.SZ PAX 1810.HK,10.8,35.3,0.68,2,0.84,25.62,-2.6,26.54,40.84,1.2
VTEX FLUT 300750.SZ 1810.HK ADYEN,13.6,37.0,0.77,2,1.01,25.62,-3.26,26.11,41.67,1.8
6669.TW NU FLUT 300750.SZ NVDA,9.1,45.7,0.66,2,1.13,25.62,-4.01,28.42,38.44,-0.47
6669.TW VTEX PAX AVGO RDDT,9.7,34.0,0.7,2,1.29,25.62,-2.43,27.75,38.95,1.45
6669.TW VTEX AVGO ADYEN RDDT,11.8,35.7,0.78,2,1.47,25.62,-3.09,27.34,39.81,2.05
VTEX FLUT 300750.SZ DLO UBER,12.8,37.4,0.73,1,0.92,25.61,-1.98,26.15,41.14,1.8
6669.TW NU VTEX AVGO TSM,11.0,37.5,0.77,2,1.15,25.61,-1.58,28.25,37.82,2.39
VTEX FLUT ORCL NVDA RDDT,14.5,41.5,0.81,2,1.61,25.61,-6.65,26.26,42.43,-0.47
6669.TW FLUT 1810.HK RHM RDDT,10.4,40.6,0.73,2,1.38,25.6,-5.59,28.0,39.54,0.5
6669.TW NU FLUT UBER RDDT,9.7,38.4,0.67,1,1.24,25.6,-4.4,28.59,38.22,0.24
6669.TW VTEX DLO NVDA RDDT,11.1,38.8,0.77,2,1.43,25.59,-3.83,26.93,40.56,0.46
VTEX FLUT AVGO ORCL NVDA,14.3,46.2,0.8,3,1.49,25.59,-5.02,26.16,42.03,0.33
VTEX FLUT 300750.SZ NVDA RDDT,13.9,44.6,0.81,2,1.35,25.58,-5.21,26.03,42.27,0.36
6669.TW FLUT 300750.SZ ORCL RHM,9.6,38.8,0.67,2,1.28,25.58,-5.02,28.47,38.56,-0.04
6669.TW FLUT 1810.HK AVGO RHM,10.3,45.3,0.72,2,1.27,25.58,-4.01,27.91,39.12,1.27
6669.TW FLUT 300750.SZ 1810.HK ORCL,9.4,37.6,0.66,2,0.99,25.58,-6.68,28.05,39.72,-0.94
6669.TW NU FLUT AVGO UBER,9.6,43.1,0.66,2,1.12,25.58,-2.88,28.5,37.78,1.02
6669.TW VTEX DLO AVGO NVDA,11.0,43.5,0.76,3,1.32,25.57,-2.34,26.84,40.15,1.23
VTEX FLUT PAX 1810.HK RHM,11.6,36.6,0.71,2,1.18,25.56,-2.02,26.61,40.37,1.92
VTEX FLUT 1810.HK RHM ADYEN,14.8,38.2,0.8,2,1.35,25.56,-2.67,26.18,41.2,2.5
VTEX FLUT 300750.SZ AVGO NVDA,13.7,49.3,0.8,2,1.23,25.56,-3.66,25.93,41.86,1.14
6669.TW NU FLUT RHM NVDA,9.7,47.0,0.69,2,1.47,25.56,-3.4,28.48,37.95,0.28
NU VTEX FLUT PAX UBER,10.7,34.4,0.65,2,1.03,25.56,-0.95,27.22,39.07,1.66
NU VTEX FLUT UBER ADYEN,13.4,36.1,0.74,2,1.21,25.56,-1.58,26.8,39.93,2.26
6669.TW VTEX PAX ORCL RDDT,9.4,27.6,0.67,2,1.35,25.56,-4.33,27.97,39.07,0.0
6669.TW VTEX ORCL ADYEN RDDT,11.4,29.2,0.76,2,1.53,25.56,-5.03,27.55,39.93,0.62
6669.TW NU FLUT 1810.HK NVDA,9.5,45.8,0.68,2,1.19,25.56,-4.97,28.06,39.12,-0.62
VTEX FLUT DLO RHM UBER,13.9,38.7,0.77,1,1.26,25.55,-1.41,26.22,40.68,2.5
6669.TW NU VTEX ORCL TSM,10.7,31.0,0.74,2,1.21,25.55,-3.44,28.47,37.94,0.98
VTEX FLUT DLO 1810.HK UBER,13.6,37.5,0.75,2,0.97,25.54,-2.88,25.78,41.78,1.66
6669.TW VTEX PAX AVGO ORCL,9.3,32.3,0.66,3,1.23,25.54,-2.82,27.87,38.64,0.79
6669.TW VTEX AVGO ORCL ADYEN,11.3,33.9,0.75,3,1.41,25.54,-3.48,27.46,39.5,1.4
VTEX FLUT AVGO UBER RDDT,15.0,42.0,0.81,2,1.34,25.53,-4.04,26.11,41.66,1.82
6669.TW VTEX 300750.SZ PAX RDDT,9.1,30.6,0.67,2,1.09,25.53,-2.99,27.74,38.9,0.82
6669.TW VTEX 300750.SZ ADYEN RDDT,11.1,32.3,0.76,2,1.26,25.53,-3.67,27.33,39.76,1.43
6669.TW FLUT DLO PAX RDDT,8.5,32.1,0.62,2,1.21,25.53,-2.38,28.43,37.57,0.24
6669.TW FLUT DLO ADYEN RDDT,10.2,33.8,0.71,2,1.38,25.53,-3.04,28.02,38.46,0.86
6669.TW NU VTEX 300750.SZ TSM,10.3,34.1,0.74,1,0.95,25.52,-2.13,28.24,37.76,1.78
VTEX FLUT RHM NVDA RDDT,15.2,45.8,0.84,2,1.69,25.52,-4.58,26.1,41.81,1.1
VTEX FLUT 1810.HK NVDA RDDT,14.8,44.6,0.83,2,1.4,25.52,-6.22,25.65,42.89,0.22
6669.TW FLUT 1810.HK ORCL RHM,10.0,38.8,0.69,2,1.33,25.51,-6.02,28.12,39.24,-0.18
6669.TW NU FLUT DLO TSM,9.5,35.6,0.69,2,1.07,25.51,-1.53,28.92,36.41,1.21
6669.TW NU FLUT ORCL UBER,9.3,36.6,0.63,2,1.18,25.51,-4.81,28.71,37.9,-0.45
6669.TW VTEX 300750.SZ PAX AVGO,9.0,35.3,0.66,2,0.97,25.51,-1.54,27.65,38.47,1.59
6669.TW VTEX 300750.SZ AVGO ADYEN,10.9,37.0,0.75,2,1.15,25.51,-2.18,27.23,39.33,2.18
6669.TW FLUT DLO PAX AVGO,8.4,36.8,0.61,2,1.09,25.5,-0.95,28.34,37.13,1.02
6669.TW FLUT DLO AVGO ADYEN,10.0,38.5,0.7,2,1.27,25.5,-1.58,27.93,38.02,1.62
6669.TW VTEX DLO ORCL NVDA,10.6,37.0,0.74,3,1.38,25.5,-4.24,27.06,40.26,-0.23
VTEX FLUT AVGO RHM NVDA,14.9,50.5,0.83,2,1.57,25.5,-3.06,26.0,41.4,1.86
VTEX FLUT 300750.SZ ORCL NVDA,13.1,42.8,0.78,2,1.29,25.5,-5.64,26.15,41.97,-0.32
VTEX FLUT 1810.HK AVGO NVDA,14.5,49.3,0.82,2,1.28,25.49,-4.61,25.55,42.49,1.0
6669.TW FLUT 300750.SZ 1810.HK RHM,9.7,41.9,0.69,2,1.07,25.49,-4.61,27.9,39.07,0.64
VTEX FLUT DLO PAX ADYEN,11.2,29.8,0.69,3,1.18,25.49,0.28,26.63,39.3,2.26
6669.TW NU FLUT 300750.SZ UBER,9.1,39.7,0.63,1,0.92,25.49,-3.45,28.49,37.73,0.38
6669.TW VTEX 300750.SZ DLO NVDA,10.3,40.1,0.74,2,1.12,25.48,-2.9,26.83,40.09,0.6
VTEX FLUT DLO TSM RDDT,14.9,34.4,0.84,2,1.28,25.47,-2.65,26.56,40.39,2.01
VTEX FLUT ORCL UBER RDDT,14.4,35.5,0.78,2,1.4,25.47,-6.05,26.34,41.77,0.39
6669.TW VTEX PAX RHM RDDT,9.7,31.9,0.7,2,1.43,25.47,-2.41,27.81,38.4,1.55
6669.TW VTEX RHM ADYEN RDDT,11.9,33.6,0.79,2,1.6,25.47,-3.07,27.39,39.27,2.14
6669.TW VTEX PAX 1810.HK RDDT,9.5,30.6,0.69,2,1.14,25.47,-3.93,27.38,39.57,0.68
6669.TW VTEX 1810.HK ADYEN RDDT,11.6,32.3,0.78,2,1.32,25.47,-4.62,26.96,40.42,1.29
6669.TW NU VTEX RHM TSM,11.0,35.4,0.77,1,1.29,25.46,-1.56,28.31,37.26,2.48
6669.TW NU VTEX 1810.HK TSM,10.8,34.1,0.76,1,1.0,25.45,-3.04,27.89,38.45,1.64
6669.TW VTEX DLO UBER RDDT,11.0,32.8,0.74,2,1.22,25.45,-3.28,27.01,39.88,1.29
VTEX FLUT DLO AVGO TSM,14.6,39.1,0.83,1,1.17,25.45,-1.21,26.47,39.98,2.75
VTEX FLUT AVGO ORCL UBER,14.1,40.2,0.78,2,1.28,25.45,-4.45,26.24,41.36,1.16
6669.TW VTEX PAX AVGO RHM,9.6,36.6,0.69,2,1.31,25.45,-0.98,27.72,37.97,2.3
6669.TW VTEX AVGO RHM ADYEN,11.7,38.3,0.78,2,1.49,25.45,-1.61,27.3,38.85,2.88
6669.TW VTEX 300750.SZ PAX ORCL,8.8,28.8,0.63,2,1.03,25.45,-3.39,27.87,38.58,0.15
6669.TW VTEX 300750.SZ ORCL ADYEN,10.6,30.5,0.72,2,1.21,25.45,-4.07,27.45,39.45,0.77
VTEX FLUT 300750.SZ UBER RDDT,13.8,38.5,0.78,2,1.14,25.45,-4.64,26.1,41.61,1.2
6669.TW VTEX PAX 1810.HK AVGO,9.4,35.4,0.68,2,1.02,25.44,-2.43,27.29,39.14,1.45
6669.TW VTEX 1810.HK AVGO ADYEN,11.4,37.0,0.77,2,1.2,25.44,-3.09,26.87,40.0,2.05
6669.TW FLUT DLO PAX ORCL,8.2,30.3,0.58,2,1.15,25.44,-2.76,28.55,37.25,-0.45
6669.TW FLUT DLO ORCL ADYEN,9.7,32.0,0.67,2,1.33,25.44,-3.43,28.14,38.14,0.18
VTEX FLUT ORCL RHM NVDA,14.3,44.0,0.81,2,1.63,25.43,-5.0,26.22,41.51,0.43
VTEX FLUT 1810.HK ORCL NVDA,13.9,42.8,0.8,2,1.34,25.43,-6.65,25.78,42.6,-0.47
6669.TW VTEX DLO AVGO UBER,10.9,37.5,0.74,2,1.11,25.43,-1.81,26.91,39.46,2.05
6669.TW NU VTEX PAX NVDA,8.9,37.1,0.65,2,1.23,25.43,-1.84,27.87,37.97,0.46
6669.TW NU VTEX NVDA ADYEN,10.7,38.7,0.74,2,1.41,25.43,-2.49,27.46,38.85,1.07
VTEX FLUT 300750.SZ AVGO UBER,13.5,43.3,0.77,1,1.02,25.42,-3.11,26.01,41.2,1.96
6669.TW NU FLUT RHM UBER,9.6,41.0,0.66,1,1.26,25.42,-2.86,28.55,37.22,1.11
6669.TW NU FLUT 1810.HK UBER,9.4,39.7,0.65,2,0.97,25.42,-4.4,28.14,38.42,0.24
6669.TW VTEX DLO RHM NVDA,11.0,41.4,0.77,2,1.46,25.41,-2.31,26.9,39.61,1.33
6669.TW FLUT 300750.SZ DLO PAX,8.0,33.4,0.58,2,0.89,25.41,-1.49,28.33,37.07,0.38
6669.TW FLUT 300750.SZ DLO ADYEN,9.5,35.1,0.67,2,1.07,25.41,-2.13,27.92,37.97,1.0
6669.TW VTEX DLO 1810.HK NVDA,10.8,40.1,0.76,2,1.17,25.41,-3.83,26.46,40.75,0.46
VTEX FLUT 300750.SZ RHM NVDA,13.7,47.1,0.8,1,1.37,25.41,-3.63,25.99,41.35,1.24
VTEX FLUT 300750.SZ 1810.HK NVDA,13.4,45.9,0.79,2,1.08,25.4,-5.21,25.54,42.44,0.36
6669.TW VTEX AVGO NVDA RDDT,11.7,44.6,0.81,3,1.53,25.4,-5.03,26.79,40.62,0.62
VTEX FLUT DLO ORCL TSM,14.0,32.6,0.8,1,1.23,25.39,-3.04,26.69,40.09,1.36
NU VTEX DLO AVGO RDDT,15.7,36.3,0.79,2,1.27,25.38,-0.83,25.58,40.94,2.99
6669.TW VTEX PAX ORCL RHM,9.3,30.1,0.66,2,1.37,25.38,-2.79,27.93,38.09,0.88
6669.TW VTEX ORCL RHM ADYEN,11.3,31.8,0.75,2,1.55,25.38,-3.46,27.52,38.96,1.49
VTEX FLUT RHM UBER RDDT,15.1,39.8,0.81,2,1.48,25.38,-4.02,26.17,41.14,1.92
6669.TW VTEX PAX 1810.HK ORCL,9.1,28.9,0.65,2,1.08,25.38,-4.33,27.51,39.26,0.0
6669.TW VTEX 1810.HK ORCL ADYEN,11.1,30.6,0.74,2,1.26,25.38,-5.03,27.09,40.11,0.62
VTEX FLUT 1810.HK UBER RDDT,14.7,38.6,0.8,2,1.19,25.38,-5.62,25.73,42.24,1.06
6669.TW VTEX DLO ORCL UBER,10.5,31.0,0.71,2,1.17,25.37,-3.68,27.13,39.57,0.62
6669.TW NU FLUT PAX ADYEN,8.2,32.0,0.59,3,1.18,25.36,-1.09,28.94,35.74,0.86
VTEX FLUT 300750.SZ DLO TSM,13.5,35.7,0.8,1,0.97,25.36,-1.75,26.46,39.92,2.14
VTEX FLUT AVGO RHM UBER,14.8,44.5,0.8,1,1.36,25.36,-2.52,26.08,40.73,2.66
VTEX FLUT 300750.SZ ORCL UBER,13.0,36.8,0.75,1,1.08,25.36,-5.05,26.23,41.31,0.53
6669.TW VTEX 300750.SZ PAX RHM,9.0,33.2,0.66,1,1.11,25.36,-1.52,27.71,37.91,1.68
6669.TW VTEX 300750.SZ RHM ADYEN,10.9,34.9,0.75,1,1.29,25.36,-2.16,27.29,38.79,2.28
VTEX FLUT 1810.HK AVGO UBER,14.4,43.3,0.79,2,1.07,25.36,-4.04,25.63,41.84,1.82
6669.TW VTEX 300750.SZ PAX 1810.HK,8.9,31.9,0.65,1,0.82,25.35,-2.99,27.28,39.09,0.82
6669.TW VTEX 300750.SZ 1810.HK ADYEN,10.7,33.6,0.74,1,1.0,25.35,-3.67,26.86,39.95,1.43
6669.TW FLUT DLO PAX RHM,8.4,34.7,0.61,2,1.23,25.35,-0.92,28.39,36.56,1.11
6669.TW FLUT DLO RHM ADYEN,10.1,36.3,0.7,2,1.41,25.35,-1.55,27.98,37.46,1.72
6669.TW NU FLUT TSM RDDT,10.1,36.7,0.74,1,1.29,25.35,-4.15,28.87,36.92,0.6
6669.TW FLUT DLO PAX 1810.HK,8.3,33.4,0.6,2,0.94,25.35,-2.38,27.97,37.77,0.24
6669.TW FLUT DLO 1810.HK ADYEN,9.9,35.1,0.69,2,1.12,25.35,-3.04,27.56,38.65,0.86
VTEX FLUT 1810.HK RHM NVDA,14.6,47.1,0.82,2,1.42,25.34,-4.58,25.61,41.99,1.1
6669.TW VTEX 300750.SZ DLO UBER,10.2,34.1,0.71,1,0.9,25.34,-2.36,26.9,39.4,1.43
6669.TW FLUT PAX AVGO RDDT,8.8,37.9,0.66,2,1.31,25.34,-3.52,28.29,37.63,0.4
6669.TW FLUT AVGO ADYEN RDDT,10.6,39.6,0.75,2,1.48,25.34,-4.2,27.88,38.52,1.02
NU VTEX FLUT NVDA UBER,13.2,45.0,0.76,1,1.28,25.34,-3.43,26.24,40.73,0.84
6669.TW VTEX ORCL NVDA RDDT,11.3,38.1,0.78,3,1.59,25.34,-7.1,27.01,40.73,-0.86
6669.TW NU FLUT AVGO TSM,9.9,41.4,0.73,2,1.17,25.33,-2.64,28.78,36.47,1.37
VTEX FLUT PAX ADYEN RDDT,12.0,30.9,0.73,2,1.39,25.32,-2.2,26.58,39.78,1.66
NU VTEX DLO ORCL RDDT,15.0,29.8,0.76,2,1.33,25.32,-2.64,25.8,41.05,1.61
6669.TW VTEX AVGO ORCL NVDA,11.1,42.8,0.78,4,1.48,25.32,-5.45,26.91,40.32,-0.06
6669.TW VTEX 300750.SZ NVDA RDDT,10.9,41.2,0.78,2,1.33,25.31,-5.64,26.78,40.57,-0.02
NU VTEX FLUT PAX TSM,11.1,32.6,0.72,2,1.08,25.31,-0.73,27.51,37.79,2.01
NU VTEX FLUT TSM ADYEN,14.1,34.3,0.81,2,1.26,25.31,-1.36,27.09,38.67,2.59
6669.TW FLUT DLO NVDA RDDT,10.0,42.7,0.73,2,1.45,25.31,-4.97,27.48,39.29,-0.62
VTEX FLUT PAX AVGO ADYEN,11.8,35.6,0.73,2,1.28,25.3,-0.77,26.48,39.36,2.41
VTEX FLUT DLO RHM TSM,14.7,37.0,0.83,1,1.31,25.3,-1.19,26.52,39.44,2.84
NU VTEX DLO AVGO ORCL,14.7,34.5,0.75,2,1.21,25.3,-1.2,25.7,40.64,2.36
VTEX FLUT ORCL RHM UBER,14.1,38.0,0.78,1,1.42,25.3,-4.43,26.3,40.85,1.26
NU VTEX 300750.SZ DLO RDDT,14.3,32.9,0.76,2,1.06,25.3,-1.37,25.57,40.89,2.39
VTEX FLUT DLO 1810.HK TSM,14.3,35.7,0.82,2,1.02,25.3,-2.65,26.09,40.58,2.01
VTEX FLUT 1810.HK ORCL UBER,13.8,36.8,0.77,2,1.13,25.29,-6.05,25.86,41.95,0.39
6669.TW VTEX PAX 1810.HK RHM,9.4,33.2,0.68,1,1.16,25.29,-2.41,27.35,38.6,1.55
6669.TW VTEX 1810.HK RHM ADYEN,11.5,34.9,0.77,1,1.34,25.29,-3.07,26.93,39.46,2.14
6669.TW VTEX 300750.SZ AVGO NVDA,10.8,45.9,0.77,3,1.22,25.29,-4.06,26.68,40.15,0.76
6669.TW NU VTEX PAX UBER,8.8,31.0,0.62,2,1.02,25.29,-1.32,27.95,37.25,1.29
6669.TW NU VTEX UBER ADYEN,10.6,32.7,0.71,2,1.19,25.29,-1.96,27.53,38.14,1.89
VTEX FLUT AVGO TSM RDDT,15.9,40.2,0.88,2,1.38,25.29,-3.8,26.42,40.45,2.17
6669.TW FLUT DLO AVGO NVDA,9.9,47.4,0.73,3,1.34,25.28,-3.42,27.39,38.86,0.18
6669.TW VTEX DLO RHM UBER,10.9,35.3,0.74,1,1.24,25.28,-1.79,26.97,38.92,2.14
6669.TW FLUT PAX ORCL RDDT,8.6,31.4,0.63,2,1.37,25.27,-5.49,28.5,37.75,-1.09
6669.TW FLUT ORCL ADYEN RDDT,10.3,33.1,0.72,2,1.54,25.27,-6.22,28.09,38.63,-0.45
6669.TW VTEX DLO 1810.HK UBER,10.7,34.1,0.73,1,0.96,25.27,-3.28,26.54,40.07,1.29
NU VTEX 300750.SZ DLO AVGO,14.1,37.6,0.75,2,0.95,25.27,0.02,25.47,40.48,3.12
VTEX FLUT 300750.SZ RHM UBER,13.6,41.1,0.78,1,1.16,25.27,-3.08,26.07,40.68,2.05
VTEX FLUT 300750.SZ 1810.HK UBER,13.2,39.9,0.76,2,0.87,25.27,-4.64,25.62,41.79,1.2
VTEX FLUT DLO PAX NVDA,11.1,38.7,0.71,2,1.25,25.27,-1.47,26.07,40.12,0.84
VTEX FLUT DLO NVDA ADYEN,14.1,40.3,0.8,2,1.42,25.27,-2.11,25.64,40.96,1.45
6669.TW VTEX AVGO UBER RDDT,11.6,38.6,0.78,2,1.32,25.26,-4.45,26.86,39.94,1.45
6669.TW NU FLUT ORCL TSM,9.6,34.9,0.7,2,1.23,25.26,-4.56,28.99,36.59,-0.08
6669.TW FLUT PAX AVGO ORCL,8.5,36.1,0.62,3,1.25,25.25,-3.92,28.41,37.31,-0.28
6669.TW FLUT AVGO ORCL ADYEN,10.2,37.8,0.71,3,1.43,25.25,-4.61,28.0,38.2,0.35
6669.TW VTEX RHM NVDA RDDT,11.7,42.5,0.81,2,1.67,25.25,-5.0,26.85,40.09,0.72
6669.TW FLUT 300750.SZ PAX RDDT,8.4,34.5,0.63,1,1.11,25.25,-4.1,28.28,37.57,-0.24
6669.TW FLUT 300750.SZ ADYEN RDDT,10.0,36.2,0.72,1,1.28,25.25,-4.8,27.87,38.46,0.38
6669.TW VTEX 1810.HK NVDA RDDT,11.4,41.2,0.8,2,1.38,25.25,-6.66,26.41,41.21,-0.17
6669.TW NU FLUT 300750.SZ TSM,9.4,38.0,0.7,1,0.97,25.24,-3.21,28.78,36.41,0.74
VTEX FLUT PAX ORCL ADYEN,11.4,29.1,0.7,2,1.34,25.24,-2.58,26.7,39.47,1.0
NU VTEX DLO RHM RDDT,15.7,34.1,0.79,2,1.4,25.23,-0.81,25.64,40.42,3.08
NU VTEX DLO 1810.HK RDDT,15.3,32.9,0.78,2,1.12,25.23,-2.26,25.19,41.53,2.26
6669.TW VTEX AVGO RHM NVDA,11.5,47.2,0.81,3,1.56,25.23,-3.45,26.75,39.67,1.49
6669.TW FLUT 300750.SZ PAX AVGO,8.3,39.2,0.62,2,0.99,25.23,-2.6,28.19,37.13,0.55
6669.TW FLUT 300750.SZ AVGO ADYEN,9.9,40.9,0.71,2,1.17,25.23,-3.26,27.78,38.03,1.16
6669.TW VTEX 300750.SZ ORCL NVDA,10.4,39.4,0.75,3,1.28,25.23,-6.07,26.9,40.26,-0.72
6669.TW VTEX 1810.HK AVGO NVDA,11.3,45.9,0.8,3,1.27,25.22,-5.03,26.31,40.8,0.62
VTEX FLUT ORCL TSM RDDT,15.2,33.7,0.85,2,1.44,25.22,-5.79,26.64,40.56,0.75
6669.TW FLUT DLO ORCL NVDA,9.6,40.9,0.7,3,1.4,25.22,-5.39,27.6,38.98,-1.33
6669.TW VTEX DLO PAX ADYEN,9.2,26.4,0.66,3,1.16,25.22,-0.08,27.37,37.49,1.89
VTEX FLUT 300750.SZ PAX ADYEN,11.0,32.2,0.7,2,1.08,25.21,-1.31,26.47,39.3,1.8
NU VTEX DLO AVGO RHM,15.4,38.8,0.78,2,1.29,25.21,0.55,25.54,40.0,3.8
NU VTEX 300750.SZ DLO ORCL,13.5,31.1,0.72,2,1.01,25.21,-1.74,25.69,40.59,1.74
NU VTEX DLO 1810.HK AVGO,15.0,37.6,0.77,2,1.0,25.21,-0.83,25.09,41.13,2.99
VTEX FLUT 1810.HK RHM UBER,14.4,41.1,0.8,2,1.21,25.2,-4.02,25.69,41.33,1.92
6669.TW VTEX DLO TSM RDDT,11.5,31.1,0.81,2,1.27,25.2,-3.04,27.3,38.62,1.64
6669.TW VTEX ORCL UBER RDDT,11.2,32.1,0.76,2,1.38,25.2,-6.49,27.08,40.05,0.0
VTEX FLUT AVGO ORCL TSM,14.9,38.4,0.84,2,1.33,25.2,-4.2,26.54,40.15,1.52
VTEX FLUT 300750.SZ TSM RDDT,14.5,36.8,0.85,2,1.18,25.2,-4.39,26.41,40.4,1.55
6669.TW FLUT 300750.SZ DLO NVDA,9.4,44.0,0.7,2,1.13,25.19,-4.01,27.38,38.81,-0.47
6669.TW FLUT PAX RHM RDDT,8.8,35.8,0.66,1,1.45,25.19,-3.49,28.35,37.07,0.5
6669.TW FLUT RHM ADYEN RDDT,10.6,37.4,0.75,1,1.62,25.19,-4.18,27.94,37.96,1.11
6669.TW FLUT PAX 1810.HK RDDT,8.7,34.5,0.65,2,1.16,25.18,-5.07,27.92,38.26,-0.39
6669.TW FLUT 1810.HK ADYEN RDDT,10.4,36.2,0.74,2,1.33,25.18,-5.79,27.51,39.14,0.24
6669.TW VTEX DLO AVGO TSM,11.3,35.8,0.8,2,1.15,25.18,-1.58,27.21,38.19,2.39
6669.TW VTEX AVGO ORCL UBER,11.0,36.8,0.75,3,1.27,25.18,-4.87,26.99,39.63,0.79
6669.TW VTEX 300750.SZ UBER RDDT,10.8,35.2,0.75,2,1.12,25.18,-5.06,26.85,39.88,0.82
VTEX FLUT 300750.SZ AVGO TSM,14.3,41.5,0.84,1,1.07,25.17,-2.87,26.31,39.98,2.3
6669.TW NU FLUT RHM TSM,10.0,39.2,0.73,1,1.31,25.17,-2.62,28.84,35.89,1.47
6669.TW NU FLUT 1810.HK TSM,9.8,38.0,0.72,2,1.02,25.17,-4.15,28.42,37.12,0.6
6669.TW FLUT DLO UBER RDDT,10.0,36.7,0.7,1,1.24,25.17,-4.4,27.55,38.59,0.24
6669.TW FLUT PAX AVGO RHM,8.7,40.5,0.65,2,1.33,25.16,-2.02,28.25,36.62,1.27
6669.TW FLUT AVGO RHM ADYEN,10.5,42.2,0.74,2,1.51,25.16,-2.67,27.84,37.52,1.87
6669.TW VTEX ORCL RHM NVDA,11.1,40.7,0.78,3,1.62,25.16,-5.42,26.97,39.79,0.04
6669.TW FLUT 300750.SZ PAX ORCL,8.1,32.7,0.59,2,1.05,25.16,-4.51,28.4,37.25,-0.94
6669.TW FLUT 300750.SZ ORCL ADYEN,9.6,34.4,0.68,2,1.23,25.16,-5.21,27.99,38.15,-0.3
6669.TW FLUT PAX 1810.HK AVGO,8.6,39.2,0.64,2,1.04,25.16,-3.52,27.83,37.83,0.4
6669.TW FLUT 1810.HK AVGO ADYEN,10.3,40.9,0.73,2,1.22,25.16,-4.2,27.42,38.71,1.02
6669.TW VTEX 1810.HK ORCL NVDA,10.9,39.4,0.77,3,1.33,25.16,-7.1,26.54,40.92,-0.86
6669.TW VTEX 300750.SZ AVGO UBER,10.7,39.9,0.75,2,1.0,25.15,-3.51,26.76,39.46,1.59
VTEX FLUT PAX RHM ADYEN,11.8,33.4,0.73,2,1.42,25.15,-0.75,26.54,38.82,2.5
6669.TW FLUT DLO AVGO UBER,9.8,41.4,0.7,2,1.12,25.15,-2.88,27.46,38.15,1.02
NU VTEX DLO ORCL RHM,14.7,32.3,0.76,2,1.35,25.15,-1.18,25.76,40.12,2.45
VTEX FLUT PAX 1810.HK ADYEN,11.6,32.2,0.72,2,1.13,25.14,-2.2,26.1,39.97,1.66
6669.TW NU FLUT PAX NVDA,8.2,40.9,0.61,2,1.25,25.14,-2.91,28.41,36.62,-0.62
6669.TW NU FLUT NVDA ADYEN,9.7,42.6,0.7,2,1.42,25.14,-3.58,28.0,37.52,0.01
NU VTEX DLO 1810.HK ORCL,14.3,31.1,0.75,2,1.06,25.14,-2.64,25.32,41.24,1.61
6669.TW VTEX 300750.SZ RHM NVDA,10.8,43.8,0.78,2,1.35,25.14,-4.04,26.74,39.62,0.86
6669.TW VTEX 300750.SZ 1810.HK NVDA,10.6,42.5,0.77,2,1.07,25.13,-5.64,26.3,40.75,-0.02
VTEX FLUT RHM TSM RDDT,15.9,38.1,0.88,2,1.52,25.13,-3.78,26.47,39.92,2.26
NU VTEX AVGO ORCL RDDT,16.0,35.6,0.8,2,1.43,25.13,-3.79,25.65,41.11,1.77
6669.TW FLUT DLO RHM NVDA,9.9,45.2,0.73,2,1.47,25.13,-3.4,27.44,38.31,0.28
VTEX FLUT 1810.HK TSM RDDT,15.5,36.8,0.87,2,1.23,25.13,-5.37,26.03,41.05,1.41
VTEX FLUT DLO PAX UBER,11.0,32.6,0.69,2,1.03,25.13,-0.95,26.15,39.43,1.66
VTEX FLUT DLO UBER ADYEN,13.9,34.3,0.77,2,1.21,25.13,-1.58,25.71,40.28,2.26
6669.TW FLUT DLO 1810.HK NVDA,9.7,44.0,0.72,2,1.19,25.13,-4.97,27.01,39.48,-0.62
NU VTEX 300750.SZ DLO RHM,14.1,35.4,0.75,2,1.09,25.12,0.04,25.53,39.95,3.21
6669.TW FLUT AVGO NVDA RDDT,10.5,48.5,0.77,3,1.55,25.12,-6.21,27.34,39.35,-0.45
NU VTEX 300750.SZ DLO 1810.HK,13.7,34.2,0.74,2,0.8,25.12,-1.37,25.08,41.07,2.39
6669.TW VTEX DLO ORCL TSM,11.0,29.3,0.78,2,1.21,25.12,-3.44,27.43,38.31,0.98
6669.TW VTEX RHM UBER RDDT,11.6,36.4,0.79,2,1.46,25.11,-4.43,26.92,39.4,1.55
VTEX FLUT AVGO RHM TSM,15.6,42.8,0.87,1,1.41,25.11,-2.29,26.38,39.5,2.99
VTEX FLUT 300750.SZ ORCL TSM,13.7,35.0,0.81,1,1.13,25.11,-4.8,26.53,40.09,0.89
6669.TW VTEX 1810.HK UBER RDDT,11.3,35.2,0.77,2,1.17,25.11,-6.05,26.49,40.54,0.68
NU VTEX 300750.SZ AVGO RDDT,15.2,38.7,0.8,2,1.16,25.11,-2.48,25.42,40.95,2.54
VTEX FLUT 1810.HK AVGO TSM,15.2,41.5,0.86,2,1.12,25.11,-3.8,25.94,40.64,2.17
VTEX FLUT PAX NVDA RDDT,11.8,39.8,0.76,2,1.46,25.1,-4.08,26.02,40.59,0.22
VTEX FLUT NVDA ADYEN RDDT,15.2,41.4,0.85,2,1.64,25.1,-4.77,25.59,41.42,0.84
NU FLUT DLO AVGO RDDT,13.6,40.2,0.75,2,1.28,25.1,-1.87,26.14,39.68,1.99
6669.TW FLUT PAX ORCL RHM,8.5,34.0,0.63,2,1.39,25.1,-3.89,28.47,36.74,-0.18
6669.TW FLUT ORCL RHM ADYEN,10.2,35.7,0.71,2,1.57,25.1,-4.59,28.06,37.65,0.44
6669.TW FLUT PAX 1810.HK ORCL,8.4,32.7,0.61,2,1.1,25.1,-5.49,28.05,37.95,-1.09
6669.TW FLUT 1810.HK ORCL ADYEN,10.0,34.4,0.7,2,1.28,25.1,-6.22,27.63,38.83,-0.45
6669.TW VTEX 300750.SZ DLO TSM,10.6,32.3,0.77,1,0.95,25.09,-2.13,27.2,38.13,1.78
6669.TW VTEX AVGO RHM UBER,11.4,41.1,0.78,2,1.34,25.09,-2.91,26.83,38.98,2.3
NU VTEX FLUT NVDA TSM,13.9,43.2,0.83,1,1.32,25.09,-3.19,26.54,39.5,1.19
6669.TW VTEX 300750.SZ ORCL UBER,10.3,33.4,0.72,2,1.06,25.09,-5.48,26.98,39.58,0.15
6669.TW VTEX 1810.HK AVGO UBER,11.2,39.9,0.77,2,1.06,25.09,-4.45,26.39,40.12,1.45
6669.TW FLUT DLO ORCL UBER,9.5,34.9,0.67,2,1.18,25.08,-4.81,27.68,38.27,-0.45
VTEX FLUT PAX AVGO NVDA,11.6,44.5,0.75,2,1.35,25.08,-2.57,25.92,40.17,1.0
VTEX FLUT AVGO NVDA ADYEN,14.9,46.2,0.84,2,1.52,25.08,-3.24,25.49,41.01,1.6
6669.TW FLUT 300750.SZ PAX RHM,8.3,37.1,0.62,1,1.13,25.07,-2.57,28.24,36.56,0.64
6669.TW FLUT 300750.SZ RHM ADYEN,9.9,38.7,0.71,1,1.3,25.07,-3.24,27.83,37.47,1.25
6669.TW VTEX 1810.HK RHM NVDA,11.3,43.8,0.8,2,1.41,25.07,-5.0,26.37,40.28,0.72
6669.TW FLUT 300750.SZ PAX 1810.HK,8.2,35.8,0.61,2,0.84,25.07,-4.1,27.82,37.77,-0.24
6669.TW FLUT 300750.SZ 1810.HK ADYEN,9.7,37.5,0.7,2,1.02,25.07,-4.8,27.41,38.65,0.38
6669.TW NU VTEX NVDA UBER,10.4,41.6,0.74,2,1.26,25.07,-3.83,26.99,38.98,0.46
6669.TW FLUT 300750.SZ DLO UBER,9.3,38.0,0.67,1,0.92,25.06,-3.45,27.45,38.1,0.38
NU VTEX DLO 1810.HK RHM,15.0,35.4,0.77,2,1.14,25.05,-0.81,25.15,40.6,3.08
6669.TW FLUT ORCL NVDA RDDT,10.2,42.0,0.75,3,1.61,25.05,-8.36,27.55,39.46,-1.99
6669.TW VTEX PAX ADYEN RDDT,9.7,27.5,0.71,2,1.38,25.05,-2.58,27.32,37.99,1.29
VTEX FLUT ORCL RHM TSM,14.9,36.3,0.85,1,1.47,25.05,-4.18,26.6,39.61,1.61
NU VTEX AVGO RHM RDDT,16.8,39.9,0.83,2,1.5,25.04,-1.9,25.49,40.48,3.23
NU VTEX 300750.SZ ORCL RDDT,14.6,32.2,0.77,2,1.22,25.04,-4.38,25.64,41.06,1.14
VTEX FLUT 1810.HK ORCL TSM,14.5,35.0,0.84,2,1.18,25.04,-5.79,26.16,40.75,0.75
NU VTEX 1810.HK AVGO RDDT,16.3,38.7,0.82,2,1.22,25.04,-3.39,25.04,41.59,2.41
6669.TW NU VTEX PAX TSM,9.1,29.3,0.69,2,1.06,25.04,-1.1,28.24,35.91,1.64
6669.TW NU VTEX TSM ADYEN,11.0,31.0,0.78,2,1.24,25.04,-1.73,27.83,36.83,2.23
NU FLUT DLO ORCL RDDT,13.1,33.7,0.72,2,1.34,25.04,-3.74,26.36,39.79,0.56
6669.TW FLUT AVGO ORCL NVDA,10.0,46.7,0.74,4,1.5,25.03,-6.65,27.46,39.04,-1.16
6669.TW VTEX PAX AVGO ADYEN,9.6,32.2,0.7,2,1.26,25.03,-1.14,27.23,37.55,2.05
6669.TW FLUT 300750.SZ NVDA RDDT,9.9,45.1,0.74,2,1.35,25.03,-6.85,27.33,39.29,-1.12
6669.TW VTEX DLO RHM TSM,11.4,33.6,0.81,1,1.29,25.03,-1.56,27.27,37.63,2.48
6669.TW VTEX ORCL RHM UBER,11.0,34.7,0.75,2,1.4,25.02,-4.84,27.05,39.09,0.88
6669.TW VTEX DLO 1810.HK TSM,11.1,32.4,0.8,1,1.0,25.02,-3.04,26.84,38.82,1.64
VTEX FLUT 300750.SZ RHM TSM,14.3,39.4,0.84,1,1.2,25.02,-2.85,26.37,39.45,2.39
6669.TW VTEX 1810.HK ORCL UBER,10.8,33.4,0.74,2,1.12,25.02,-6.49,26.61,40.24,0.0
NU VTEX 300750.SZ AVGO ORCL,14.3,36.9,0.76,2,1.11,25.02,-2.86,25.55,40.65,1.9
VTEX FLUT 300750.SZ 1810.HK TSM,13.9,38.1,0.83,2,0.92,25.02,-4.39,25.93,40.58,1.55
6669.TW VTEX AVGO TSM RDDT,12.1,36.9,0.85,2,1.37,25.01,-4.21,27.16,38.68,1.8
VTEX FLUT PAX ORCL NVDA,11.2,38.0,0.73,2,1.41,25.01,-4.49,26.15,40.29,-0.47
VTEX FLUT ORCL NVDA ADYEN,14.3,39.7,0.82,2,1.58,25.01,-5.19,25.71,41.12,0.16
NU FLUT DLO AVGO ORCL,12.8,38.4,0.71,2,1.23,25.01,-2.25,26.27,39.37,1.34
NU FLUT 300750.SZ DLO RDDT,12.6,36.7,0.72,2,1.08,25.01,-2.42,26.13,39.62,1.37
6669.TW FLUT PAX 1810.HK RHM,8.6,37.1,0.64,2,1.18,25.01,-3.49,27.89,37.27,0.5
6669.TW FLUT 1810.HK RHM ADYEN,10.3,38.8,0.73,2,1.36,25.01,-4.18,27.47,38.16,1.11
6669.TW FLUT 300750.SZ AVGO NVDA,9.7,49.8,0.74,3,1.23,25.01,-5.21,27.23,38.87,-0.31
6669.TW NU FLUT PAX UBER,8.1,34.9,0.58,2,1.04,25.0,-2.38,28.48,35.88,0.24
6669.TW NU FLUT UBER ADYEN,9.6,36.6,0.67,2,1.21,25.0,-3.04,28.07,36.79,0.86
6669.TW VTEX 300750.SZ RHM UBER,10.7,37.7,0.75,1,1.14,25.0,-3.48,26.82,38.92,1.68
6669.TW VTEX 300750.SZ 1810.HK UBER,10.5,36.5,0.74,1,0.85,25.0,-5.06,26.38,40.07,0.82
6669.TW VTEX DLO PAX NVDA,9.1,35.3,0.69,2,1.23,24.99,-1.84,26.82,38.34,0.46
6669.TW VTEX DLO NVDA ADYEN,11.0,37.0,0.78,2,1.41,24.99,-2.49,26.4,39.21,1.07
6669.TW FLUT DLO RHM UBER,9.8,39.2,0.7,1,1.26,24.99,-2.86,27.52,37.6,1.11
VTEX FLUT 300750.SZ PAX NVDA,10.9,41.1,0.72,1,1.14,24.99,-3.14,25.91,40.12,0.36
VTEX FLUT 300750.SZ NVDA ADYEN,13.7,42.7,0.81,1,1.32,24.99,-3.82,25.48,40.96,0.98
6669.TW FLUT DLO 1810.HK UBER,9.7,38.0,0.69,2,0.97,24.99,-4.4,27.09,38.78,0.24
NU FLUT 300750.SZ DLO AVGO,12.4,41.4,0.71,2,0.97,24.99,-0.99,26.03,39.2,2.12
6669.TW FLUT AVGO UBER RDDT,10.4,42.5,0.74,2,1.34,24.98,-5.62,27.41,38.65,0.4
NU VTEX ORCL RHM RDDT,16.0,33.4,0.8,2,1.56,24.98,-3.77,25.71,40.59,1.86
NU VTEX 1810.HK ORCL RDDT,15.5,32.2,0.79,2,1.28,24.98,-5.36,25.26,41.7,1.0
6669.TW FLUT RHM NVDA RDDT,10.5,46.3,0.77,2,1.69,24.96,-6.18,27.39,38.8,-0.35
6669.TW VTEX PAX ORCL ADYEN,9.3,25.7,0.67,2,1.32,24.96,-2.97,27.44,37.67,0.62
VTEX FLUT PAX UBER RDDT,11.7,33.7,0.73,2,1.25,24.96,-3.52,26.1,39.91,1.06
VTEX FLUT UBER ADYEN RDDT,15.0,35.4,0.82,2,1.43,24.96,-4.21,25.66,40.75,1.66
6669.TW FLUT 1810.HK NVDA RDDT,10.3,45.1,0.76,2,1.4,24.96,-7.9,26.96,39.96,-1.27
NU VTEX AVGO ORCL RHM,15.7,38.1,0.79,2,1.45,24.96,-2.28,25.61,40.17,2.6
NU VTEX 300750.SZ RHM RDDT,15.3,36.5,0.8,2,1.3,24.95,-2.45,25.48,40.42,2.64
VTEX FLUT 1810.HK RHM TSM,15.2,39.4,0.86,2,1.26,24.95,-3.78,26.0,40.11,2.26
NU VTEX 1810.HK AVGO ORCL,15.2,36.9,0.78,2,1.16,24.95,-3.79,25.17,41.29,1.77
NU VTEX FLUT UBER TSM,13.7,37.2,0.8,1,1.11,24.95,-2.65,26.62,38.8,2.01
NU VTEX 300750.SZ 1810.HK RDDT,14.8,35.3,0.79,2,1.01,24.95,-3.98,25.03,41.54,1.8
6669.TW VTEX ORCL TSM RDDT,11.7,30.4,0.82,2,1.43,24.95,-6.22,27.38,38.8,0.37
NU FLUT DLO RHM RDDT,13.6,38.0,0.75,2,1.42,24.95,-1.85,26.2,39.14,2.08
NU FLUT DLO 1810.HK RDDT,13.3,36.8,0.74,2,1.13,24.94,-3.34,25.76,40.28,1.23
6669.TW FLUT AVGO RHM NVDA,10.4,51.1,0.77,3,1.57,24.94,-4.58,27.3,38.37,0.44
VTEX FLUT PAX AVGO UBER,11.5,38.4,0.72,1,1.13,24.94,-2.04,26.0,39.49,1.82
6669.TW FLUT 300750.SZ ORCL NVDA,9.5,43.3,0.71,3,1.29,24.94,-7.29,27.45,38.98,-1.83
VTEX FLUT AVGO UBER ADYEN,14.7,40.1,0.81,1,1.31,24.94,-2.7,25.57,40.34,2.41
6669.TW VTEX 300750.SZ PAX ADYEN,9.0,28.8,0.67,2,1.06,24.94,-1.69,27.22,37.49,1.43
6669.TW FLUT 1810.HK AVGO NVDA,10.2,49.8,0.76,3,1.29,24.94,-6.21,26.87,39.54,-0.45
6669.TW VTEX 1810.HK RHM UBER,11.2,37.7,0.77,1,1.19,24.93,-4.43,26.45,39.59,1.55
NU VTEX 300750.SZ AVGO RHM,15.0,41.2,0.79,1,1.19,24.93,-1.02,25.38,40.01,3.36
6669.TW FLUT DLO PAX ADYEN,8.4,30.3,0.62,3,1.18,24.93,-1.09,27.91,36.12,0.86
NU VTEX 300750.SZ 1810.HK AVGO,14.6,40.0,0.78,1,0.9,24.93,-2.48,24.93,41.13,2.54
6669.TW VTEX AVGO ORCL TSM,11.5,35.1,0.82,3,1.31,24.93,-4.62,27.28,38.37,1.14
VTEX FLUT PAX RHM NVDA,11.6,42.3,0.76,1,1.48,24.93,-2.55,25.98,39.64,1.1
VTEX FLUT RHM NVDA ADYEN,15.0,44.0,0.84,1,1.66,24.93,-3.21,25.55,40.49,1.7
NU FLUT DLO AVGO RHM,13.4,42.7,0.74,2,1.31,24.92,-0.44,26.1,38.71,2.82
6669.TW VTEX 300750.SZ TSM RDDT,11.3,33.4,0.82,2,1.17,24.92,-4.8,27.15,38.63,1.18
NU FLUT 300750.SZ DLO ORCL,11.9,35.0,0.69,2,1.03,24.92,-2.81,26.26,39.32,0.71
VTEX FLUT PAX 1810.HK NVDA,11.4,41.1,0.74,2,1.2,24.92,-4.08,25.54,40.77,0.22
VTEX FLUT 1810.HK NVDA ADYEN,14.6,42.8,0.83,2,1.37,24.92,-4.77,25.1,41.6,0.84
NU FLUT DLO 1810.HK AVGO,13.1,41.5,0.73,2,1.02,24.92,-1.87,25.66,39.87,1.99
6669.TW FLUT DLO TSM RDDT,10.3,34.9,0.77,1,1.29,24.92,-4.15,27.85,37.29,0.6
6669.TW FLUT ORCL UBER RDDT,10.1,36.0,0.72,2,1.4,24.91,-7.73,27.63,38.76,-1.09
VTEX FLUT DLO NVDA UBER,13.7,43.2,0.8,1,1.28,24.91,-3.43,25.14,41.08,0.84
6669.TW VTEX 300750.SZ AVGO TSM,11.1,38.2,0.81,2,1.05,24.9,-3.27,27.06,38.19,1.94
6669.TW FLUT DLO AVGO TSM,10.2,39.6,0.76,2,1.17,24.89,-2.64,27.75,36.85,1.37
6669.TW FLUT AVGO ORCL UBER,9.9,40.7,0.71,3,1.28,24.89,-6.04,27.53,38.33,-0.28
6669.TW FLUT 300750.SZ UBER RDDT,9.8,39.1,0.71,1,1.14,24.89,-6.24,27.4,38.59,-0.24
NU VTEX 1810.HK RHM RDDT,16.3,36.5,0.82,2,1.35,24.89,-3.37,25.1,41.07,2.5
VTEX FLUT DLO PAX TSM,11.5,30.9,0.75,2,1.08,24.88,-0.73,26.45,38.16,2.01
VTEX FLUT DLO TSM ADYEN,14.7,32.6,0.84,2,1.26,24.88,-1.36,26.02,39.03,2.59
6669.TW FLUT ORCL RHM NVDA,10.0,44.6,0.74,3,1.63,24.88,-6.62,27.52,38.49,-1.05
VTEX FLUT PAX ORCL UBER,11.1,31.9,0.7,1,1.19,24.88,-3.92,26.22,39.6,0.39
VTEX FLUT ORCL UBER ADYEN,14.1,33.6,0.79,1,1.37,24.88,-4.62,25.79,40.45,1.0
6669.TW VTEX PAX RHM ADYEN,9.6,30.1,0.7,2,1.4,24.87,-1.12,27.28,36.98,2.14
6669.TW FLUT 1810.HK ORCL NVDA,9.9,43.3,0.73,3,1.35,24.87,-8.36,27.09,39.65,-1.99
6669.TW VTEX PAX 1810.HK ADYEN,9.4,28.8,0.69,2,1.11,24.87,-2.58,26.85,38.18,1.29
6669.TW FLUT 300750.SZ AVGO UBER,9.7,43.8,0.71,2,1.02,24.87,-4.63,27.31,38.16,0.55
NU VTEX 300750.SZ ORCL RHM,14.3,34.7,0.77,1,1.25,24.87,-2.84,25.61,40.12,2.0
NU VTEX 1810.HK AVGO RHM,16.0,41.2,0.81,1,1.24,24.86,-1.9,25.0,40.66,3.23
NU VTEX 300750.SZ 1810.HK ORCL,13.9,33.5,0.75,1,0.96,24.86,-4.38,25.16,41.24,1.14
6669.TW VTEX RHM TSM RDDT,12.1,34.7,0.85,2,1.51,24.86,-4.18,27.22,38.13,1.89
NU FLUT DLO ORCL RHM,12.9,36.2,0.72,2,1.37,24.86,-2.23,26.33,38.83,1.43
6669.TW VTEX 1810.HK TSM RDDT,11.8,33.5,0.84,2,1.22,24.86,-5.79,26.79,39.3,1.04
6669.TW VTEX DLO PAX UBER,9.0,29.3,0.66,2,1.02,24.86,-1.32,26.9,37.62,1.29
6669.TW VTEX DLO UBER ADYEN,10.9,31.0,0.75,2,1.19,24.86,-1.96,26.47,38.5,1.89
NU FLUT DLO 1810.HK ORCL,12.6,35.0,0.71,2,1.08,24.86,-3.74,25.88,39.98,0.56
6669.TW FLUT 300750.SZ RHM NVDA,9.7,47.6,0.74,2,1.37,24.85,-5.18,27.29,38.32,-0.21
VTEX FLUT 300750.SZ PAX UBER,10.8,35.0,0.7,1,0.93,24.85,-2.6,25.99,39.43,1.2
VTEX FLUT 300750.SZ UBER ADYEN,13.5,36.7,0.78,1,1.11,24.85,-3.26,25.56,40.28,1.8
6669.TW FLUT 300750.SZ 1810.HK NVDA,9.6,46.4,0.73,2,1.08,24.85,-6.85,26.86,39.48,-1.12
NU FLUT AVGO ORCL RDDT,13.8,39.5,0.76,2,1.44,24.85,-4.93,26.22,39.85,0.73
6669.TW VTEX AVGO RHM TSM,11.9,39.4,0.85,2,1.39,24.84,-2.67,27.12,37.69,2.64
6669.TW VTEX 300750.SZ ORCL TSM,10.7,31.7,0.79,2,1.11,24.84,-5.22,27.27,38.31,0.51
6669.TW VTEX 1810.HK AVGO TSM,11.7,38.2,0.83,2,1.1,24.83,-4.21,26.69,38.87,1.8
NU FLUT 300750.SZ DLO RHM,12.4,39.3,0.71,2,1.1,24.83,-0.97,26.09,38.66,2.22
NU FLUT 300750.SZ DLO 1810.HK,12.1,38.1,0.7,2,0.82,24.83,-2.42,25.65,39.81,1.37
6669.TW FLUT DLO ORCL TSM,9.9,33.1,0.74,2,1.23,24.83,-4.56,27.97,36.97,-0.08
6669.TW VTEX PAX NVDA RDDT,9.6,36.4,0.73,2,1.45,24.83,-4.49,26.77,38.83,-0.17
6669.TW VTEX NVDA ADYEN RDDT,11.7,38.1,0.82,2,1.62,24.83,-5.19,26.35,39.69,0.46
6669.TW NU DLO AVGO RDDT,10.7,36.8,0.72,2,1.27,24.83,-2.25,26.89,37.88,1.62
6669.TW FLUT RHM UBER RDDT,10.4,40.3,0.75,1,1.48,24.83,-5.59,27.47,38.1,0.5
6669.TW FLUT 1810.HK UBER RDDT,10.2,39.1,0.74,2,1.19,24.82,-7.28,27.04,39.27,-0.39
NU FLUT 300750.SZ AVGO RDDT,13.3,42.5,0.76,1,1.18,24.82,-3.57,25.98,39.68,1.53
6669.TW NU VTEX NVDA TSM,10.9,39.9,0.81,2,1.31,24.82,-3.59,27.28,37.69,0.82
NU VTEX DLO PAX RDDT,12.1,28.0,0.71,3,1.18,24.81,-0.36,25.56,39.16,2.26
NU VTEX DLO ADYEN RDDT,15.7,29.7,0.8,3,1.35,24.81,-0.98,25.12,40.02,2.84
6669.TW VTEX PAX AVGO NVDA,9.4,41.1,0.73,3,1.33,24.81,-2.97,26.68,38.4,0.62
6669.TW VTEX AVGO NVDA ADYEN,11.5,42.8,0.81,3,1.51,24.81,-3.64,26.25,39.27,1.23
6669.TW FLUT 300750.SZ DLO TSM,9.6,36.2,0.74,1,0.97,24.8,-3.21,27.74,36.79,0.74
6669.TW FLUT AVGO RHM UBER,10.3,45.0,0.74,2,1.36,24.8,-4.01,27.37,37.66,1.27
6669.TW FLUT 300750.SZ ORCL UBER,9.4,37.3,0.68,2,1.08,24.8,-6.68,27.52,38.28,-0.94
6669.TW FLUT 1810.HK AVGO UBER,10.1,43.8,0.73,2,1.07,24.8,-5.62,26.94,38.84,0.4
NU VTEX 1810.HK ORCL RHM,15.3,34.7,0.79,1,1.3,24.8,-3.77,25.23,40.77,1.86
NU VTEX DLO PAX AVGO,11.9,32.8,0.7,3,1.06,24.79,0.99,25.46,38.73,2.99
NU VTEX DLO AVGO ADYEN,15.4,34.4,0.79,3,1.24,24.79,0.39,25.02,39.6,3.56
VTEX FLUT PAX RHM UBER,11.5,36.3,0.73,1,1.27,24.79,-2.02,26.06,38.94,1.92
VTEX FLUT RHM UBER ADYEN,14.8,38.0,0.82,1,1.45,24.79,-2.67,25.63,39.81,2.5
6669.TW FLUT 1810.HK RHM NVDA,10.2,47.7,0.76,2,1.42,24.78,-6.18,26.93,39.0,-0.35
VTEX FLUT PAX 1810.HK UBER,11.3,35.0,0.72,2,0.98,24.78,-3.52,25.61,40.09,1.06
VTEX FLUT 1810.HK UBER ADYEN,14.4,36.7,0.8,2,1.16,24.78,-4.21,25.18,40.93,1.66
6669.TW NU FLUT NVDA UBER,9.5,45.5,0.7,2,1.28,24.78,-4.97,27.53,37.66,-0.62
NU VTEX 300750.SZ 1810.HK RHM,14.6,37.8,0.78,1,1.04,24.77,-2.45,24.99,40.61,2.64
6669.TW VTEX ORCL RHM TSM,11.5,32.9,0.82,2,1.45,24.77,-4.59,27.34,37.81,1.24
6669.TW VTEX 1810.HK ORCL TSM,11.3,31.7,0.81,2,1.16,24.77,-6.22,26.91,38.99,0.37
NU FLUT DLO 1810.HK RHM,13.1,39.3,0.73,2,1.16,24.77,-1.85,25.72,39.33,2.08
6669.TW FLUT PAX ADYEN RDDT,8.8,31.4,0.67,2,1.4,24.76,-3.68,27.86,36.64,0.24
6669.TW NU DLO ORCL RDDT,10.4,30.3,0.69,2,1.33,24.76,-4.14,27.11,38.0,0.18
NU FLUT AVGO RHM RDDT,14.4,43.8,0.79,1,1.52,24.76,-2.97,26.05,39.2,2.24
NU FLUT 300750.SZ ORCL RDDT,12.7,36.1,0.73,1,1.24,24.76,-5.54,26.21,39.8,0.09
NU FLUT 1810.HK AVGO RDDT,14.1,42.6,0.78,2,1.23,24.75,-4.52,25.61,40.34,1.39
6669.TW NU FLUT PAX TSM,8.4,33.2,0.65,2,1.08,24.75,-2.15,28.77,34.5,0.6
6669.TW NU FLUT TSM ADYEN,9.9,34.8,0.74,2,1.26,24.75,-2.8,28.36,35.45,1.21
6669.TW VTEX 300750.SZ RHM TSM,11.1,36.0,0.82,1,1.19,24.75,-3.24,27.11,37.64,2.03
6669.TW VTEX 300750.SZ 1810.HK TSM,10.9,34.8,0.81,1,0.9,24.74,-4.8,26.68,38.82,1.18
6669.TW FLUT PAX AVGO ADYEN,8.7,36.1,0.66,2,1.28,24.74,-2.19,27.77,36.19,1.02
6669.TW FLUT DLO RHM TSM,10.2,37.5,0.77,1,1.31,24.74,-2.62,27.81,36.27,1.47
6669.TW VTEX PAX ORCL NVDA,9.2,34.6,0.7,3,1.39,24.74,-4.9,26.9,38.51,-0.86
6669.TW VTEX ORCL NVDA ADYEN,11.1,36.3,0.79,3,1.57,24.74,-5.62,26.47,39.38,-0.23
6669.TW NU DLO AVGO ORCL,10.2,35.0,0.69,3,1.21,24.74,-2.64,27.01,37.56,0.96
VTEX FLUT NVDA UBER RDDT,14.8,44.3,0.85,2,1.49,24.74,-6.22,25.09,41.54,0.22
6669.TW FLUT ORCL RHM UBER,10.0,38.5,0.71,2,1.42,24.74,-6.02,27.59,37.78,-0.18
6669.TW NU 300750.SZ DLO RDDT,10.1,33.4,0.69,2,1.07,24.74,-2.81,26.88,37.82,1.0
6669.TW FLUT DLO 1810.HK TSM,10.0,36.2,0.76,2,1.02,24.74,-4.15,27.38,37.49,0.6
6669.TW FLUT 1810.HK ORCL UBER,9.8,37.3,0.7,2,1.13,24.73,-7.73,27.16,38.96,-1.09
NU FLUT 300750.SZ AVGO ORCL,12.5,40.8,0.72,2,1.13,24.73,-3.97,26.11,39.38,0.87
6669.TW FLUT AVGO TSM RDDT,10.8,40.7,0.81,2,1.39,24.73,-5.36,27.7,37.35,0.76
NU VTEX DLO PAX ORCL,11.5,26.3,0.68,3,1.12,24.72,-0.72,25.69,38.85,1.61
NU VTEX DLO ORCL ADYEN,14.7,28.0,0.76,3,1.3,24.72,-1.35,25.25,39.71,2.2
VTEX FLUT AVGO NVDA UBER,14.5,49.0,0.84,2,1.38,24.72,-4.61,24.99,41.13,1.0
6669.TW VTEX 300750.SZ PAX NVDA,8.9,37.7,0.7,2,1.13,24.71,-3.54,26.67,38.34,-0.02
6669.TW VTEX 300750.SZ NVDA ADYEN,10.8,39.4,0.79,2,1.3,24.71,-4.22,26.24,39.21,0.6
6669.TW NU 300750.SZ DLO AVGO,9.9,38.1,0.68,2,0.95,24.71,-1.36,26.78,37.38,1.76
6669.TW FLUT 300750.SZ RHM UBER,9.7,41.6,0.71,1,1.16,24.71,-4.61,27.37,37.6,0.64
VTEX FLUT PAX TSM RDDT,12.2,32.0,0.8,2,1.3,24.71,-3.28,26.4,38.65,1.41
VTEX FLUT TSM ADYEN RDDT,15.9,33.7,0.89,2,1.47,24.71,-3.96,25.97,39.52,2.01
6669.TW FLUT 300750.SZ 1810.HK UBER,9.5,40.4,0.7,2,0.87,24.71,-6.24,26.93,38.78,-0.24
6669.TW FLUT DLO PAX NVDA,8.3,39.2,0.65,2,1.25,24.71,-2.91,27.37,37.0,-0.62
6669.TW FLUT DLO NVDA ADYEN,9.9,40.9,0.74,2,1.42,24.71,-3.58,26.95,37.9,0.01
VTEX DLO AVGO ORCL RDDT,16.6,33.8,0.84,2,1.43,24.7,-3.79,24.54,41.45,1.77
NU VTEX 300750.SZ DLO PAX,11.1,29.3,0.67,3,0.86,24.7,0.48,25.45,38.68,2.39
NU VTEX 300750.SZ DLO ADYEN,14.1,31.0,0.76,3,1.04,24.7,-0.13,25.01,39.54,2.97
NU FLUT ORCL RHM RDDT,13.8,37.3,0.76,1,1.58,24.69,-4.91,26.27,39.31,0.82
6669.TW VTEX PAX UBER RDDT,9.5,30.4,0.7,2,1.23,24.69,-3.93,26.85,38.12,0.68
6669.TW VTEX UBER ADYEN RDDT,11.6,32.1,0.79,2,1.41,24.69,-4.62,26.42,38.99,1.29
NU FLUT 1810.HK ORCL RDDT,13.5,36.1,0.75,2,1.29,24.69,-6.55,25.83,40.46,-0.06
VTEX FLUT PAX AVGO TSM,12.0,36.7,0.79,1,1.18,24.69,-1.82,26.3,38.22,2.17
VTEX FLUT AVGO TSM ADYEN,15.6,38.4,0.88,1,1.36,24.69,-2.46,25.87,39.09,2.75
6669.TW VTEX 1810.HK RHM TSM,11.7,36.0,0.84,1,1.24,24.68,-4.18,26.75,38.33,1.89
6669.TW NU VTEX UBER TSM,10.8,33.8,0.78,1,1.1,24.68,-3.04,27.36,36.97,1.64
6669.TW FLUT PAX ORCL ADYEN,8.5,29.6,0.63,2,1.34,24.68,-4.08,27.98,36.31,-0.45
VTEX 300750.SZ DLO AVGO RDDT,15.9,36.9,0.83,2,1.16,24.67,-2.48,24.3,41.29,2.54
6669.TW NU DLO RHM RDDT,10.7,34.6,0.72,2,1.41,24.67,-2.23,26.95,37.32,1.72
NU FLUT AVGO ORCL RHM,13.6,42.0,0.76,2,1.47,24.67,-3.36,26.18,38.89,1.59
6669.TW NU DLO 1810.HK RDDT,10.5,33.4,0.71,2,1.12,24.67,-3.74,26.51,38.51,0.86
NU FLUT 300750.SZ RHM RDDT,13.3,40.4,0.76,1,1.32,24.67,-3.54,26.04,39.14,1.63
6669.TW VTEX PAX AVGO UBER,9.4,35.1,0.7,2,1.12,24.67,-2.43,26.75,37.68,1.45
6669.TW VTEX AVGO UBER ADYEN,11.4,36.8,0.79,2,1.29,24.67,-3.09,26.33,38.56,2.05
NU FLUT 1810.HK AVGO ORCL,13.3,40.8,0.74,2,1.18,24.67,-4.93,25.74,40.04,0.73
NU FLUT 300750.SZ 1810.HK RDDT,13.0,39.1,0.75,2,1.03,24.66,-5.12,25.6,40.29,0.76
6669.TW FLUT ORCL TSM RDDT,10.5,34.2,0.78,2,1.45,24.66,-7.45,27.92,37.48,-0.72
VTEX FLUT DLO NVDA TSM,14.4,41.5,0.87,1,1.32,24.65,-3.19,25.45,39.85,1.19
VTEX FLUT ORCL NVDA UBER,13.9,42.5,0.81,2,1.44,24.65,-6.65,25.22,41.25,-0.47
6669.TW VTEX PAX RHM NVDA,9.4,38.9,0.73,2,1.47,24.65,-2.94,26.73,37.84,0.72
6669.TW VTEX RHM NVDA ADYEN,11.5,40.6,0.82,2,1.64,24.65,-3.61,26.31,38.72,1.33
6669.TW FLUT 300750.SZ PAX ADYEN,8.3,32.7,0.63,2,1.08,24.65,-2.75,27.76,36.13,0.38
6669.TW NU DLO AVGO RHM,10.6,39.3,0.72,2,1.29,24.65,-0.81,26.85,36.87,2.46
6669.TW NU 300750.SZ DLO ORCL,9.6,31.6,0.66,2,1.01,24.65,-3.2,27.0,37.5,0.32
6669.TW VTEX PAX 1810.HK NVDA,9.3,37.7,0.72,2,1.18,24.65,-4.49,26.3,39.02,-0.17
6669.TW VTEX 1810.HK NVDA ADYEN,11.3,39.4,0.81,2,1.36,24.65,-5.19,25.87,39.88,0.46
6669.TW NU DLO 1810.HK AVGO,10.4,38.1,0.71,2,1.0,24.65,-2.25,26.42,38.08,1.62
6669.TW FLUT 1810.HK RHM UBER,10.1,41.6,0.73,2,1.21,24.64,-5.59,27.0,38.29,0.5
NU FLUT 300750.SZ AVGO RHM,13.1,45.1,0.75,1,1.2,24.64,-2.06,25.95,38.72,2.37
NU FLUT 300750.SZ 1810.HK AVGO,12.7,43.9,0.74,2,0.92,24.64,-3.57,25.5,39.87,1.53
6669.TW FLUT AVGO ORCL TSM,10.3,39.0,0.78,3,1.33,24.64,-5.78,27.83,37.03,0.08
6669.TW FLUT 300750.SZ TSM RDDT,10.1,37.3,0.78,1,1.18,24.64,-5.98,27.69,37.3,0.12
NU VTEX DLO PAX RHM,11.9,30.6,0.7,3,1.2,24.63,1.01,25.52,38.18,3.08
NU VTEX DLO RHM ADYEN,15.4,32.3,0.79,3,1.38,24.63,0.41,25.08,39.06,3.65
6669.TW VTEX DLO NVDA UBER,10.7,39.9,0.77,2,1.26,24.63,-3.83,25.91,39.34,0.46
NU VTEX DLO PAX 1810.HK,11.7,29.4,0.69,3,0.91,24.63,-0.36,25.07,39.35,2.26
NU VTEX DLO 1810.HK ADYEN,15.0,31.0,0.78,3,1.09,24.63,-0.98,24.63,40.21,2.84
VTEX FLUT 300750.SZ NVDA UBER,13.3,45.6,0.81,1,1.18,24.63,-5.21,24.98,41.08,0.36
VTEX FLUT PAX ORCL TSM,11.6,30.2,0.77,1,1.24,24.62,-3.68,26.52,38.34,0.75
VTEX FLUT ORCL TSM ADYEN,14.9,31.9,0.85,1,1.42,24.62,-4.37,26.1,39.21,1.36
NU VTEX PAX AVGO RDDT,12.7,33.9,0.75,2,1.28,24.62,-1.43,25.41,39.22,2.41
NU VTEX AVGO ADYEN RDDT,16.8,35.5,0.84,2,1.45,24.62,-2.07,24.97,40.08,2.99
6669.TW FLUT 300750.SZ AVGO TSM,10.0,42.0,0.77,2,1.07,24.61,-4.38,27.6,36.85,0.9
VTEX DLO AVGO RHM RDDT,17.6,38.2,0.86,2,1.5,24.61,-1.9,24.37,40.82,3.23
VTEX 300750.SZ DLO ORCL RDDT,15.1,30.4,0.81,2,1.22,24.61,-4.38,24.53,41.4,1.14
VTEX DLO 1810.HK AVGO RDDT,17.0,36.9,0.85,2,1.22,24.61,-3.39,23.91,41.93,2.41
6669.TW VTEX DLO PAX TSM,9.3,27.5,0.73,2,1.06,24.6,-1.1,27.19,36.3,1.64
6669.TW VTEX DLO TSM ADYEN,11.3,29.2,0.81,2,1.24,24.6,-1.73,26.77,37.21,2.23
6669.TW VTEX PAX ORCL UBER,9.1,28.6,0.67,2,1.18,24.6,-4.33,26.97,37.8,0.0
6669.TW VTEX ORCL UBER ADYEN,11.0,30.3,0.76,2,1.35,24.6,-5.03,26.55,38.68,0.62
NU FLUT 1810.HK RHM RDDT,14.1,40.4,0.78,2,1.37,24.6,-4.49,25.67,39.81,1.49
VTEX FLUT 300750.SZ PAX TSM,11.2,33.3,0.76,1,0.98,24.6,-2.37,26.29,38.16,1.55
VTEX FLUT 300750.SZ TSM ADYEN,14.3,35.0,0.85,1,1.15,24.6,-3.03,25.86,39.04,2.14
6669.TW FLUT PAX RHM ADYEN,8.7,33.9,0.66,2,1.42,24.59,-2.17,27.83,35.61,1.11
NU VTEX DLO NVDA RDDT,15.4,38.6,0.82,2,1.42,24.59,-2.79,24.54,40.82,1.45
VTEX 300750.SZ DLO AVGO ORCL,14.8,35.1,0.8,2,1.11,24.58,-2.86,24.43,40.99,1.9
6669.TW NU DLO ORCL RHM,10.2,32.9,0.69,2,1.35,24.58,-2.61,27.07,37.0,1.06
6669.TW FLUT PAX 1810.HK ADYEN,8.6,32.7,0.65,2,1.13,24.58,-3.68,27.4,36.84,0.24
6669.TW NU DLO 1810.HK ORCL,10.0,31.6,0.68,2,1.06,24.58,-4.14,26.64,38.2,0.18
NU FLUT 300750.SZ ORCL RHM,12.6,38.6,0.73,1,1.26,24.58,-3.94,26.17,38.83,0.97
NU FLUT 1810.HK AVGO RHM,13.8,45.1,0.77,2,1.26,24.58,-2.97,25.57,39.39,2.24
6669.TW VTEX 300750.SZ PAX UBER,8.9,31.7,0.67,1,0.92,24.58,-2.99,26.74,37.62,0.82
6669.TW VTEX 300750.SZ UBER ADYEN,10.7,33.3,0.76,1,1.09,24.58,-3.67,26.32,38.51,1.43
NU FLUT 300750.SZ 1810.HK ORCL,12.3,37.4,0.72,2,0.98,24.57,-5.54,25.73,39.99,0.09
6669.TW FLUT RHM TSM RDDT,10.8,38.6,0.81,1,1.52,24.57,-5.33,27.76,36.79,0.86
6669.TW NU AVGO ORCL RDDT,10.8,36.1,0.73,3,1.43,24.57,-5.35,26.96,38.06,0.35
6669.TW FLUT 1810.HK TSM RDDT,10.6,37.3,0.8,2,1.24,24.57,-7.01,27.33,37.99,-0.02
6669.TW FLUT DLO PAX UBER,8.3,33.1,0.62,2,1.04,24.57,-2.38,27.44,36.26,0.24
6669.TW FLUT DLO UBER ADYEN,9.8,34.8,0.71,2,1.21,24.57,-3.04,27.02,37.17,0.86
NU VTEX DLO AVGO NVDA,15.1,43.3,0.82,2,1.31,24.56,-1.34,24.44,40.41,2.2
VTEX FLUT RHM NVDA UBER,14.5,46.9,0.84,1,1.52,24.56,-4.58,25.05,40.61,1.1
6669.TW NU 300750.SZ DLO RHM,9.9,35.9,0.69,2,1.09,24.56,-1.34,26.84,36.82,1.85
VTEX FLUT 1810.HK NVDA UBER,14.1,45.6,0.83,2,1.23,24.56,-6.22,24.6,41.72,0.22
6669.TW NU 300750.SZ DLO 1810.HK,9.8,34.7,0.68,2,0.8,24.56,-2.81,26.41,38.02,1.0
NU VTEX PAX ORCL RDDT,12.2,27.4,0.72,2,1.34,24.56,-3.28,25.63,39.34,1.0
NU VTEX ORCL ADYEN RDDT,16.0,29.1,0.81,2,1.51,24.55,-3.95,25.2,40.19,1.61
6669.TW FLUT AVGO RHM TSM,10.7,43.3,0.81,2,1.41,24.55,-3.77,27.67,36.34,1.62
6669.TW FLUT 300750.SZ ORCL TSM,9.7,35.5,0.75,2,1.13,24.55,-6.41,27.82,36.97,-0.57
6669.TW NU 300750.SZ AVGO RDDT,10.5,39.2,0.73,2,1.17,24.55,-3.97,26.73,37.88,1.16
6669.TW FLUT 1810.HK AVGO TSM,10.5,42.0,0.8,2,1.12,24.55,-5.36,27.24,37.55,0.76
VTEX DLO ORCL RHM RDDT,16.7,31.7,0.84,2,1.56,24.54,-3.77,24.6,40.94,1.86
6669.TW FLUT PAX NVDA RDDT,8.7,40.3,0.69,2,1.46,24.54,-5.65,27.32,37.5,-1.27
6669.TW FLUT NVDA ADYEN RDDT,10.5,42.0,0.78,2,1.64,24.54,-6.38,26.9,38.39,-0.62
VTEX DLO 1810.HK ORCL RDDT,16.2,30.4,0.83,2,1.28,24.54,-5.36,24.14,42.04,1.0
VTEX FLUT PAX RHM TSM,12.0,34.5,0.79,1,1.32,24.53,-1.79,26.36,37.66,2.26
VTEX FLUT RHM TSM ADYEN,15.6,36.2,0.88,1,1.49,24.53,-2.44,25.93,38.55,2.84
NU VTEX PAX AVGO ORCL,12.0,32.1,0.71,2,1.22,24.53,-1.81,25.54,38.91,1.77
NU VTEX AVGO ORCL ADYEN,15.6,33.8,0.8,2,1.4,24.53,-2.45,25.1,39.77,2.36
NU VTEX 300750.SZ PAX RDDT,11.8,30.4,0.72,2,1.08,24.53,-1.98,25.4,39.17,1.8
NU VTEX 300750.SZ ADYEN RDDT,15.2,32.1,0.81,2,1.25,24.53,-2.63,24.96,40.02,2.39
VTEX FLUT PAX 1810.HK TSM,11.8,33.3,0.78,2,1.03,24.53,-3.28,25.92,38.84,1.41
VTEX FLUT 1810.HK TSM ADYEN,15.2,35.0,0.87,2,1.21,24.53,-3.96,25.49,39.71,2.01
6669.TW NU FLUT NVDA TSM,9.8,43.7,0.77,2,1.33,24.53,-4.72,27.83,36.34,-0.25
NU FLUT DLO PAX RDDT,10.8,31.9,0.67,3,1.2,24.52,-1.38,26.12,37.85,1.23
NU FLUT DLO ADYEN RDDT,13.6,33.6,0.76,3,1.37,24.52,-2.02,25.69,38.73,1.83
VTEX DLO AVGO ORCL RHM,16.3,36.4,0.83,2,1.45,24.52,-2.28,24.5,40.52,2.6
VTEX 300750.SZ DLO RHM RDDT,15.9,34.8,0.84,2,1.3,24.52,-2.45,24.36,40.77,2.64
6669.TW FLUT PAX AVGO NVDA,8.6,45.0,0.69,3,1.35,24.52,-4.07,27.23,37.06,-0.45
6669.TW FLUT AVGO NVDA ADYEN,10.3,46.7,0.78,3,1.52,24.52,-4.77,26.81,37.96,0.18
VTEX DLO 1810.HK AVGO ORCL,15.9,35.2,0.82,2,1.16,24.52,-3.79,24.04,41.64,1.77
VTEX FLUT DLO UBER TSM,14.2,35.4,0.84,1,1.11,24.51,-2.65,25.53,39.16,2.01
VTEX 300750.SZ DLO 1810.HK RDDT,15.4,33.5,0.82,2,1.01,24.51,-3.98,23.9,41.88,1.8
6669.TW VTEX PAX RHM UBER,9.4,32.9,0.7,1,1.26,24.51,-2.41,26.81,37.12,1.55
6669.TW VTEX RHM UBER ADYEN,11.4,34.6,0.79,1,1.43,24.51,-3.07,26.38,38.01,2.14
NU FLUT 1810.HK ORCL RHM,13.3,38.6,0.75,2,1.32,24.51,-4.91,25.8,39.5,0.82
6669.TW VTEX PAX 1810.HK UBER,9.2,31.7,0.69,1,0.97,24.51,-3.93,26.37,38.31,0.68
6669.TW VTEX 1810.HK UBER ADYEN,11.2,33.4,0.78,1,1.14,24.51,-4.62,25.94,39.19,1.29
NU VTEX 300750.SZ PAX AVGO,11.6,35.1,0.71,2,0.96,24.51,-0.57,25.3,38.74,2.54
NU VTEX 300750.SZ AVGO ADYEN,14.9,36.8,0.8,2,1.14,24.51,-1.19,24.86,39.6,3.12
VTEX FLUT PAX NVDA ADYEN,11.6,37.9,0.76,2,1.43,24.5,-2.73,25.47,39.24,0.84
NU FLUT DLO PAX AVGO,10.7,36.6,0.66,3,1.08,24.5,0.01,26.03,37.41,1.99
NU FLUT DLO AVGO ADYEN,13.4,38.3,0.75,3,1.26,24.5,-0.61,25.59,38.3,2.58
NU VTEX DLO ORCL NVDA,14.4,36.8,0.79,2,1.37,24.5,-3.18,24.67,40.52,0.78
VTEX 300750.SZ DLO AVGO RHM,15.6,39.5,0.83,1,1.19,24.5,-1.02,24.26,40.36,3.36
VTEX 300750.SZ DLO 1810.HK AVGO,15.1,38.2,0.82,1,0.9,24.49,-2.48,23.79,41.47,2.54
6669.TW NU DLO 1810.HK RHM,10.4,35.9,0.71,2,1.14,24.49,-2.23,26.47,37.52,1.72
VTEX FLUT NVDA TSM RDDT,15.6,42.6,0.91,2,1.54,24.49,-5.96,25.4,40.33,0.58
NU FLUT 300750.SZ 1810.HK RHM,12.8,41.7,0.74,2,1.05,24.48,-3.54,25.56,39.34,1.63
6669.TW FLUT ORCL RHM TSM,10.3,36.8,0.78,2,1.47,24.48,-5.76,27.88,36.46,0.18
6669.TW NU AVGO RHM RDDT,11.2,40.4,0.76,2,1.51,24.48,-3.36,26.8,37.38,1.87
6669.TW NU 300750.SZ ORCL RDDT,10.2,32.7,0.7,2,1.23,24.48,-5.97,26.95,38.0,-0.3
6669.TW FLUT 1810.HK ORCL TSM,10.1,35.6,0.77,2,1.18,24.48,-7.45,27.46,37.67,-0.72
6669.TW NU 1810.HK AVGO RDDT,11.0,39.2,0.75,2,1.22,24.48,-4.93,26.37,38.57,1.02
NU VTEX 300750.SZ DLO NVDA,13.8,39.9,0.79,2,1.1,24.47,-1.89,24.43,40.36,1.58
NU VTEX PAX RHM RDDT,12.7,31.7,0.75,2,1.42,24.47,-1.41,25.47,38.68,2.5
NU VTEX RHM ADYEN RDDT,16.8,33.4,0.84,2,1.59,24.47,-2.05,25.03,39.54,3.08
6669.TW VTEX NVDA UBER RDDT,11.4,41.0,0.82,2,1.48,24.46,-6.66,25.86,39.82,-0.17
VTEX FLUT AVGO NVDA TSM,15.3,47.3,0.91,2,1.42,24.46,-4.36,25.3,39.91,1.35
NU VTEX PAX 1810.HK RDDT,12.4,30.5,0.74,2,1.13,24.46,-2.88,25.02,39.83,1.66
NU VTEX 1810.HK ADYEN RDDT,16.3,32.1,0.83,2,1.3,24.46,-3.55,24.57,40.68,2.26
6669.TW FLUT 300750.SZ RHM TSM,10.0,39.9,0.78,1,1.21,24.46,-4.36,27.66,36.28,1.0
6669.TW NU 300750.SZ AVGO ORCL,10.0,37.4,0.7,3,1.11,24.46,-4.38,26.86,37.57,0.49
6669.TW FLUT 300750.SZ 1810.HK TSM,9.8,38.6,0.77,2,0.92,24.45,-5.98,27.23,37.5,0.12
6669.TW FLUT PAX ORCL NVDA,8.4,38.5,0.66,3,1.41,24.45,-6.08,27.44,37.18,-1.99
6669.TW FLUT ORCL NVDA ADYEN,10.0,40.2,0.75,3,1.58,24.45,-6.82,27.02,38.07,-1.33
VTEX DLO 1810.HK RHM RDDT,17.1,34.8,0.86,2,1.35,24.45,-3.37,23.97,41.42,2.5
NU VTEX DLO UBER RDDT,15.2,32.6,0.8,2,1.21,24.45,-2.26,24.62,40.14,2.26
NU VTEX PAX AVGO RHM,12.5,36.4,0.74,2,1.3,24.44,-0.02,25.37,38.24,3.23
NU VTEX AVGO RHM ADYEN,16.4,38.1,0.83,2,1.48,24.44,-0.63,24.93,39.12,3.8
6669.TW VTEX AVGO NVDA UBER,11.2,45.7,0.81,3,1.36,24.44,-5.03,25.76,39.39,0.62
NU VTEX 300750.SZ PAX ORCL,11.2,28.7,0.69,2,1.02,24.44,-2.36,25.53,38.86,1.14
NU VTEX 300750.SZ ORCL ADYEN,14.3,30.3,0.77,2,1.2,24.44,-3.02,25.09,39.72,1.74
NU VTEX PAX 1810.HK AVGO,12.2,35.2,0.73,2,1.01,24.44,-1.43,24.92,39.41,2.41
NU VTEX 1810.HK AVGO ADYEN,16.0,36.9,0.82,2,1.19,24.44,-2.07,24.47,40.26,2.99
6669.TW VTEX PAX TSM RDDT,9.8,28.6,0.77,2,1.28,24.44,-3.68,27.14,36.81,1.04
6669.TW VTEX TSM ADYEN RDDT,12.1,30.3,0.86,2,1.46,24.44,-4.37,26.72,37.71,1.64
NU FLUT DLO PAX ORCL,10.3,30.1,0.64,3,1.14,24.43,-1.76,26.25,37.53,0.56
NU FLUT DLO ORCL ADYEN,12.8,31.8,0.73,3,1.32,24.43,-2.4,25.82,38.42,1.18
VTEX 300750.SZ DLO ORCL RHM,14.9,33.0,0.8,1,1.25,24.43,-2.84,24.49,40.47,2.0
VTEX DLO 1810.HK AVGO RHM,16.7,39.5,0.85,1,1.24,24.43,-1.9,23.87,41.01,3.23
6669.TW FLUT 300750.SZ PAX NVDA,8.2,41.6,0.66,2,1.15,24.43,-4.67,27.22,37.0,-1.12
6669.TW FLUT 300750.SZ NVDA ADYEN,9.7,43.3,0.75,2,1.32,24.43,-5.38,26.8,37.9,-0.47
VTEX 300750.SZ DLO 1810.HK ORCL,14.5,31.7,0.79,1,0.96,24.43,-4.38,24.03,41.58,1.14
NU VTEX DLO AVGO UBER,14.9,37.3,0.79,2,1.09,24.42,-0.83,24.52,39.72,2.99
VTEX 300750.SZ AVGO ORCL RDDT,16.1,36.2,0.85,2,1.32,24.42,-5.6,24.38,41.46,1.3
6669.TW NU ORCL RHM RDDT,10.8,34.0,0.74,2,1.57,24.42,-5.33,27.02,37.5,0.44
6669.TW NU 1810.HK ORCL RDDT,10.6,32.7,0.73,2,1.28,24.41,-7.0,26.59,38.69,-0.45
6669.TW VTEX PAX AVGO TSM,9.7,33.3,0.77,2,1.16,24.41,-2.2,27.05,36.36,1.8
6669.TW VTEX AVGO TSM ADYEN,11.9,35.0,0.85,2,1.34,24.41,-2.85,26.63,37.27,2.39
FLUT DLO AVGO ORCL RDDT,14.3,37.7,0.8,2,1.44,24.41,-4.93,25.12,40.2,0.73
NU VTEX DLO RHM NVDA,15.1,41.2,0.82,2,1.44,24.41,-1.32,24.5,39.88,2.29
NU FLUT 300750.SZ DLO PAX,10.0,33.2,0.63,3,0.88,24.41,-0.52,26.02,37.35,1.37
NU FLUT 300750.SZ DLO ADYEN,12.4,34.9,0.72,3,1.05,24.41,-1.14,25.58,38.24,1.97
NU VTEX DLO 1810.HK NVDA,14.7,39.9,0.81,2,1.16,24.4,-2.79,24.04,41.01,1.45
6669.TW FLUT PAX UBER RDDT,8.7,34.2,0.67,1,1.25,24.4,-5.07,27.39,36.77,-0.39
6669.TW FLUT UBER ADYEN RDDT,10.4,35.9,0.75,1,1.43,24.4,-5.79,26.97,37.68,0.24
VTEX FLUT ORCL NVDA TSM,14.6,40.8,0.88,2,1.48,24.4,-6.39,25.53,40.03,-0.1
NU VTEX AVGO NVDA RDDT,16.4,44.4,0.86,2,1.52,24.4,-3.95,24.39,40.88,1.6
6669.TW NU AVGO ORCL RHM,10.7,38.7,0.73,3,1.45,24.39,-3.76,26.93,37.06,1.22
6669.TW NU 300750.SZ RHM RDDT,10.5,37.0,0.73,1,1.3,24.39,-3.95,26.79,37.33,1.25
6669.TW FLUT 1810.HK RHM TSM,10.5,39.9,0.8,2,1.26,24.39,-5.33,27.3,36.99,0.86
6669.TW NU 1810.HK AVGO ORCL,10.5,37.4,0.72,3,1.16,24.39,-5.35,26.49,38.26,0.35
6669.TW NU FLUT UBER TSM,9.7,37.7,0.74,1,1.11,24.39,-4.15,27.9,35.59,0.6
6669.TW NU 300750.SZ 1810.HK RDDT,10.3,35.8,0.72,1,1.02,24.39,-5.54,26.36,38.52,0.38
FLUT 300750.SZ DLO AVGO RDDT,13.7,40.8,0.79,1,1.18,24.38,-3.57,24.88,40.04,1.53
6669.TW VTEX DLO NVDA TSM,11.2,38.1,0.84,2,1.31,24.38,-3.59,26.21,38.06,0.82
6669.TW FLUT PAX AVGO UBER,8.6,39.0,0.66,2,1.14,24.38,-3.52,27.3,36.32,0.4
6669.TW FLUT AVGO UBER ADYEN,10.3,40.6,0.75,2,1.31,24.38,-4.2,26.88,37.23,1.02
NU VTEX PAX ORCL RHM,12.1,29.9,0.72,2,1.36,24.38,-1.79,25.6,38.36,1.86
NU VTEX ORCL RHM ADYEN,15.7,31.6,0.81,2,1.54,24.38,-2.43,25.16,39.23,2.45
6669.TW VTEX ORCL NVDA UBER,10.9,39.2,0.79,3,1.42,24.38,-7.1,25.99,39.51,-0.86
NU VTEX PAX 1810.HK ORCL,11.8,28.7,0.71,2,1.07,24.37,-3.28,25.15,39.53,1.0
NU VTEX 1810.HK ORCL ADYEN,15.2,30.4,0.79,2,1.25,24.37,-3.95,24.71,40.38,1.61
VTEX FLUT 300750.SZ NVDA TSM,14.0,43.9,0.88,1,1.22,24.37,-4.96,25.29,39.86,0.72
6669.TW NU 300750.SZ AVGO RHM,10.4,41.7,0.73,2,1.19,24.37,-2.45,26.7,36.88,2.01
6669.TW NU 300750.SZ 1810.HK AVGO,10.2,40.5,0.72,2,0.9,24.36,-3.97,26.26,38.08,1.16
6669.TW FLUT PAX RHM NVDA,8.7,42.8,0.69,2,1.49,24.36,-4.05,27.28,36.49,-0.35
6669.TW FLUT RHM NVDA ADYEN,10.4,44.5,0.78,2,1.66,24.36,-4.74,26.86,37.4,0.28
VTEX DLO 1810.HK ORCL RHM,15.9,33.0,0.82,1,1.3,24.36,-3.77,24.1,41.12,1.86
VTEX FLUT PAX UBER ADYEN,11.5,31.9,0.74,2,1.22,24.36,-2.2,25.55,38.53,1.66
NU VTEX DLO ORCL UBER,14.3,30.8,0.76,2,1.15,24.36,-2.64,24.75,39.84,1.61
6669.TW FLUT PAX 1810.HK NVDA,8.5,41.6,0.68,2,1.2,24.36,-5.65,26.85,37.7,-1.27
6669.TW FLUT 1810.HK NVDA ADYEN,10.2,43.3,0.77,2,1.37,24.36,-6.38,26.43,38.58,-0.62
VTEX AVGO ORCL RHM RDDT,17.9,37.5,0.88,2,1.66,24.35,-4.96,24.45,40.99,2.02
NU VTEX 300750.SZ PAX RHM,11.6,33.0,0.71,2,1.1,24.35,-0.55,25.36,38.19,2.64
NU VTEX 300750.SZ RHM ADYEN,15.0,34.7,0.8,2,1.27,24.35,-1.17,24.92,39.06,3.21
6669.TW VTEX 300750.SZ NVDA UBER,10.5,42.2,0.78,2,1.16,24.35,-5.64,25.75,39.34,-0.02
VTEX 1810.HK AVGO ORCL RDDT,17.4,36.3,0.87,2,1.38,24.35,-6.61,23.99,42.09,1.16
NU VTEX 300750.SZ PAX 1810.HK,11.4,31.8,0.7,2,0.81,24.35,-1.98,24.91,39.36,1.8
NU VTEX 300750.SZ 1810.HK ADYEN,14.6,33.4,0.79,2,0.99,24.35,-2.63,24.46,40.21,2.39
6669.TW VTEX PAX ORCL TSM,9.4,26.8,0.74,2,1.22,24.35,-4.09,27.27,36.48,0.37
6669.TW VTEX ORCL TSM ADYEN,11.5,28.5,0.83,2,1.4,24.35,-4.78,26.85,37.39,0.98
VTEX FLUT UBER TSM RDDT,15.4,36.5,0.89,2,1.33,24.35,-5.37,25.48,39.64,1.41
NU FLUT DLO PAX RHM,10.7,34.5,0.67,3,1.22,24.34,0.03,26.08,36.84,2.08
NU FLUT DLO RHM ADYEN,13.4,36.2,0.75,3,1.39,24.34,-0.58,25.65,37.74,2.67
6669.TW FLUT DLO NVDA UBER,9.7,43.7,0.73,2,1.28,24.34,-4.97,26.47,38.03,-0.62
NU FLUT DLO PAX 1810.HK,10.5,33.2,0.65,3,0.93,24.34,-1.38,25.64,38.04,1.23
NU FLUT DLO 1810.HK ADYEN,13.1,34.9,0.74,3,1.11,24.34,-2.02,25.2,38.92,1.83
VTEX 300750.SZ DLO 1810.HK RHM,15.2,36.1,0.82,1,1.04,24.34,-2.45,23.86,40.96,2.64
NU VTEX 300750.SZ DLO UBER,13.7,33.9,0.76,2,0.89,24.33,-1.37,24.51,39.67,2.39
NU FLUT PAX AVGO RDDT,11.3,37.7,0.71,2,1.3,24.33,-2.49,25.97,37.91,1.39
NU FLUT AVGO ADYEN RDDT,14.4,39.4,0.8,2,1.47,24.33,-3.15,25.54,38.79,1.99
NU VTEX ORCL NVDA RDDT,15.7,37.9,0.84,2,1.58,24.33,-5.95,24.62,40.99,0.16
VTEX 300750.SZ AVGO RHM RDDT,17.0,40.6,0.87,2,1.4,24.33,-3.6,24.21,40.83,2.79
VTEX FLUT AVGO UBER TSM,15.1,41.3,0.88,1,1.21,24.32,-3.8,25.38,39.22,2.17
VTEX 300750.SZ 1810.HK AVGO RDDT,16.5,39.3,0.86,2,1.11,24.32,-5.18,23.74,41.93,1.96
6669.TW NU 1810.HK RHM RDDT,11.0,37.0,0.75,1,1.36,24.32,-4.91,26.42,38.02,1.11
6669.TW VTEX 300750.SZ PAX TSM,9.2,29.9,0.74,1,0.96,24.32,-2.76,27.04,36.3,1.18
6669.TW VTEX 300750.SZ TSM ADYEN,11.1,31.6,0.82,1,1.14,24.32,-3.42,26.62,37.21,1.78
FLUT DLO AVGO RHM RDDT,15.0,42.0,0.83,1,1.52,24.32,-2.97,24.95,39.56,2.24
FLUT 300750.SZ DLO ORCL RDDT,13.2,34.3,0.77,1,1.24,24.32,-5.54,25.11,40.15,0.09
FLUT DLO 1810.HK AVGO RDDT,14.6,40.8,0.81,2,1.23,24.32,-4.52,24.49,40.69,1.39
6669.TW FLUT DLO PAX TSM,8.5,31.4,0.69,2,1.08,24.31,-2.15,27.74,34.9,0.6
6669.TW FLUT DLO TSM ADYEN,10.2,33.1,0.78,2,1.26,24.31,-2.8,27.32,35.84,1.21
6669.TW FLUT PAX ORCL UBER,8.4,32.5,0.63,2,1.2,24.31,-5.49,27.52,36.45,-1.09
6669.TW FLUT ORCL UBER ADYEN,9.9,34.1,0.72,2,1.37,24.31,-6.22,27.1,37.35,-0.45
VTEX FLUT RHM NVDA TSM,15.3,45.1,0.91,1,1.56,24.31,-4.34,25.36,39.38,1.45
NU VTEX AVGO ORCL NVDA,15.3,42.7,0.83,3,1.47,24.31,-4.35,24.52,40.58,0.94
NU VTEX 300750.SZ NVDA RDDT,15.0,41.0,0.83,2,1.32,24.3,-4.54,24.38,40.83,0.98
VTEX FLUT 1810.HK NVDA TSM,14.9,43.9,0.9,2,1.27,24.3,-5.96,24.91,40.52,0.58
6669.TW NU 300750.SZ ORCL RHM,10.0,35.2,0.7,2,1.25,24.3,-4.35,26.92,37.0,0.59
6669.TW NU 1810.HK AVGO RHM,10.8,41.8,0.75,2,1.24,24.3,-3.36,26.33,37.58,1.87
6669.TW NU 300750.SZ 1810.HK ORCL,9.9,34.0,0.69,2,0.96,24.3,-5.97,26.48,38.2,-0.3
NU FLUT DLO NVDA RDDT,13.4,42.5,0.79,2,1.44,24.3,-3.89,25.12,39.56,0.4
FLUT 300750.SZ DLO AVGO ORCL,13.0,39.0,0.76,2,1.13,24.29,-3.97,25.01,39.73,0.87
6669.TW VTEX RHM NVDA UBER,11.3,43.5,0.81,2,1.5,24.29,-5.0,25.82,38.85,0.72
6669.TW FLUT 300750.SZ PAX UBER,8.2,35.5,0.63,1,0.93,24.29,-4.1,27.29,36.26,-0.24
6669.TW FLUT 300750.SZ UBER ADYEN,9.7,37.2,0.72,1,1.11,24.29,-4.8,26.87,37.18,0.38
NU VTEX PAX 1810.HK RHM,12.3,33.0,0.73,2,1.15,24.28,-1.41,24.98,38.87,2.5
NU VTEX 1810.HK RHM ADYEN,16.0,34.7,0.82,2,1.33,24.28,-2.05,24.54,39.73,3.08
6669.TW VTEX 1810.HK NVDA UBER,11.0,42.3,0.8,2,1.21,24.28,-6.66,25.38,40.0,-0.17
NU VTEX 300750.SZ AVGO NVDA,14.7,45.7,0.83,2,1.2,24.28,-3.01,24.28,40.41,1.74
NU FLUT DLO AVGO NVDA,13.1,47.2,0.78,2,1.32,24.27,-2.4,25.02,39.13,1.17
NU VTEX DLO RHM UBER,14.9,35.2,0.79,2,1.23,24.27,-0.81,24.58,39.19,3.08
NU FLUT PAX ORCL RDDT,10.9,31.2,0.68,2,1.36,24.26,-4.4,26.2,38.03,-0.06
NU FLUT ORCL ADYEN RDDT,13.8,32.9,0.77,2,1.53,24.26,-5.1,25.77,38.91,0.56
NU VTEX DLO 1810.HK UBER,14.5,33.9,0.78,2,0.94,24.26,-2.26,24.12,40.33,2.26
VTEX 300750.SZ ORCL RHM RDDT,16.2,34.1,0.85,2,1.46,24.26,-5.57,24.44,40.94,1.4
VTEX 1810.HK AVGO RHM RDDT,18.4,40.6,0.9,2,1.45,24.26,-4.55,23.81,41.47,2.66
VTEX FLUT ORCL UBER TSM,14.4,34.8,0.85,1,1.27,24.26,-5.79,25.61,39.34,0.75
VTEX 300750.SZ 1810.HK ORCL RDDT,15.7,32.8,0.84,2,1.17,24.26,-7.26,23.98,42.04,0.53
6669.TW VTEX PAX RHM TSM,9.7,31.2,0.77,1,1.3,24.26,-2.18,27.11,35.78,1.89
6669.TW VTEX RHM TSM ADYEN,11.9,32.9,0.86,1,1.48,24.26,-2.83,26.68,36.7,2.48
NU VTEX AVGO UBER RDDT,16.2,38.4,0.84,2,1.31,24.25,-3.39,24.47,40.2,2.41
FLUT DLO ORCL RHM RDDT,14.3,35.6,0.8,1,1.58,24.25,-4.91,25.18,39.67,0.82
6669.TW VTEX PAX 1810.HK TSM,9.5,29.9,0.76,1,1.01,24.25,-3.68,26.67,37.01,1.04
6669.TW VTEX 1810.HK TSM ADYEN,11.7,31.6,0.85,1,1.19,24.25,-4.37,26.25,37.91,1.64
FLUT DLO 1810.HK ORCL RDDT,14.0,34.3,0.79,2,1.29,24.25,-6.55,24.73,40.8,-0.06
6669.TW NU DLO PAX RDDT,8.9,28.6,0.64,3,1.18,24.25,-1.76,26.87,35.98,0.86
6669.TW NU DLO ADYEN RDDT,10.7,30.2,0.73,3,1.36,24.25,-2.41,26.45,36.89,1.46
NU FLUT PAX AVGO ORCL,10.8,35.9,0.68,2,1.24,24.24,-2.88,26.1,37.59,0.73
NU FLUT AVGO ORCL ADYEN,13.6,37.6,0.76,2,1.42,24.24,-3.54,25.67,38.48,1.34
NU VTEX RHM NVDA RDDT,16.5,42.3,0.87,2,1.66,24.24,-3.92,24.45,40.36,1.7
NU FLUT 300750.SZ PAX RDDT,10.6,34.3,0.68,2,1.09,24.24,-3.05,25.97,37.85,0.76
NU FLUT 300750.SZ ADYEN RDDT,13.3,36.0,0.77,2,1.27,24.24,-3.73,25.53,38.73,1.37
VTEX 300750.SZ AVGO ORCL RHM,15.8,38.8,0.84,2,1.35,24.24,-4.0,24.34,40.53,2.15
6669.TW VTEX DLO UBER TSM,11.1,32.1,0.81,1,1.1,24.24,-3.04,26.29,37.34,1.64
NU VTEX 1810.HK NVDA RDDT,16.0,41.0,0.86,2,1.37,24.24,-5.52,23.99,41.47,0.84
VTEX 300750.SZ 1810.HK AVGO ORCL,15.4,37.5,0.83,2,1.06,24.23,-5.6,23.88,41.64,1.3
6669.TW NU 1810.HK ORCL RHM,10.5,35.3,0.72,2,1.3,24.23,-5.33,26.55,37.7,0.44
VTEX FLUT 300750.SZ UBER TSM,13.9,37.8,0.85,1,1.01,24.23,-4.39,25.37,39.17,1.55
FLUT DLO AVGO ORCL RHM,14.1,40.3,0.79,2,1.47,24.23,-3.36,25.08,39.25,1.59
FLUT 300750.SZ DLO RHM RDDT,13.8,38.6,0.8,1,1.32,24.23,-3.54,24.94,39.5,1.63
FLUT DLO 1810.HK AVGO ORCL,13.7,39.0,0.78,2,1.18,24.23,-4.93,24.63,40.39,0.73
FLUT 300750.SZ DLO 1810.HK RDDT,13.4,37.4,0.79,2,1.03,24.22,-5.12,24.48,40.64,0.76
6669.TW VTEX PAX NVDA ADYEN,9.4,34.6,0.74,2,1.42,24.22,-3.12,26.23,37.42,0.46
6669.TW NU DLO PAX AVGO,8.8,33.3,0.64,3,1.06,24.22,-0.36,26.78,35.52,1.62
6669.TW NU DLO AVGO ADYEN,10.6,35.0,0.72,3,1.24,24.22,-0.97,26.35,36.44,2.21
6669.TW FLUT PAX RHM UBER,8.6,36.8,0.66,1,1.27,24.22,-3.49,27.36,35.74,0.5
6669.TW FLUT RHM UBER ADYEN,10.3,38.5,0.75,1,1.45,24.22,-4.18,26.94,36.67,1.11
6669.TW FLUT PAX 1810.HK UBER,8.5,35.6,0.65,2,0.99,24.22,-5.07,26.93,36.97,-0.39
6669.TW FLUT 1810.HK UBER ADYEN,10.1,37.2,0.74,2,1.16,24.22,-5.79,26.5,37.87,0.24
NU VTEX AVGO RHM NVDA,16.1,47.0,0.86,2,1.54,24.22,-2.43,24.35,39.94,2.45
NU FLUT 300750.SZ PAX AVGO,10.4,39.0,0.67,2,0.98,24.22,-1.59,25.87,37.41,1.53
NU FLUT 300750.SZ AVGO ADYEN,13.0,40.7,0.76,2,1.15,24.22,-2.24,25.43,38.3,2.12
NU VTEX 300750.SZ ORCL NVDA,14.0,39.2,0.8,2,1.26,24.21,-4.95,24.51,40.53,0.31
NU VTEX 1810.HK AVGO NVDA,15.7,45.7,0.85,2,1.26,24.21,-3.95,23.89,41.06,1.6
6669.TW VTEX NVDA TSM RDDT,11.9,39.2,0.89,2,1.52,24.21,-6.39,26.16,38.56,0.2
6669.TW NU 300750.SZ 1810.HK RHM,10.2,38.3,0.72,1,1.04,24.21,-3.95,26.32,37.52,1.25
NU FLUT DLO ORCL NVDA,12.6,40.7,0.75,2,1.38,24.21,-4.3,25.25,39.25,-0.29
NU VTEX DLO PAX ADYEN,11.9,26.2,0.71,4,1.15,24.21,0.85,25.0,37.77,2.84
FLUT 300750.SZ DLO AVGO RHM,13.5,43.3,0.79,1,1.2,24.2,-2.06,24.84,39.08,2.37
FLUT 300750.SZ DLO 1810.HK AVGO,13.2,42.1,0.78,2,0.92,24.2,-3.57,24.38,40.22,1.53
VTEX 1810.HK ORCL RHM RDDT,17.4,34.1,0.87,2,1.51,24.19,-6.59,24.05,41.58,1.26
NU VTEX DLO TSM RDDT,16.1,30.9,0.86,2,1.26,24.19,-2.03,24.93,38.89,2.59
NU VTEX ORCL UBER RDDT,15.5,31.9,0.81,2,1.37,24.19,-5.36,24.7,40.32,1.0
6669.TW VTEX AVGO NVDA TSM,11.7,43.9,0.88,3,1.41,24.19,-4.78,26.07,38.12,0.98
NU FLUT 300750.SZ DLO NVDA,12.2,43.8,0.75,2,1.12,24.18,-2.96,25.01,39.08,0.54
VTEX DLO PAX AVGO RDDT,13.2,32.1,0.78,2,1.28,24.18,-1.43,24.29,39.58,2.41
VTEX DLO AVGO ADYEN RDDT,17.5,33.8,0.87,2,1.45,24.18,-2.07,23.84,40.43,2.99
NU FLUT PAX RHM RDDT,11.3,35.6,0.71,2,1.43,24.17,-2.47,26.03,37.35,1.49
NU FLUT RHM ADYEN RDDT,14.4,37.3,0.8,2,1.61,24.17,-3.13,25.6,38.24,2.08
6669.TW FLUT NVDA UBER RDDT,10.3,44.8,0.78,2,1.5,24.17,-7.9,26.42,38.52,-1.27
NU FLUT PAX 1810.HK RDDT,11.1,34.3,0.7,2,1.15,24.17,-3.99,25.59,38.54,0.62
NU FLUT 1810.HK ADYEN RDDT,14.1,36.0,0.79,2,1.32,24.17,-4.68,25.15,39.41,1.23
VTEX 1810.HK AVGO ORCL RHM,17.0,38.8,0.86,2,1.4,24.17,-4.96,23.95,41.18,2.02
NU VTEX DLO AVGO TSM,15.8,35.6,0.86,2,1.14,24.17,-0.61,24.83,38.46,3.32
VTEX FLUT RHM UBER TSM,15.1,39.1,0.88,1,1.35,24.17,-3.78,25.44,38.68,2.26
VTEX 300750.SZ 1810.HK RHM RDDT,16.5,37.2,0.87,2,1.25,24.17,-5.15,23.8,41.42,2.05
NU VTEX AVGO ORCL UBER,15.1,36.6,0.8,2,1.25,24.17,-3.79,24.6,39.9,1.77
NU VTEX 300750.SZ UBER RDDT,14.8,35.0,0.81,2,1.11,24.16,-3.98,24.46,40.15,1.8
VTEX FLUT 1810.HK UBER TSM,14.7,37.9,0.87,2,1.06,24.16,-5.37,24.99,39.83,1.41
FLUT DLO 1810.HK RHM RDDT,14.6,38.7,0.82,2,1.37,24.16,-4.49,24.56,40.16,1.49
6669.TW NU DLO PAX ORCL,8.6,26.8,0.61,3,1.12,24.16,-2.14,27.0,35.64,0.18
6669.TW NU DLO ORCL ADYEN,10.2,28.5,0.7,3,1.3,24.16,-2.79,26.57,36.57,0.8
NU FLUT DLO UBER RDDT,13.2,36.5,0.76,2,1.23,24.16,-3.34,25.2,38.86,1.23
NU FLUT PAX AVGO RHM,11.2,40.3,0.7,2,1.32,24.15,-1.03,25.94,36.9,2.24
NU FLUT AVGO RHM ADYEN,14.2,42.0,0.79,2,1.49,24.15,-1.66,25.5,37.8,2.82
6669.TW FLUT AVGO NVDA UBER,10.1,49.5,0.77,3,1.38,24.15,-6.21,26.32,38.09,-0.45
NU VTEX ORCL RHM NVDA,15.4,40.5,0.83,2,1.6,24.15,-4.33,24.58,40.05,1.04
NU FLUT 300750.SZ PAX ORCL,10.1,32.5,0.65,2,1.04,24.15,-3.45,26.09,37.53,0.09
NU FLUT 300750.SZ ORCL ADYEN,12.5,34.2,0.74,2,1.21,24.15,-4.13,25.66,38.42,0.71
NU FLUT PAX 1810.HK AVGO,10.9,39.0,0.69,2,1.03,24.15,-2.49,25.49,38.1,1.39
NU FLUT 1810.HK AVGO ADYEN,13.8,40.7,0.78,2,1.21,24.15,-3.15,25.05,38.98,1.99
NU VTEX 1810.HK ORCL NVDA,14.9,39.3,0.82,2,1.32,24.15,-5.95,24.12,41.18,0.16
6669.TW FLUT PAX TSM RDDT,9.0,32.5,0.73,1,1.3,24.14,-4.82,27.69,35.43,-0.02
6669.TW FLUT TSM ADYEN RDDT,10.8,34.2,0.82,1,1.47,24.14,-5.53,27.27,36.36,0.6
VTEX 300750.SZ 1810.HK AVGO RHM,16.2,41.9,0.86,1,1.14,24.14,-3.6,23.7,41.01,2.79
NU VTEX 300750.SZ AVGO UBER,14.5,39.7,0.8,1,0.99,24.14,-2.48,24.36,39.73,2.54
FLUT 300750.SZ DLO ORCL RHM,13.0,36.9,0.76,1,1.26,24.14,-3.94,25.07,39.19,0.97
FLUT DLO 1810.HK AVGO RHM,14.4,43.4,0.81,2,1.26,24.14,-2.97,24.46,39.75,2.24
FLUT 300750.SZ DLO 1810.HK ORCL,12.7,35.6,0.75,2,0.98,24.13,-5.54,24.62,40.34,0.09
VTEX FLUT PAX NVDA UBER,11.4,40.8,0.76,1,1.29,24.13,-4.08,24.98,39.36,0.22
VTEX FLUT NVDA UBER ADYEN,14.5,42.5,0.85,1,1.47,24.13,-4.77,24.53,40.22,0.84
NU FLUT DLO AVGO UBER,13.0,41.2,0.75,2,1.11,24.13,-1.87,25.1,38.43,1.99
6669.TW DLO AVGO ORCL RDDT,11.1,34.4,0.77,3,1.43,24.13,-5.35,25.89,38.43,0.35
6669.TW NU 300750.SZ DLO PAX,8.3,29.9,0.61,3,0.86,24.13,-0.89,26.77,35.46,1.0
6669.TW NU 300750.SZ DLO ADYEN,9.9,31.5,0.7,3,1.04,24.13,-1.51,26.34,36.39,1.6
FLUT 300750.SZ AVGO ORCL RDDT,13.9,40.1,0.81,2,1.34,24.13,-6.8,24.96,40.21,0.25
NU VTEX 300750.SZ RHM NVDA,14.7,43.6,0.83,1,1.34,24.12,-2.99,24.34,39.88,1.84
6669.TW FLUT PAX AVGO TSM,8.9,37.2,0.73,2,1.18,24.12,-3.28,27.59,34.96,0.76
6669.TW FLUT AVGO TSM ADYEN,10.7,38.9,0.81,2,1.36,24.12,-3.96,27.18,35.9,1.37
NU VTEX 300750.SZ 1810.HK NVDA,14.3,42.3,0.82,1,1.05,24.12,-4.54,23.88,41.01,0.98
6669.TW VTEX ORCL NVDA TSM,11.3,37.4,0.85,3,1.47,24.12,-6.83,26.29,38.24,-0.49
NU FLUT DLO RHM NVDA,13.2,45.1,0.78,2,1.46,24.12,-2.37,25.08,38.59,1.27
VTEX DLO PAX ORCL RDDT,12.6,25.6,0.76,2,1.34,24.11,-3.28,24.52,39.69,1.0
VTEX DLO ORCL ADYEN RDDT,16.7,27.3,0.85,2,1.51,24.11,-3.95,24.07,40.54,1.61
NU FLUT DLO 1810.HK NVDA,12.9,43.8,0.77,2,1.17,24.11,-3.89,24.63,39.75,0.4
6669.TW 300750.SZ DLO AVGO RDDT,10.8,37.4,0.77,2,1.17,24.11,-3.97,25.65,38.25,1.16
NU FLUT AVGO NVDA RDDT,14.2,48.3,0.82,2,1.54,24.1,-5.09,24.97,39.61,0.56
VTEX FLUT PAX TSM ADYEN,12.0,30.2,0.8,2,1.27,24.1,-1.97,25.85,37.24,2.01
NU VTEX DLO ORCL TSM,15.0,29.1,0.83,2,1.2,24.1,-2.41,25.06,38.58,1.95
NU VTEX RHM UBER RDDT,16.2,36.2,0.84,2,1.45,24.1,-3.37,24.53,39.67,2.5
NU VTEX 1810.HK UBER RDDT,15.8,35.0,0.83,2,1.16,24.09,-4.94,24.07,40.8,1.66
6669.TW VTEX 300750.SZ NVDA TSM,11.0,40.5,0.85,2,1.21,24.09,-5.38,26.06,38.07,0.34
VTEX DLO PAX AVGO ORCL,12.4,30.3,0.75,2,1.22,24.09,-1.81,24.42,39.27,1.77
VTEX DLO AVGO ORCL ADYEN,16.3,32.0,0.84,2,1.4,24.09,-2.45,23.97,40.12,2.36
VTEX 300750.SZ DLO PAX RDDT,12.2,28.7,0.76,2,1.08,24.09,-1.98,24.28,39.52,1.8
VTEX 300750.SZ DLO ADYEN RDDT,15.9,30.4,0.84,2,1.25,24.09,-2.63,23.83,40.37,2.39
6669.TW FLUT DLO NVDA TSM,10.1,42.0,0.8,2,1.33,24.09,-4.72,26.77,36.72,-0.25
NU FLUT PAX ORCL RHM,10.8,33.8,0.68,2,1.38,24.09,-2.85,26.16,37.03,0.82
NU FLUT ORCL RHM ADYEN,13.6,35.5,0.77,2,1.55,24.09,-3.52,25.73,37.92,1.43
6669.TW FLUT ORCL NVDA UBER,9.8,43.0,0.75,3,1.44,24.08,-8.36,26.55,38.21,-1.99
6669.TW VTEX PAX UBER ADYEN,9.4,28.5,0.71,2,1.21,24.08,-2.58,26.31,36.69,1.29
NU FLUT PAX 1810.HK ORCL,10.6,32.5,0.67,2,1.09,24.08,-4.4,25.72,38.22,-0.06
NU FLUT 1810.HK ORCL ADYEN,13.3,34.2,0.76,2,1.27,24.08,-5.1,25.28,39.1,0.56
VTEX 300750.SZ 1810.HK ORCL RHM,15.4,35.4,0.83,1,1.2,24.08,-5.57,23.94,41.12,1.4
NU VTEX 300750.SZ DLO TSM,14.4,32.2,0.83,2,0.94,24.08,-1.15,24.82,38.41,2.73
NU VTEX AVGO RHM UBER,15.9,41.0,0.83,1,1.33,24.08,-1.9,24.43,39.25,3.23
NU VTEX 300750.SZ ORCL UBER,13.9,33.2,0.77,1,1.05,24.07,-4.38,24.59,39.84,1.14
NU VTEX 1810.HK AVGO UBER,15.5,39.7,0.82,1,1.04,24.07,-3.39,23.97,40.39,2.41
FLUT DLO 1810.HK ORCL RHM,13.8,36.9,0.78,2,1.32,24.07,-4.91,24.69,39.86,0.82
6669.TW VTEX UBER TSM RDDT,11.8,33.2,0.86,2,1.31,24.07,-5.79,26.24,37.84,1.04
NU FLUT DLO ORCL UBER,12.5,34.7,0.72,2,1.17,24.07,-3.74,25.33,38.55,0.56
VTEX 300750.SZ DLO PAX AVGO,12.0,33.4,0.75,2,0.96,24.07,-0.57,24.18,39.1,2.54
VTEX 300750.SZ DLO AVGO ADYEN,15.6,35.1,0.84,2,1.14,24.07,-1.19,23.73,39.96,3.12
6669.TW NU DLO PAX RHM,8.8,31.1,0.64,3,1.2,24.07,-0.33,26.83,34.93,1.72
6669.TW NU DLO RHM ADYEN,10.6,32.8,0.73,3,1.38,24.07,-0.95,26.41,35.87,2.31
6669.TW NU DLO PAX 1810.HK,8.7,29.9,0.63,3,0.91,24.06,-1.76,26.4,36.18,0.86
6669.TW NU DLO 1810.HK ADYEN,10.4,31.6,0.72,3,1.09,24.06,-2.41,25.97,37.09,1.46
FLUT AVGO ORCL RHM RDDT,15.3,41.4,0.84,2,1.68,24.06,-6.14,25.03,39.73,0.99
NU FLUT 300750.SZ PAX RHM,10.5,36.9,0.68,2,1.12,24.06,-1.57,25.93,36.85,1.63
NU FLUT 300750.SZ RHM ADYEN,13.1,38.6,0.76,2,1.29,24.06,-2.21,25.49,37.75,2.22
6669.TW FLUT 300750.SZ NVDA UBER,9.5,46.1,0.74,2,1.18,24.06,-6.85,26.32,38.03,-1.12
FLUT 1810.HK AVGO ORCL RDDT,14.8,40.1,0.83,2,1.39,24.06,-7.86,24.57,40.86,0.11
NU VTEX 1810.HK RHM NVDA,15.7,43.6,0.85,1,1.39,24.06,-3.92,23.95,40.54,1.7
NU FLUT 300750.SZ PAX 1810.HK,10.3,35.6,0.66,2,0.83,24.06,-3.05,25.48,38.05,0.76
NU FLUT 300750.SZ 1810.HK ADYEN,12.8,37.3,0.75,2,1.0,24.06,-3.73,25.04,38.93,1.37
6669.TW FLUT PAX ORCL TSM,8.6,30.7,0.7,2,1.24,24.05,-5.24,27.81,35.09,-0.72
6669.TW FLUT ORCL TSM ADYEN,10.3,32.4,0.79,2,1.42,24.05,-5.96,27.39,36.03,-0.08
6669.TW NU PAX AVGO RDDT,9.2,34.4,0.68,2,1.28,24.05,-2.88,26.73,36.04,1.02
6669.TW NU AVGO ADYEN RDDT,11.2,36.1,0.77,2,1.46,24.05,-3.55,26.3,36.95,1.62
6669.TW VTEX AVGO UBER TSM,11.6,37.9,0.85,2,1.2,24.04,-4.21,26.14,37.4,1.8
FLUT 300750.SZ DLO 1810.HK RHM,13.2,39.9,0.78,2,1.05,24.04,-3.54,24.45,39.69,1.63
6669.TW DLO AVGO RHM RDDT,11.5,38.7,0.8,2,1.51,24.04,-3.36,25.72,37.75,1.87
NU FLUT 300750.SZ DLO UBER,12.1,37.8,0.72,2,0.91,24.04,-2.42,25.09,38.37,1.37
6669.TW 300750.SZ DLO ORCL RDDT,10.4,30.9,0.74,2,1.23,24.04,-5.97,25.88,38.37,-0.3
NU FLUT ORCL NVDA RDDT,13.6,41.8,0.8,2,1.6,24.04,-7.17,25.2,39.73,-0.93
6669.TW DLO 1810.HK AVGO RDDT,11.3,37.4,0.79,2,1.22,24.04,-4.93,25.27,38.93,1.02
NU VTEX PAX ADYEN RDDT,12.7,27.3,0.76,3,1.37,24.04,-1.58,24.95,38.26,2.26
FLUT 300750.SZ AVGO RHM RDDT,14.6,44.4,0.84,1,1.42,24.03,-4.73,24.79,39.56,1.78
FLUT 300750.SZ 1810.HK AVGO RDDT,14.2,43.2,0.82,2,1.13,24.03,-6.37,24.33,40.7,0.93
6669.TW VTEX RHM NVDA TSM,11.7,41.8,0.88,2,1.55,24.03,-4.75,26.13,37.57,1.07
6669.TW FLUT 300750.SZ PAX TSM,8.4,33.8,0.7,1,0.98,24.03,-3.86,27.58,34.9,0.12
6669.TW FLUT 300750.SZ TSM ADYEN,10.0,35.5,0.79,1,1.16,24.03,-4.55,27.17,35.84,0.74
6669.TW VTEX 1810.HK NVDA TSM,11.5,40.5,0.87,2,1.26,24.03,-6.39,25.68,38.75,0.2
VTEX DLO PAX RHM RDDT,13.2,29.9,0.79,2,1.42,24.02,-1.41,24.35,39.04,2.5
VTEX DLO RHM ADYEN RDDT,17.6,31.6,0.88,2,1.59,24.02,-2.05,23.9,39.9,3.08
VTEX DLO PAX 1810.HK RDDT,12.9,28.7,0.78,2,1.13,24.02,-2.88,23.89,40.19,1.66
VTEX DLO 1810.HK ADYEN RDDT,17.0,30.4,0.86,2,1.3,24.02,-3.55,23.43,41.02,2.26
6669.TW NU DLO NVDA RDDT,10.6,39.1,0.76,2,1.42,24.02,-4.3,25.89,37.75,0.01
6669.TW 300750.SZ DLO AVGO ORCL,10.3,35.7,0.73,3,1.11,24.02,-4.38,25.78,37.94,0.49
NU FLUT AVGO ORCL NVDA,13.3,46.5,0.79,3,1.48,24.01,-5.51,25.1,39.31,-0.12
NU VTEX PAX AVGO ADYEN,12.5,32.0,0.75,3,1.25,24.01,-0.19,24.85,37.83,2.99
NU FLUT 300750.SZ NVDA RDDT,13.0,44.9,0.8,1,1.34,24.01,-5.7,24.96,39.56,-0.08
NU VTEX DLO RHM TSM,15.8,33.4,0.86,2,1.28,24.01,-0.59,24.89,37.91,3.41
NU VTEX ORCL RHM UBER,15.2,34.5,0.8,1,1.39,24.01,-3.77,24.66,39.36,1.86
NU VTEX DLO 1810.HK TSM,15.4,32.2,0.85,2,0.99,24.01,-2.03,24.44,39.09,2.59
NU VTEX 1810.HK ORCL UBER,14.8,33.2,0.79,1,1.1,24.0,-5.36,24.2,40.5,1.0
VTEX DLO PAX AVGO RHM,13.0,34.7,0.78,2,1.3,24.0,-0.02,24.25,38.61,3.23
VTEX DLO AVGO RHM ADYEN,17.2,36.3,0.87,2,1.48,24.0,-0.63,23.8,39.48,3.8
VTEX 300750.SZ DLO PAX ORCL,11.6,26.9,0.72,2,1.02,24.0,-2.36,24.41,39.22,1.14
VTEX 300750.SZ DLO ORCL ADYEN,14.9,28.6,0.81,2,1.2,24.0,-3.02,23.96,40.07,1.74
NU VTEX AVGO TSM RDDT,17.2,36.7,0.9,2,1.36,24.0,-3.16,24.78,38.95,2.75
VTEX DLO PAX 1810.HK AVGO,12.7,33.4,0.77,2,1.01,24.0,-1.43,23.79,39.77,2.41
VTEX DLO 1810.HK AVGO ADYEN,16.7,35.1,0.86,2,1.19,24.0,-2.07,23.33,40.61,2.99
6669.TW NU DLO AVGO NVDA,10.4,43.9,0.75,3,1.31,24.0,-2.79,25.79,37.31,0.8
6669.TW FLUT RHM NVDA UBER,10.1,47.4,0.78,2,1.52,23.99,-6.18,26.38,37.53,-0.35
NU FLUT PAX 1810.HK RHM,11.0,36.9,0.7,2,1.17,23.99,-2.47,25.55,37.55,1.49
NU FLUT 1810.HK RHM ADYEN,13.8,38.6,0.78,2,1.34,23.99,-3.13,25.11,38.43,2.08
6669.TW FLUT 1810.HK NVDA UBER,10.0,46.1,0.76,2,1.23,23.99,-7.9,25.94,38.71,-1.27
NU FLUT 300750.SZ AVGO NVDA,12.8,49.6,0.79,2,1.22,23.99,-4.12,24.86,39.14,0.7
6669.TW NU PAX ORCL RDDT,9.0,27.9,0.66,2,1.34,23.99,-4.81,26.95,36.16,-0.45
6669.TW NU ORCL ADYEN RDDT,10.8,29.6,0.74,2,1.52,23.99,-5.52,26.52,37.08,0.18
NU VTEX 300750.SZ RHM UBER,14.5,37.5,0.8,1,1.13,23.98,-2.45,24.42,39.19,2.64
NU VTEX 300750.SZ 1810.HK UBER,14.1,36.3,0.79,1,0.84,23.98,-3.98,23.96,40.34,1.8
6669.TW VTEX ORCL UBER TSM,11.2,31.4,0.83,2,1.26,23.98,-6.22,26.37,37.52,0.37
NU VTEX DLO PAX NVDA,11.7,35.1,0.74,3,1.22,23.98,-0.86,24.42,38.61,1.45
NU VTEX DLO NVDA ADYEN,15.1,36.8,0.83,3,1.39,23.98,-1.49,23.97,39.48,2.04
NU FLUT DLO RHM UBER,13.0,39.0,0.75,2,1.25,23.98,-1.85,25.16,37.87,2.08
6669.TW DLO ORCL RHM RDDT,11.2,32.2,0.77,2,1.57,23.97,-5.33,25.95,37.87,0.44
NU FLUT DLO 1810.HK UBER,12.7,37.8,0.74,2,0.96,23.97,-3.34,24.7,39.05,1.23
6669.TW DLO 1810.HK ORCL RDDT,10.9,31.0,0.76,2,1.28,23.97,-7.0,25.5,39.05,-0.45
FLUT 300750.SZ ORCL RHM RDDT,14.0,38.0,0.81,1,1.48,23.97,-6.78,25.02,39.68,0.35
FLUT 1810.HK AVGO RHM RDDT,15.6,44.5,0.86,2,1.47,23.97,-5.71,24.4,40.22,1.65
FLUT 300750.SZ 1810.HK ORCL RDDT,13.6,36.7,0.8,2,1.19,23.96,-8.53,24.56,40.81,-0.55
6669.TW FLUT PAX RHM TSM,8.9,35.1,0.73,1,1.32,23.96,-3.26,27.65,34.37,0.86
6669.TW FLUT RHM TSM ADYEN,10.7,36.7,0.82,1,1.5,23.96,-3.93,27.23,35.32,1.47
6669.TW NU PAX AVGO ORCL,8.9,32.6,0.65,3,1.22,23.96,-3.27,26.85,35.71,0.35
6669.TW NU AVGO ORCL ADYEN,10.7,34.3,0.74,3,1.4,23.96,-3.95,26.43,36.63,0.96
NU FLUT AVGO UBER RDDT,14.0,42.3,0.8,1,1.33,23.96,-4.52,25.05,38.92,1.39
6669.TW NU 300750.SZ PAX RDDT,8.7,31.0,0.65,2,1.08,23.96,-3.45,26.72,35.98,0.38
6669.TW NU 300750.SZ ADYEN RDDT,10.5,32.6,0.74,2,1.25,23.96,-4.13,26.29,36.9,1.0
6669.TW FLUT PAX 1810.HK TSM,8.7,33.8,0.72,2,1.03,23.96,-4.82,27.22,35.63,-0.02
6669.TW FLUT 1810.HK TSM ADYEN,10.5,35.5,0.81,2,1.21,23.96,-5.53,26.8,36.56,0.6
VTEX DLO AVGO NVDA RDDT,17.2,42.7,0.9,2,1.52,23.95,-3.95,23.24,41.22,1.6
6669.TW VTEX 300750.SZ UBER TSM,10.9,34.5,0.82,1,0.99,23.95,-4.8,26.13,37.35,1.18
6669.TW DLO AVGO ORCL RHM,11.0,36.9,0.76,3,1.45,23.95,-3.76,25.85,37.43,1.22
6669.TW 300750.SZ DLO RHM RDDT,10.8,35.3,0.77,1,1.3,23.95,-3.95,25.71,37.7,1.25
6669.TW DLO 1810.HK AVGO ORCL,10.8,35.7,0.75,3,1.16,23.95,-5.35,25.4,38.62,0.35
NU FLUT RHM NVDA RDDT,14.2,46.2,0.83,1,1.68,23.95,-5.07,25.03,39.08,0.66
NU VTEX PAX ORCL ADYEN,12.1,25.5,0.73,3,1.31,23.95,-1.96,25.08,37.95,1.61
FLUT 300750.SZ AVGO ORCL RHM,13.7,42.7,0.8,2,1.36,23.95,-5.14,24.92,39.25,1.13
6669.TW FLUT DLO UBER TSM,10.0,36.0,0.77,1,1.11,23.95,-4.15,26.85,35.97,0.6
6669.TW 300750.SZ DLO 1810.HK RDDT,10.6,34.0,0.76,1,1.02,23.94,-5.54,25.26,38.88,0.38
NU FLUT 1810.HK NVDA RDDT,13.8,44.9,0.82,2,1.39,23.94,-6.72,24.57,40.22,-0.23
FLUT 300750.SZ 1810.HK AVGO ORCL,13.4,41.4,0.79,2,1.08,23.94,-6.8,24.46,40.39,0.25
6669.TW NU 300750.SZ PAX AVGO,8.6,35.7,0.65,2,0.96,23.94,-1.97,26.62,35.52,1.16
6669.TW NU 300750.SZ AVGO ADYEN,10.4,37.4,0.73,2,1.14,23.94,-2.62,26.2,36.45,1.76
VTEX DLO PAX ORCL RHM,12.5,28.2,0.75,2,1.36,23.93,-1.79,24.48,38.73,1.86
VTEX DLO ORCL RHM ADYEN,16.3,29.8,0.84,2,1.54,23.93,-2.43,24.03,39.59,2.45
NU VTEX ORCL TSM RDDT,16.4,30.2,0.88,2,1.42,23.93,-5.1,25.01,39.07,1.36
6669.TW FLUT PAX NVDA ADYEN,8.6,38.4,0.7,2,1.44,23.93,-4.24,26.79,36.05,-0.62
VTEX DLO PAX 1810.HK ORCL,12.2,26.9,0.74,2,1.07,23.93,-3.28,24.02,39.88,1.0
VTEX DLO 1810.HK ORCL ADYEN,15.9,28.6,0.83,2,1.25,23.93,-3.95,23.57,40.73,1.61
6669.TW NU DLO ORCL NVDA,10.1,37.4,0.72,3,1.37,23.93,-4.71,26.01,37.43,-0.68
6669.TW 300750.SZ DLO AVGO RHM,10.6,40.0,0.76,2,1.19,23.93,-2.45,25.61,37.26,2.01
NU FLUT AVGO RHM NVDA,13.9,50.9,0.82,2,1.56,23.92,-3.51,24.93,38.65,1.43
NU FLUT 300750.SZ ORCL NVDA,12.3,43.1,0.76,2,1.28,23.92,-6.13,25.09,39.25,-0.78
6669.TW 300750.SZ DLO 1810.HK AVGO,10.4,38.7,0.75,2,0.9,23.92,-3.97,25.16,38.45,1.16
VTEX PAX AVGO ORCL RDDT,13.3,31.4,0.8,2,1.44,23.92,-4.45,24.37,39.75,1.16
VTEX AVGO ORCL ADYEN RDDT,17.9,33.1,0.89,2,1.61,23.92,-5.15,23.92,40.6,1.77
NU VTEX 300750.SZ PAX ADYEN,11.6,28.6,0.72,3,1.05,23.92,-0.71,24.84,37.77,2.39
NU FLUT 1810.HK AVGO NVDA,13.6,49.6,0.81,2,1.27,23.92,-5.09,24.47,39.8,0.56
6669.TW FLUT NVDA TSM RDDT,10.7,43.1,0.85,2,1.54,23.92,-7.63,26.72,37.23,-0.89
NU VTEX 1810.HK RHM UBER,15.5,37.6,0.82,1,1.18,23.91,-3.37,24.03,39.86,2.5
NU FLUT DLO PAX ADYEN,10.7,30.1,0.67,4,1.17,23.91,-0.14,25.57,36.41,1.83
NU VTEX AVGO ORCL TSM,16.0,34.9,0.87,2,1.3,23.91,-3.55,24.91,38.64,2.11
VTEX 300750.SZ DLO PAX RHM,12.0,31.2,0.75,2,1.1,23.91,-0.55,24.24,38.55,2.64
VTEX 300750.SZ DLO RHM ADYEN,15.6,32.9,0.84,2,1.27,23.91,-1.17,23.79,39.42,3.21
NU VTEX 300750.SZ TSM RDDT,15.6,33.3,0.87,2,1.15,23.91,-3.73,24.77,38.9,2.14
VTEX 300750.SZ DLO PAX 1810.HK,11.8,30.0,0.74,2,0.81,23.9,-1.98,23.78,39.71,1.8
VTEX 300750.SZ DLO 1810.HK ADYEN,15.1,31.7,0.83,2,0.99,23.9,-2.63,23.32,40.56,2.39
6669.TW NU 300750.SZ DLO NVDA,9.8,40.4,0.72,2,1.11,23.9,-3.36,25.78,37.26,0.16
FLUT 1810.HK ORCL RHM RDDT,14.9,38.0,0.83,2,1.53,23.9,-7.83,24.63,40.34,0.21
NU FLUT DLO TSM RDDT,13.9,34.7,0.82,2,1.27,23.9,-3.1,25.51,37.57,1.58
NU FLUT ORCL UBER RDDT,13.4,35.8,0.77,1,1.39,23.9,-6.55,25.28,39.03,-0.06
VTEX 300750.SZ PAX AVGO RDDT,12.8,34.5,0.79,2,1.18,23.9,-3.11,24.13,39.58,1.96
VTEX 300750.SZ AVGO ADYEN RDDT,17.0,36.2,0.88,2,1.35,23.9,-3.78,23.67,40.43,2.54
6669.TW NU PAX RHM RDDT,9.2,32.2,0.68,2,1.42,23.9,-2.86,26.79,35.46,1.11
6669.TW NU RHM ADYEN RDDT,11.2,33.9,0.77,2,1.59,23.9,-3.52,26.36,36.38,1.72
6669.TW FLUT AVGO NVDA TSM,10.5,47.8,0.84,3,1.43,23.89,-5.95,26.63,36.78,-0.08
6669.TW NU PAX 1810.HK RDDT,9.1,31.0,0.67,2,1.13,23.89,-4.4,26.35,36.69,0.24
6669.TW NU 1810.HK ADYEN RDDT,11.0,32.7,0.76,2,1.31,23.89,-5.1,25.92,37.6,0.86
FLUT DLO PAX AVGO RDDT,11.7,36.0,0.75,2,1.3,23.89,-2.49,24.87,38.28,1.39
FLUT DLO AVGO ADYEN RDDT,15.0,37.7,0.83,2,1.47,23.89,-3.15,24.43,39.15,1.99
6669.TW VTEX RHM UBER TSM,11.6,35.7,0.85,1,1.33,23.89,-4.18,26.2,36.84,1.89
VTEX DLO ORCL NVDA RDDT,16.3,36.2,0.87,2,1.58,23.89,-5.95,23.48,41.34,0.16
6669.TW VTEX 1810.HK UBER TSM,11.4,34.5,0.84,1,1.05,23.88,-5.79,25.76,38.04,1.04
NU VTEX 300750.SZ AVGO TSM,15.3,38.0,0.87,1,1.04,23.88,-2.24,24.67,38.47,2.88
6669.TW DLO 1810.HK RHM RDDT,11.3,35.3,0.79,1,1.36,23.88,-4.91,25.33,38.39,1.11
6669.TW NU DLO UBER RDDT,10.5,33.1,0.73,2,1.21,23.88,-3.74,25.96,37.03,0.86
FLUT 1810.HK AVGO ORCL RHM,14.6,42.7,0.82,2,1.42,23.88,-6.14,24.53,39.92,0.99
VTEX FLUT PAX NVDA TSM,11.9,39.1,0.83,1,1.34,23.88,-3.84,25.29,38.09,0.58
VTEX FLUT NVDA TSM ADYEN,15.3,40.7,0.92,1,1.51,23.88,-4.53,24.84,38.97,1.19
NU FLUT DLO AVGO TSM,13.7,39.4,0.82,2,1.16,23.88,-1.64,25.41,37.13,2.33
FLUT 300750.SZ 1810.HK RHM RDDT,14.2,41.0,0.83,2,1.27,23.87,-6.34,24.39,40.17,1.02
NU FLUT AVGO ORCL UBER,13.2,40.5,0.76,2,1.27,23.87,-4.93,25.18,38.6,0.73
6669.TW NU PAX AVGO RHM,9.1,36.9,0.68,2,1.3,23.87,-1.4,26.69,34.99,1.87
6669.TW NU AVGO RHM ADYEN,11.1,38.6,0.77,2,1.48,23.87,-2.04,26.26,35.93,2.46
6669.TW NU 300750.SZ PAX ORCL,8.4,29.2,0.62,2,1.02,23.87,-3.85,26.84,35.65,-0.3
6669.TW NU 300750.SZ ORCL ADYEN,10.0,30.9,0.71,2,1.2,23.87,-4.54,26.42,36.57,0.32
NU FLUT 300750.SZ UBER RDDT,12.9,38.9,0.77,1,1.13,23.87,-5.12,25.04,38.86,0.76
6669.TW NU PAX 1810.HK AVGO,9.0,35.7,0.67,2,1.01,23.87,-2.88,26.25,36.24,1.02
6669.TW NU 1810.HK AVGO ADYEN,10.8,37.4,0.76,2,1.19,23.87,-3.55,25.82,37.16,1.62
VTEX DLO AVGO ORCL NVDA,16.0,40.9,0.87,3,1.47,23.86,-4.35,23.38,40.93,0.94
VTEX 300750.SZ DLO NVDA RDDT,15.6,39.3,0.87,2,1.32,23.86,-4.54,23.23,41.17,0.98
6669.TW 300750.SZ DLO ORCL RHM,10.3,33.5,0.74,2,1.25,23.86,-4.35,25.84,37.38,0.59
NU FLUT ORCL RHM NVDA,13.4,44.4,0.79,2,1.62,23.86,-5.49,25.16,38.76,-0.02
6669.TW DLO 1810.HK AVGO RHM,11.2,40.0,0.78,2,1.24,23.86,-3.36,25.23,37.95,1.87
6669.TW 300750.SZ DLO 1810.HK ORCL,10.1,32.3,0.72,2,0.96,23.85,-5.97,25.39,38.57,-0.3
NU VTEX PAX RHM ADYEN,12.5,29.9,0.75,3,1.39,23.85,-0.16,24.91,37.27,3.08
6669.TW VTEX PAX NVDA UBER,9.3,37.4,0.73,2,1.27,23.85,-4.49,25.75,37.55,-0.17
6669.TW VTEX NVDA UBER ADYEN,11.2,39.1,0.82,2,1.45,23.85,-5.19,25.31,38.44,0.46
NU FLUT 1810.HK ORCL NVDA,13.0,43.1,0.78,2,1.33,23.85,-7.17,24.7,39.92,-0.93
6669.TW NU DLO AVGO UBER,10.3,37.8,0.72,2,1.1,23.85,-2.25,25.87,36.58,1.62
NU VTEX PAX 1810.HK ADYEN,12.3,28.6,0.74,3,1.1,23.85,-1.58,24.46,38.46,2.26
FLUT 300750.SZ 1810.HK AVGO RHM,14.0,45.8,0.82,2,1.15,23.85,-4.73,24.29,39.75,1.78
NU FLUT 300750.SZ AVGO UBER,12.7,43.6,0.76,1,1.01,23.85,-3.57,24.94,38.43,1.53
6669.TW 300750.SZ AVGO ORCL RDDT,10.9,36.7,0.78,3,1.33,23.85,-7.25,25.73,38.43,-0.14
NU VTEX RHM TSM RDDT,17.3,34.5,0.91,2,1.49,23.84,-3.13,24.84,38.41,2.84
VTEX DLO PAX 1810.HK RHM,12.7,31.3,0.77,2,1.15,23.84,-1.41,23.85,39.23,2.5
VTEX DLO 1810.HK RHM ADYEN,16.7,32.9,0.86,2,1.33,23.84,-2.05,23.39,40.09,3.08
VTEX 300750.SZ DLO AVGO NVDA,15.3,44.0,0.86,2,1.2,23.84,-3.01,23.13,40.76,1.74
6669.TW NU DLO RHM NVDA,10.4,41.7,0.75,2,1.45,23.84,-2.76,25.85,36.75,0.89
NU VTEX 1810.HK TSM RDDT,16.8,33.3,0.89,2,1.21,23.84,-4.69,24.38,39.57,2.01
NU VTEX DLO PAX UBER,11.6,29.1,0.71,3,1.01,23.84,-0.36,24.5,37.9,2.26
NU VTEX DLO UBER ADYEN,14.9,30.8,0.8,3,1.18,23.84,-0.98,24.05,38.78,2.84
6669.TW NU DLO 1810.HK NVDA,10.2,40.5,0.74,2,1.16,23.83,-4.3,25.4,37.95,0.01
NU FLUT 300750.SZ RHM NVDA,12.9,47.5,0.79,1,1.36,23.83,-4.1,24.92,38.59,0.8
VTEX PAX AVGO RHM RDDT,13.9,35.8,0.83,2,1.52,23.83,-2.52,24.2,39.1,2.66
VTEX AVGO RHM ADYEN RDDT,19.0,37.4,0.91,2,1.69,23.83,-3.18,23.75,39.96,3.23
VTEX 300750.SZ PAX ORCL RDDT,12.4,28.0,0.77,2,1.24,23.83,-5.05,24.36,39.7,0.53
VTEX 300750.SZ ORCL ADYEN RDDT,16.2,29.7,0.86,2,1.41,23.83,-5.77,23.91,40.54,1.14
NU FLUT 300750.SZ 1810.HK NVDA,12.6,46.2,0.78,2,1.07,23.83,-5.7,24.46,39.75,-0.08
6669.TW FLUT ORCL NVDA TSM,10.2,41.3,0.81,3,1.49,23.83,-8.08,26.85,36.9,-1.6
VTEX PAX 1810.HK AVGO RDDT,13.6,34.5,0.82,2,1.23,23.83,-4.04,23.73,40.24,1.82
VTEX 1810.HK AVGO ADYEN RDDT,18.3,36.2,0.9,2,1.4,23.83,-4.74,23.28,41.08,2.41
6669.TW NU AVGO NVDA RDDT,11.0,45.0,0.8,3,1.52,23.82,-5.51,25.74,37.81,0.18
6669.TW VTEX PAX TSM ADYEN,9.7,26.8,0.78,2,1.25,23.82,-2.35,26.61,35.34,1.64
FLUT DLO PAX ORCL RDDT,11.3,29.5,0.72,2,1.36,23.82,-4.4,25.1,38.4,-0.06
FLUT DLO ORCL ADYEN RDDT,14.3,31.2,0.81,2,1.53,23.82,-5.1,24.66,39.27,0.56
NU VTEX AVGO RHM TSM,16.9,39.2,0.9,1,1.38,23.82,-1.67,24.74,37.97,3.56
NU VTEX 300750.SZ ORCL TSM,14.6,31.5,0.84,1,1.1,23.82,-4.14,24.9,38.59,1.49
NU VTEX 1810.HK AVGO TSM,16.4,38.0,0.89,1,1.09,23.81,-3.16,24.28,39.15,2.75
VTEX DLO AVGO UBER RDDT,16.9,36.7,0.87,2,1.31,23.81,-3.39,23.32,40.55,2.41
NU FLUT DLO ORCL TSM,13.1,33.0,0.79,2,1.22,23.81,-3.5,25.63,37.25,0.92
NU VTEX PAX NVDA RDDT,12.5,36.2,0.79,2,1.43,23.81,-3.43,24.37,39.1,0.84
NU VTEX NVDA ADYEN RDDT,16.4,37.9,0.87,2,1.61,23.81,-4.11,23.92,39.96,1.45
VTEX 300750.SZ PAX AVGO ORCL,12.2,32.7,0.76,2,1.12,23.81,-3.5,24.26,39.27,1.3
VTEX 300750.SZ AVGO ORCL ADYEN,15.8,34.4,0.85,2,1.3,23.81,-4.18,23.81,40.13,1.9
6669.TW NU PAX ORCL RHM,8.9,30.4,0.65,2,1.36,23.81,-3.25,26.91,35.12,0.44
6669.TW NU ORCL RHM ADYEN,10.7,32.1,0.74,2,1.54,23.81,-3.92,26.49,36.05,1.06
NU FLUT RHM UBER RDDT,14.0,40.1,0.8,1,1.47,23.8,-4.49,25.11,38.37,1.49
6669.TW NU PAX 1810.HK ORCL,8.7,29.2,0.64,2,1.07,23.8,-4.81,26.47,36.37,-0.45
6669.TW NU 1810.HK ORCL ADYEN,10.5,30.9,0.73,2,1.25,23.8,-5.52,26.05,37.28,0.18
NU FLUT 1810.HK UBER RDDT,13.7,38.9,0.79,2,1.18,23.8,-6.12,24.65,39.53,0.62
6669.TW FLUT 300750.SZ NVDA TSM,9.9,44.4,0.81,2,1.22,23.8,-6.58,26.62,36.72,-0.74
FLUT DLO PAX AVGO ORCL,11.1,34.2,0.71,2,1.24,23.8,-2.88,25.0,37.96,0.73
FLUT DLO AVGO ORCL ADYEN,14.1,35.9,0.8,2,1.42,23.8,-3.54,24.56,38.84,1.34
VTEX DLO RHM NVDA RDDT,17.2,40.5,0.9,2,1.66,23.8,-3.92,23.3,40.7,1.7
FLUT 300750.SZ DLO PAX RDDT,10.9,32.6,0.72,2,1.09,23.8,-3.05,24.86,38.22,0.76
FLUT 300750.SZ DLO ADYEN RDDT,13.7,34.3,0.8,2,1.27,23.8,-3.73,24.42,39.1,1.37
VTEX DLO 1810.HK NVDA RDDT,16.7,39.3,0.89,2,1.37,23.79,-5.52,22.83,41.81,0.84
6669.TW DLO 1810.HK ORCL RHM,10.8,33.5,0.76,2,1.3,23.79,-5.33,25.46,38.07,0.44
6669.TW FLUT PAX UBER ADYEN,8.6,32.4,0.67,2,1.22,23.79,-3.68,26.86,35.3,0.24
6669.TW NU DLO ORCL UBER,10.0,31.3,0.7,2,1.16,23.79,-4.14,26.09,36.7,0.18
NU VTEX PAX AVGO NVDA,12.3,40.9,0.78,2,1.32,23.78,-1.95,24.27,38.67,1.6
NU VTEX AVGO NVDA ADYEN,16.1,42.6,0.87,2,1.49,23.78,-2.6,23.82,39.53,2.2
FLUT 300750.SZ 1810.HK ORCL RHM,13.4,39.3,0.79,2,1.21,23.78,-6.78,24.52,39.86,0.35
NU FLUT 300750.SZ DLO TSM,12.6,36.0,0.79,2,0.96,23.78,-2.19,25.4,37.07,1.72
NU FLUT AVGO RHM UBER,13.8,44.8,0.79,1,1.35,23.78,-2.97,25.01,37.93,2.24
6669.TW AVGO ORCL RHM RDDT,11.7,38.0,0.81,3,1.67,23.78,-6.58,25.8,37.93,0.61
NU FLUT 300750.SZ ORCL UBER,12.2,37.1,0.73,1,1.07,23.78,-5.54,25.17,38.55,0.09
6669.TW NU 300750.SZ PAX RHM,8.7,33.5,0.65,2,1.1,23.78,-1.95,26.68,34.93,1.25
6669.TW NU 300750.SZ RHM ADYEN,10.4,35.2,0.74,2,1.28,23.78,-2.6,26.25,35.87,1.85
NU FLUT 1810.HK AVGO UBER,13.4,43.6,0.78,2,1.06,23.78,-4.52,24.55,39.11,1.39
6669.TW 1810.HK AVGO ORCL RDDT,11.5,36.8,0.8,3,1.38,23.78,-8.32,25.35,39.11,-0.28
6669.TW NU 300750.SZ PAX 1810.HK,8.5,32.3,0.64,2,0.81,23.78,-3.45,26.24,36.18,0.38
6669.TW NU 300750.SZ 1810.HK ADYEN,10.2,34.0,0.73,2,0.99,23.78,-4.13,25.81,37.1,1.0
6669.TW FLUT UBER TSM RDDT,10.6,37.1,0.82,1,1.33,23.77,-7.01,26.8,36.49,-0.02
VTEX DLO AVGO RHM NVDA,16.8,45.2,0.89,2,1.54,23.77,-2.43,23.2,40.29,2.45
FLUT 300750.SZ DLO PAX AVGO,10.7,37.3,0.71,2,0.98,23.77,-1.59,24.76,37.78,1.53
FLUT 300750.SZ DLO AVGO ADYEN,13.5,39.0,0.8,2,1.15,23.77,-2.24,24.32,38.67,2.12
VTEX 300750.SZ DLO ORCL NVDA,14.6,37.5,0.84,2,1.26,23.77,-4.95,23.37,40.88,0.31
VTEX DLO 1810.HK AVGO NVDA,16.3,44.0,0.88,2,1.26,23.77,-3.95,22.72,41.41,1.6
6669.TW 300750.SZ DLO 1810.HK RHM,10.5,36.6,0.75,1,1.04,23.76,-3.95,25.23,37.89,1.25
VTEX PAX ORCL RHM RDDT,13.4,29.3,0.8,2,1.58,23.76,-4.43,24.43,39.21,1.26
VTEX ORCL RHM ADYEN RDDT,17.9,30.9,0.89,2,1.75,23.76,-5.13,23.98,40.07,1.86
NU FLUT 1810.HK RHM NVDA,13.6,47.5,0.81,2,1.41,23.76,-5.07,24.53,39.27,0.66
6669.TW NU 300750.SZ DLO UBER,9.7,34.4,0.69,2,0.89,23.76,-2.81,25.86,36.52,1.0
VTEX PAX 1810.HK ORCL RDDT,13.1,28.0,0.79,2,1.29,23.76,-6.05,23.97,40.36,0.39
VTEX 1810.HK ORCL ADYEN RDDT,17.4,29.7,0.88,2,1.46,23.76,-6.79,23.51,41.19,1.0
6669.TW NU ORCL NVDA RDDT,10.7,38.5,0.77,3,1.58,23.76,-7.62,25.96,37.93,-1.33
6669.TW 300750.SZ AVGO RHM RDDT,11.3,41.1,0.81,2,1.4,23.75,-5.15,25.56,37.76,1.41
6669.TW FLUT AVGO UBER TSM,10.4,41.8,0.81,2,1.21,23.75,-5.36,26.7,36.04,0.76
6669.TW 300750.SZ 1810.HK AVGO RDDT,11.1,39.8,0.8,2,1.12,23.75,-6.81,25.11,38.94,0.55
NU VTEX ORCL RHM TSM,16.1,32.7,0.87,1,1.44,23.75,-3.53,24.97,38.09,2.2
NU VTEX 1810.HK ORCL TSM,15.6,31.5,0.86,1,1.15,23.75,-5.1,24.52,39.26,1.36
VTEX DLO ORCL UBER RDDT,16.1,30.2,0.85,2,1.37,23.74,-5.36,23.56,40.66,1.0
NU FLUT PAX ADYEN RDDT,11.3,31.2,0.72,3,1.38,23.74,-2.64,25.52,36.92,1.23
VTEX PAX AVGO ORCL RHM,13.1,34.0,0.79,2,1.46,23.74,-2.91,24.33,38.79,2.02
VTEX AVGO ORCL RHM ADYEN,17.5,35.7,0.88,2,1.64,23.74,-3.58,23.88,39.65,2.6
VTEX 300750.SZ PAX RHM RDDT,12.9,32.3,0.8,2,1.31,23.74,-3.08,24.19,39.04,2.05
VTEX 300750.SZ RHM ADYEN RDDT,17.0,34.0,0.89,2,1.49,23.74,-3.76,23.73,39.9,2.64
VTEX PAX 1810.HK AVGO ORCL,12.8,32.7,0.78,2,1.17,23.74,-4.45,23.87,39.94,1.16
VTEX 1810.HK AVGO ORCL ADYEN,17.0,34.4,0.87,2,1.35,23.74,-5.15,23.41,40.78,1.77
6669.TW FLUT RHM NVDA TSM,10.5,45.6,0.84,2,1.56,23.74,-5.92,26.68,36.21,0.01
6669.TW NU AVGO ORCL NVDA,10.5,43.2,0.76,4,1.47,23.73,-5.94,25.87,37.49,-0.51
VTEX FLUT PAX UBER TSM,11.7,33.0,0.8,1,1.12,23.73,-3.28,25.36,37.37,1.41
VTEX FLUT UBER TSM ADYEN,15.1,34.7,0.89,1,1.3,23.73,-3.96,24.92,38.26,2.01
VTEX 300750.SZ PAX 1810.HK RDDT,12.6,31.1,0.79,2,1.03,23.73,-4.64,23.72,40.19,1.2
VTEX 300750.SZ 1810.HK ADYEN RDDT,16.5,32.8,0.87,2,1.2,23.73,-5.35,23.26,41.03,1.8
6669.TW NU 300750.SZ NVDA RDDT,10.4,41.5,0.77,2,1.32,23.73,-6.14,25.73,37.76,-0.47
6669.TW FLUT 1810.HK NVDA TSM,10.3,44.4,0.83,2,1.28,23.73,-7.63,26.25,37.42,-0.89
FLUT DLO PAX RHM RDDT,11.7,33.8,0.75,2,1.43,23.73,-2.47,24.93,37.72,1.49
FLUT DLO RHM ADYEN RDDT,15.0,35.5,0.84,2,1.61,23.73,-3.13,24.49,38.61,2.08
FLUT DLO PAX 1810.HK RDDT,11.4,32.6,0.74,2,1.15,23.73,-3.99,24.48,38.9,0.62
FLUT DLO 1810.HK ADYEN RDDT,14.6,34.3,0.83,2,1.32,23.73,-4.68,24.03,39.76,1.23
NU VTEX 300750.SZ RHM TSM,15.3,35.8,0.87,1,1.18,23.72,-2.22,24.73,37.92,2.97
VTEX DLO AVGO ORCL UBER,15.8,34.9,0.84,2,1.25,23.72,-3.79,23.46,40.25,1.77
NU VTEX 300750.SZ 1810.HK TSM,14.9,34.6,0.86,1,0.89,23.72,-3.73,24.27,39.09,2.14
NU FLUT PAX AVGO ADYEN,11.2,35.9,0.71,3,1.27,23.72,-1.2,25.43,36.47,1.99
VTEX 300750.SZ DLO UBER RDDT,15.4,33.2,0.84,2,1.11,23.72,-3.98,23.31,40.5,1.8
NU FLUT DLO RHM TSM,13.7,37.3,0.82,2,1.3,23.72,-1.62,25.47,36.56,2.42
NU VTEX PAX ORCL NVDA,11.9,34.4,0.75,2,1.38,23.72,-3.83,24.5,38.79,0.16
NU VTEX ORCL NVDA ADYEN,15.3,36.1,0.84,2,1.55,23.72,-4.52,24.05,39.65,0.78
NU FLUT ORCL RHM UBER,13.2,38.3,0.76,1,1.41,23.71,-4.91,25.24,38.05,0.82
VTEX 300750.SZ PAX AVGO RHM,12.6,37.0,0.79,1,1.2,23.71,-1.62,24.09,38.61,2.79
VTEX 300750.SZ AVGO RHM ADYEN,16.7,38.7,0.88,1,1.37,23.71,-2.27,23.63,39.48,3.36
NU FLUT DLO 1810.HK TSM,13.4,36.0,0.81,2,1.01,23.71,-3.1,25.02,37.77,1.58
NU FLUT 1810.HK ORCL UBER,12.9,37.1,0.75,2,1.12,23.71,-6.55,24.78,39.23,-0.06
VTEX 300750.SZ PAX 1810.HK AVGO,12.4,35.8,0.78,1,0.91,23.71,-3.11,23.62,39.77,1.96
VTEX 300750.SZ 1810.HK AVGO ADYEN,16.2,37.5,0.87,1,1.09,23.71,-3.78,23.16,40.62,2.54
6669.TW NU PAX 1810.HK RHM,9.0,33.5,0.67,2,1.15,23.71,-2.86,26.31,35.66,1.11
6669.TW NU 1810.HK RHM ADYEN,10.8,35.2,0.76,2,1.33,23.71,-3.52,25.88,36.59,1.72
6669.TW NU 300750.SZ AVGO NVDA,10.2,46.2,0.76,3,1.21,23.71,-4.53,25.63,37.32,0.32
FLUT DLO PAX AVGO RHM,11.5,38.5,0.74,2,1.32,23.71,-1.03,24.83,37.28,2.24
FLUT DLO AVGO RHM ADYEN,14.7,40.2,0.83,2,1.49,23.71,-1.66,24.39,38.17,2.82
VTEX DLO ORCL RHM NVDA,16.0,38.7,0.87,2,1.6,23.71,-4.33,23.44,40.4,1.04
FLUT 300750.SZ DLO PAX ORCL,10.4,30.8,0.68,2,1.04,23.71,-3.45,24.99,37.9,0.09
FLUT 300750.SZ DLO ORCL ADYEN,13.0,32.5,0.77,2,1.21,23.71,-4.13,24.55,38.78,0.71
NU FLUT AVGO TSM RDDT,14.8,40.5,0.86,1,1.37,23.7,-4.27,25.36,37.63,1.74
FLUT DLO PAX 1810.HK AVGO,11.3,37.3,0.73,2,1.03,23.7,-2.49,24.38,38.47,1.39
FLUT DLO 1810.HK AVGO ADYEN,14.3,39.0,0.82,2,1.21,23.7,-3.15,23.92,39.34,1.99
VTEX DLO 1810.HK ORCL NVDA,15.6,37.5,0.86,2,1.32,23.7,-5.95,22.97,41.52,0.16
VTEX 300750.SZ DLO AVGO UBER,15.1,37.9,0.83,1,0.99,23.7,-2.48,23.21,40.08,2.54
6669.TW NU DLO RHM UBER,10.3,35.7,0.73,2,1.23,23.69,-2.23,25.93,36.0,1.72
VTEX AVGO ORCL NVDA RDDT,17.5,42.0,0.91,3,1.68,23.69,-7.23,23.32,41.39,0.33
NU VTEX 300750.SZ PAX NVDA,11.5,37.5,0.75,2,1.12,23.69,-2.51,24.26,38.61,0.98
NU VTEX 300750.SZ NVDA ADYEN,14.7,39.2,0.84,2,1.29,23.69,-3.17,23.81,39.48,1.58
6669.TW NU DLO 1810.HK UBER,10.1,34.4,0.71,2,0.95,23.69,-3.74,25.48,37.23,0.86
NU FLUT 300750.SZ RHM UBER,12.7,41.4,0.76,1,1.15,23.69,-3.54,25.0,37.88,1.63
6669.TW 300750.SZ ORCL RHM RDDT,10.9,34.6,0.78,2,1.46,23.69,-7.23,25.79,37.88,-0.04
6669.TW 1810.HK AVGO RHM RDDT,11.9,41.1,0.83,2,1.46,23.69,-6.15,25.18,38.45,1.27
NU FLUT 300750.SZ 1810.HK UBER,12.4,40.2,0.75,2,0.86,23.68,-5.12,24.54,39.05,0.76
6669.TW FLUT ORCL UBER TSM,10.1,35.3,0.79,2,1.27,23.68,-7.45,26.92,36.16,-0.72
NU FLUT DLO PAX NVDA,10.5,39.0,0.7,3,1.24,23.68,-1.9,25.0,37.28,0.4
NU FLUT DLO NVDA ADYEN,13.2,40.7,0.79,3,1.41,23.68,-2.55,24.56,38.17,1.01
6669.TW 300750.SZ 1810.HK ORCL RDDT,10.7,33.4,0.77,2,1.18,23.68,-9.01,25.34,39.05,-0.94
6669.TW NU AVGO UBER RDDT,10.9,38.9,0.77,2,1.31,23.68,-4.93,25.82,37.09,1.02
VTEX 300750.SZ DLO RHM NVDA,15.3,41.8,0.87,1,1.34,23.68,-2.99,23.19,40.24,1.84
VTEX 300750.SZ DLO 1810.HK NVDA,14.9,40.6,0.85,1,1.05,23.68,-4.54,22.71,41.36,0.98
VTEX PAX 1810.HK RHM RDDT,13.6,32.4,0.82,2,1.37,23.67,-4.02,23.8,39.71,1.92
VTEX 1810.HK RHM ADYEN RDDT,18.4,34.0,0.91,2,1.54,23.67,-4.71,23.34,40.56,2.5
VTEX 300750.SZ AVGO NVDA RDDT,16.6,45.1,0.91,2,1.42,23.67,-5.76,23.07,41.23,1.14
6669.TW NU RHM NVDA RDDT,11.1,42.8,0.8,2,1.66,23.67,-5.49,25.8,37.25,0.28
NU VTEX PAX UBER RDDT,12.4,30.2,0.76,2,1.22,23.66,-2.88,24.45,38.39,1.66
NU VTEX UBER ADYEN RDDT,16.2,31.9,0.85,2,1.4,23.66,-3.55,24.0,39.26,2.26
6669.TW 300750.SZ AVGO ORCL RHM,10.8,39.3,0.77,3,1.35,23.66,-5.57,25.69,37.44,0.75
6669.TW NU 1810.HK NVDA RDDT,10.8,41.6,0.79,2,1.37,23.66,-7.17,25.35,38.45,-0.62
6669.TW 300750.SZ 1810.HK AVGO ORCL,10.6,38.1,0.76,3,1.06,23.66,-7.25,25.24,38.62,-0.14
FLUT DLO AVGO NVDA RDDT,14.7,46.6,0.86,2,1.54,23.66,-5.09,23.84,39.97,0.56
6669.TW FLUT 300750.SZ UBER TSM,9.8,38.4,0.78,1,1.01,23.66,-5.98,26.69,35.98,0.12
NU VTEX 1810.HK RHM TSM,16.4,35.8,0.89,1,1.23,23.66,-3.13,24.35,38.6,2.84
VTEX DLO RHM UBER RDDT,17.0,34.5,0.87,2,1.45,23.65,-3.37,23.39,40.02,2.5
NU FLUT PAX ORCL ADYEN,10.8,29.4,0.69,3,1.33,23.65,-3.03,25.65,36.6,0.56
VTEX DLO 1810.HK UBER RDDT,16.5,33.3,0.86,2,1.16,23.65,-4.94,22.91,41.15,1.66
VTEX 300750.SZ PAX ORCL RHM,12.2,30.6,0.76,1,1.26,23.65,-3.48,24.32,38.73,1.4
VTEX 300750.SZ ORCL RHM ADYEN,15.9,32.2,0.85,1,1.43,23.65,-4.16,23.87,39.6,2.0
VTEX PAX 1810.HK AVGO RHM,13.4,37.1,0.81,1,1.25,23.64,-2.52,23.69,39.29,2.66
VTEX 1810.HK AVGO RHM ADYEN,17.9,38.7,0.9,1,1.43,23.64,-3.18,23.23,40.14,3.23
VTEX 300750.SZ PAX 1810.HK ORCL,11.9,29.3,0.75,1,0.97,23.64,-5.05,23.86,39.89,0.53
VTEX 300750.SZ 1810.HK ORCL ADYEN,15.4,31.0,0.84,1,1.15,23.64,-5.77,23.4,40.73,1.14
6669.TW NU AVGO RHM NVDA,10.9,47.5,0.79,3,1.55,23.64,-3.92,25.7,36.81,1.05
NU VTEX PAX AVGO UBER,12.2,34.9,0.75,2,1.11,23.64,-1.43,24.35,37.96,2.41
6669.TW NU 300750.SZ ORCL NVDA,9.9,39.8,0.73,3,1.27,23.64,-6.57,25.86,37.44,-1.18
NU VTEX AVGO UBER ADYEN,15.9,36.6,0.84,2,1.28,23.64,-2.07,23.9,38.84,2.99
FLUT DLO PAX ORCL RHM,11.1,32.0,0.71,2,1.38,23.64,-2.85,25.06,37.4,0.82
FLUT DLO ORCL RHM ADYEN,14.1,33.7,0.8,2,1.55,23.64,-3.52,24.62,38.29,1.43
6669.TW NU 1810.HK AVGO NVDA,10.7,46.3,0.78,3,1.26,23.64,-5.51,25.25,38.01,0.18
NU FLUT ORCL TSM RDDT,14.1,34.1,0.84,1,1.43,23.64,-6.29,25.58,37.75,0.31
FLUT DLO PAX 1810.HK ORCL,10.9,30.8,0.7,2,1.09,23.64,-4.4,24.61,38.59,-0.06
FLUT DLO 1810.HK ORCL ADYEN,13.7,32.5,0.79,2,1.27,23.64,-5.1,24.16,39.46,0.56
6669.TW NU DLO PAX ADYEN,8.8,26.7,0.65,4,1.15,23.63,-0.5,26.33,34.48,1.46
VTEX DLO AVGO RHM UBER,16.6,39.2,0.87,1,1.33,23.63,-1.9,23.28,39.6,3.23
VTEX 300750.SZ DLO ORCL UBER,14.4,31.5,0.81,1,1.05,23.63,-4.38,23.45,40.2,1.14
FLUT PAX AVGO ORCL RDDT,11.8,35.3,0.76,2,1.46,23.63,-5.61,24.95,38.45,0.11
FLUT AVGO ORCL ADYEN RDDT,15.2,37.0,0.85,2,1.63,23.63,-6.34,24.51,39.32,0.73
NU VTEX PAX RHM NVDA,12.3,38.8,0.78,2,1.46,23.63,-1.93,24.33,38.12,1.7
VTEX DLO 1810.HK AVGO UBER,16.1,38.0,0.86,1,1.04,23.63,-3.39,22.81,40.74,2.41
NU VTEX RHM NVDA ADYEN,16.1,40.4,0.87,2,1.63,23.63,-2.58,23.88,38.99,2.29
NU FLUT 300750.SZ PAX ADYEN,10.5,32.5,0.68,3,1.07,23.63,-1.74,25.42,36.42,1.37
NU VTEX PAX 1810.HK NVDA,12.1,37.5,0.77,2,1.17,23.62,-3.43,23.87,39.29,0.84
NU VTEX 1810.HK NVDA ADYEN,15.7,39.2,0.86,2,1.34,23.62,-4.11,23.41,40.14,1.45
NU FLUT 1810.HK RHM UBER,13.5,41.4,0.78,2,1.2,23.62,-4.49,24.61,38.56,1.49
6669.TW 1810.HK ORCL RHM RDDT,11.5,34.6,0.8,2,1.52,23.62,-8.3,25.41,38.56,-0.18
6669.TW NU DLO TSM RDDT,10.9,31.4,0.8,2,1.26,23.62,-3.5,26.27,35.69,1.21
6669.TW NU ORCL UBER RDDT,10.6,32.4,0.74,2,1.37,23.61,-7.0,26.04,37.21,-0.45
NU FLUT AVGO ORCL TSM,13.9,38.8,0.83,2,1.32,23.61,-4.68,25.49,37.31,1.08
FLUT 300750.SZ DLO PAX RHM,10.8,35.1,0.71,2,1.12,23.61,-1.57,24.82,37.22,1.63
FLUT 300750.SZ DLO RHM ADYEN,13.5,36.8,0.8,2,1.29,23.61,-2.21,24.38,38.12,2.22
NU FLUT 300750.SZ TSM RDDT,13.6,37.1,0.83,1,1.17,23.61,-4.87,25.35,37.58,1.12
VTEX DLO 1810.HK RHM NVDA,16.4,41.8,0.89,1,1.39,23.61,-3.92,22.79,40.89,1.7
FLUT 300750.SZ DLO PAX 1810.HK,10.5,33.9,0.7,2,0.83,23.61,-3.05,24.37,38.42,0.76
FLUT 300750.SZ DLO 1810.HK ADYEN,13.2,35.6,0.79,2,1.0,23.61,-3.73,23.91,39.29,1.37
6669.TW DLO PAX AVGO RDDT,9.5,32.6,0.72,2,1.28,23.61,-2.88,25.64,36.42,1.02
6669.TW DLO AVGO ADYEN RDDT,11.5,34.3,0.81,2,1.46,23.61,-3.55,25.21,37.33,1.62
NU VTEX DLO NVDA UBER,14.6,39.7,0.83,2,1.25,23.61,-2.79,23.46,39.6,1.45
VTEX AVGO RHM NVDA RDDT,18.5,46.3,0.94,2,1.76,23.6,-5.12,23.15,40.76,1.86
FLUT 300750.SZ PAX AVGO RDDT,11.4,38.4,0.76,1,1.19,23.6,-4.22,24.71,38.28,0.93
FLUT 300750.SZ AVGO ADYEN RDDT,14.6,40.1,0.84,1,1.37,23.6,-4.92,24.26,39.15,1.53
VTEX 300750.SZ ORCL NVDA RDDT,15.8,38.6,0.88,2,1.48,23.6,-7.89,23.31,41.34,-0.32
VTEX 1810.HK AVGO NVDA RDDT,17.9,45.1,0.93,2,1.47,23.6,-6.78,22.67,41.87,1.0
6669.TW 1810.HK AVGO ORCL RHM,11.3,39.3,0.8,3,1.4,23.59,-6.58,25.31,38.13,0.61
6669.TW VTEX PAX NVDA TSM,9.6,35.7,0.8,2,1.32,23.59,-4.24,26.05,36.23,0.2
6669.TW VTEX NVDA TSM ADYEN,11.7,37.4,0.89,2,1.5,23.59,-4.94,25.62,37.14,0.82
6669.TW NU DLO AVGO TSM,10.7,36.1,0.79,2,1.14,23.59,-2.02,26.17,35.23,1.97
6669.TW FLUT RHM UBER TSM,10.4,39.6,0.82,1,1.35,23.59,-5.33,26.76,35.45,0.86
6669.TW 300750.SZ 1810.HK RHM RDDT,11.1,37.7,0.8,1,1.25,23.59,-6.78,25.17,38.39,0.64
FLUT DLO ORCL NVDA RDDT,14.1,40.1,0.83,2,1.6,23.59,-7.17,24.07,40.08,-0.93
6669.TW NU AVGO ORCL UBER,10.4,37.1,0.74,3,1.26,23.59,-5.35,25.94,36.76,0.35
VTEX DLO PAX ADYEN RDDT,13.2,25.6,0.8,3,1.37,23.59,-1.58,23.82,38.63,2.26
6669.TW NU 300750.SZ UBER RDDT,10.3,35.5,0.74,1,1.11,23.59,-5.54,25.81,37.03,0.38
6669.TW FLUT 1810.HK UBER TSM,10.2,38.4,0.8,2,1.06,23.59,-7.01,26.32,36.69,-0.02
NU FLUT 300750.SZ AVGO TSM,13.3,41.8,0.83,1,1.06,23.59,-3.33,25.25,37.13,1.88
VTEX PAX 1810.HK ORCL RHM,12.9,30.6,0.78,1,1.31,23.58,-4.43,23.93,39.4,1.26
VTEX 1810.HK ORCL RHM ADYEN,17.0,32.3,0.87,1,1.49,23.58,-5.13,23.47,40.26,1.86
NU VTEX DLO PAX TSM,12.1,27.3,0.78,3,1.05,23.58,-0.14,24.82,36.58,2.59
NU VTEX DLO TSM ADYEN,15.8,29.0,0.87,3,1.23,23.58,-0.76,24.37,37.49,3.17
VTEX 300750.SZ AVGO ORCL NVDA,15.5,43.3,0.88,3,1.36,23.58,-6.19,23.21,40.93,0.47
6669.TW NU ORCL RHM NVDA,10.6,41.0,0.77,3,1.61,23.58,-5.92,25.93,36.93,-0.41
NU VTEX PAX ORCL UBER,11.8,28.4,0.72,2,1.17,23.57,-3.28,24.58,38.08,1.0
NU VTEX ORCL UBER ADYEN,15.2,30.1,0.81,2,1.34,23.57,-3.95,24.13,38.95,1.61
6669.TW NU 1810.HK ORCL NVDA,10.4,39.8,0.76,3,1.32,23.57,-7.62,25.48,38.13,-1.33
6669.TW 300750.SZ 1810.HK AVGO RHM,10.9,42.4,0.79,2,1.14,23.57,-5.15,25.07,37.95,1.41
FLUT DLO AVGO ORCL NVDA,13.8,44.8,0.83,3,1.48,23.57,-5.51,23.97,39.66,-0.12
VTEX DLO PAX AVGO ADYEN,12.9,30.3,0.79,3,1.25,23.57,-0.19,23.72,38.19,2.99
FLUT 300750.SZ DLO NVDA RDDT,13.5,43.1,0.83,1,1.34,23.57,-5.7,23.83,39.92,-0.08
6669.TW NU 300750.SZ AVGO UBER,10.1,40.2,0.73,2,0.99,23.57,-3.97,25.71,36.58,1.16
VTEX DLO ORCL RHM UBER,15.8,32.7,0.84,1,1.39,23.56,-3.77,23.52,39.72,1.86
NU FLUT PAX RHM ADYEN,11.2,33.7,0.72,3,1.41,23.56,-1.18,25.49,35.9,2.08
6669.TW FLUT PAX NVDA UBER,8.5,41.3,0.7,2,1.29,23.56,-5.65,26.31,36.19,-1.27
6669.TW FLUT NVDA UBER ADYEN,10.1,43.0,0.78,2,1.47,23.56,-6.38,25.88,37.1,-0.62
VTEX DLO 1810.HK ORCL UBER,15.4,31.5,0.83,1,1.1,23.56,-5.36,23.05,40.85,1.0
NU FLUT PAX 1810.HK ADYEN,10.9,32.5,0.7,3,1.12,23.56,-2.64,25.04,37.12,1.23
VTEX DLO AVGO TSM RDDT,18.1,34.9,0.94,2,1.36,23.55,-3.16,23.65,39.31,2.75
VTEX 300750.SZ PAX 1810.HK RHM,12.4,33.6,0.78,1,1.05,23.55,-3.08,23.68,39.23,2.05
VTEX 300750.SZ 1810.HK RHM ADYEN,16.2,35.3,0.87,1,1.22,23.55,-3.76,23.22,40.09,2.64
6669.TW NU 300750.SZ RHM NVDA,10.2,44.1,0.76,2,1.34,23.55,-4.51,25.69,36.75,0.42
VTEX AVGO ORCL UBER RDDT,17.3,36.0,0.88,2,1.47,23.55,-6.61,23.4,40.72,1.16
NU VTEX 300750.SZ PAX UBER,11.4,31.5,0.72,2,0.9,23.55,-1.98,24.34,37.9,1.8
NU VTEX 300750.SZ UBER ADYEN,14.5,33.2,0.81,2,1.08,23.55,-2.63,23.89,38.78,2.39
6669.TW NU 300750.SZ 1810.HK NVDA,10.0,42.8,0.75,2,1.06,23.55,-6.14,25.24,37.95,-0.47
NU FLUT RHM TSM RDDT,14.8,38.4,0.87,1,1.51,23.55,-4.25,25.42,37.07,1.83
FLUT DLO PAX 1810.HK RHM,11.3,35.1,0.73,2,1.17,23.54,-2.47,24.44,37.92,1.49
FLUT DLO 1810.HK RHM ADYEN,14.4,36.8,0.82,2,1.34,23.54,-3.13,23.99,38.8,2.08
FLUT 300750.SZ DLO AVGO NVDA,13.3,47.9,0.82,2,1.22,23.54,-4.12,23.73,39.49,0.7
NU FLUT 1810.HK TSM RDDT,14.4,37.1,0.86,2,1.22,23.54,-5.86,24.97,38.27,0.98
NU FLUT DLO PAX UBER,10.4,33.0,0.67,3,1.02,23.54,-1.38,25.08,36.55,1.23
NU FLUT DLO UBER ADYEN,13.0,34.6,0.76,3,1.2,23.54,-2.02,24.64,37.45,1.83
6669.TW DLO PAX ORCL RDDT,9.2,26.1,0.69,2,1.34,23.54,-4.81,25.87,36.55,-0.45
6669.TW DLO ORCL ADYEN RDDT,11.1,27.8,0.78,2,1.52,23.54,-5.52,25.43,37.45,0.18
VTEX 300750.SZ DLO RHM UBER,15.1,35.8,0.84,1,1.13,23.54,-2.45,23.27,39.55,2.64
FLUT PAX AVGO RHM RDDT,12.3,39.6,0.79,1,1.53,23.54,-3.61,24.78,37.78,1.65
FLUT AVGO RHM ADYEN RDDT,16.0,41.3,0.88,1,1.71,23.53,-4.29,24.33,38.66,2.24
VTEX ORCL RHM NVDA RDDT,17.5,39.8,0.91,2,1.82,23.53,-7.2,23.39,40.87,0.43
FLUT 300750.SZ PAX ORCL RDDT,11.0,31.9,0.73,1,1.25,23.53,-6.24,24.94,38.4,-0.55
FLUT 300750.SZ ORCL ADYEN RDDT,14.0,33.6,0.82,1,1.43,23.53,-6.98,24.5,39.27,0.09
VTEX 300750.SZ DLO 1810.HK UBER,14.7,34.6,0.83,1,0.84,23.53,-3.98,22.8,40.68,1.8
FLUT PAX 1810.HK AVGO RDDT,12.0,38.4,0.78,2,1.25,23.53,-5.19,24.32,38.96,0.78
FLUT 1810.HK AVGO ADYEN RDDT,15.5,40.1,0.86,2,1.42,23.53,-5.91,23.87,39.82,1.39
VTEX 1810.HK ORCL NVDA RDDT,17.0,38.6,0.9,2,1.53,23.53,-8.98,22.91,41.98,-0.47
6669.TW FLUT PAX TSM ADYEN,8.9,30.7,0.74,2,1.27,23.53,-3.44,27.16,33.91,0.6
6669.TW NU DLO ORCL TSM,10.4,29.6,0.76,2,1.2,23.53,-3.9,26.39,35.35,0.54
VTEX 300750.SZ AVGO UBER RDDT,16.4,39.0,0.88,2,1.21,23.52,-5.18,23.15,40.56,1.96
6669.TW NU RHM UBER RDDT,11.0,36.8,0.77,1,1.45,23.52,-4.91,25.87,36.52,1.11
NU FLUT AVGO RHM TSM,14.5,43.1,0.86,1,1.4,23.52,-2.73,25.32,36.62,2.58
NU FLUT 300750.SZ ORCL TSM,12.8,35.3,0.8,1,1.12,23.52,-5.29,25.48,37.26,0.45
6669.TW NU 1810.HK UBER RDDT,10.7,35.5,0.76,1,1.16,23.52,-6.56,25.43,37.73,0.24
NU FLUT 1810.HK AVGO TSM,14.1,41.9,0.85,2,1.11,23.52,-4.27,24.87,37.83,1.74
6669.TW DLO PAX AVGO ORCL,9.1,30.8,0.68,3,1.22,23.52,-3.27,25.77,36.09,0.35
6669.TW DLO AVGO ORCL ADYEN,11.0,32.5,0.77,3,1.4,23.52,-3.95,25.34,37.01,0.96
FLUT DLO AVGO UBER RDDT,14.5,40.5,0.83,1,1.33,23.52,-4.52,23.92,39.28,1.39
6669.TW 300750.SZ DLO PAX RDDT,9.0,29.2,0.69,2,1.08,23.51,-3.45,25.63,36.36,0.38
6669.TW 300750.SZ DLO ADYEN RDDT,10.8,30.9,0.78,2,1.25,23.51,-4.13,25.2,37.27,1.0
NU FLUT PAX NVDA RDDT,11.2,40.1,0.75,2,1.45,23.51,-4.55,24.95,37.78,-0.23
NU FLUT NVDA ADYEN RDDT,14.2,41.8,0.84,2,1.63,23.51,-5.26,24.51,38.66,0.4
VTEX AVGO ORCL RHM NVDA,17.1,44.6,0.91,3,1.7,23.51,-5.54,23.28,40.46,1.2
FLUT 300750.SZ PAX AVGO ORCL,10.9,36.6,0.72,2,1.14,23.51,-4.63,24.84,37.96,0.25
FLUT 300750.SZ AVGO ORCL ADYEN,13.7,38.3,0.81,2,1.31,23.51,-5.34,24.4,38.84,0.87
VTEX 300750.SZ RHM NVDA RDDT,16.7,42.9,0.91,2,1.56,23.51,-5.74,23.14,40.71,1.24
VTEX 1810.HK AVGO ORCL NVDA,16.6,43.3,0.9,3,1.42,23.51,-7.23,22.81,41.57,0.33
VTEX FLUT NVDA UBER TSM,14.8,43.6,0.92,1,1.37,23.5,-5.96,24.34,39.1,0.58
VTEX 300750.SZ 1810.HK NVDA RDDT,16.2,41.7,0.9,2,1.27,23.5,-7.43,22.66,41.82,0.36
6669.TW 300750.SZ 1810.HK ORCL RHM,10.6,35.9,0.77,2,1.2,23.5,-7.23,25.3,38.07,-0.04
6669.TW NU 300750.SZ DLO TSM,10.1,32.7,0.76,2,0.94,23.5,-2.58,26.16,35.17,1.35
FLUT DLO RHM NVDA RDDT,14.7,44.4,0.86,1,1.68,23.5,-5.07,23.9,39.43,0.66
6669.TW NU AVGO RHM UBER,10.8,41.5,0.76,2,1.33,23.5,-3.36,25.78,36.07,1.87
VTEX DLO PAX ORCL ADYEN,12.4,23.8,0.76,3,1.31,23.5,-1.96,23.95,38.31,1.61
6669.TW NU 300750.SZ ORCL UBER,9.8,33.7,0.71,2,1.05,23.5,-5.97,25.93,36.71,-0.3
FLUT DLO 1810.HK NVDA RDDT,14.3,43.2,0.85,2,1.39,23.5,-6.72,23.43,40.57,-0.23
6669.TW NU 1810.HK AVGO UBER,10.6,40.2,0.75,2,1.05,23.5,-4.93,25.33,37.29,1.02
6669.TW 300750.SZ DLO PAX AVGO,8.8,33.9,0.68,2,0.96,23.49,-1.97,25.54,35.91,1.16
6669.TW 300750.SZ DLO AVGO ADYEN,10.6,35.6,0.77,2,1.14,23.49,-2.62,25.1,36.83,1.76
NU FLUT PAX AVGO NVDA,11.0,44.8,0.74,2,1.34,23.49,-3.03,24.85,37.34,0.56
NU FLUT AVGO NVDA ADYEN,13.9,46.5,0.83,2,1.51,23.49,-3.7,24.41,38.23,1.17
VTEX DLO ORCL TSM RDDT,17.1,28.4,0.91,2,1.42,23.48,-5.1,23.88,39.43,1.36
VTEX 300750.SZ AVGO RHM NVDA,16.3,47.6,0.9,2,1.44,23.48,-4.15,23.03,40.29,1.99
NU VTEX PAX RHM UBER,12.2,32.7,0.75,2,1.24,23.48,-1.41,24.41,37.4,2.5
NU VTEX RHM UBER ADYEN,15.9,34.4,0.84,2,1.42,23.48,-2.05,23.96,38.29,3.08
VTEX 300750.SZ 1810.HK AVGO NVDA,15.8,46.4,0.89,2,1.15,23.48,-5.76,22.55,41.41,1.14
6669.TW NU 1810.HK RHM NVDA,10.7,44.1,0.78,2,1.4,23.48,-5.49,25.31,37.45,0.28
NU VTEX PAX 1810.HK UBER,11.9,31.5,0.74,2,0.96,23.48,-2.88,23.95,38.59,1.66
NU VTEX 1810.HK UBER ADYEN,15.5,33.2,0.83,2,1.13,23.48,-3.55,23.49,39.45,2.26
FLUT DLO AVGO RHM NVDA,14.5,49.1,0.86,2,1.56,23.48,-3.51,23.8,39.01,1.43
FLUT 300750.SZ DLO ORCL NVDA,12.8,41.4,0.8,2,1.28,23.48,-6.13,23.96,39.61,-0.78
VTEX 300750.SZ DLO PAX ADYEN,12.0,26.9,0.76,3,1.05,23.47,-0.71,23.71,38.14,2.39
FLUT DLO 1810.HK AVGO NVDA,14.1,47.9,0.84,2,1.27,23.47,-5.09,23.33,40.16,0.56
FLUT PAX ORCL RHM RDDT,11.8,33.1,0.76,1,1.59,23.47,-5.59,25.01,37.9,0.21
FLUT ORCL RHM ADYEN RDDT,15.3,34.8,0.85,1,1.77,23.47,-6.32,24.57,38.78,0.82
VTEX DLO 1810.HK RHM UBER,16.1,35.8,0.86,1,1.18,23.47,-3.37,22.87,40.21,2.5
FLUT PAX 1810.HK ORCL RDDT,11.6,31.9,0.75,2,1.31,23.46,-7.27,24.56,39.08,-0.69
FLUT 1810.HK ORCL ADYEN RDDT,14.8,33.6,0.84,2,1.48,23.46,-8.04,24.11,39.94,-0.06
VTEX DLO AVGO ORCL TSM,16.8,33.1,0.91,2,1.3,23.46,-3.55,23.78,39.0,2.11
6669.TW NU PAX ADYEN RDDT,9.2,27.8,0.69,3,1.37,23.46,-3.04,26.28,35.01,0.86
VTEX 300750.SZ DLO TSM RDDT,16.3,31.5,0.91,2,1.15,23.46,-3.73,23.64,39.26,2.14
VTEX AVGO RHM UBER RDDT,18.2,40.3,0.91,2,1.55,23.46,-4.55,23.23,40.08,2.66
VTEX 300750.SZ ORCL UBER RDDT,15.6,32.6,0.85,2,1.27,23.46,-7.26,23.39,40.67,0.53
NU FLUT ORCL RHM TSM,13.9,36.6,0.83,1,1.46,23.45,-4.66,25.55,36.75,1.18
VTEX 1810.HK AVGO UBER RDDT,17.7,39.1,0.9,2,1.26,23.45,-6.18,22.75,41.2,1.82
6669.TW VTEX PAX UBER TSM,9.5,29.7,0.77,1,1.11,23.45,-3.68,26.13,35.48,1.04
6669.TW VTEX UBER TSM ADYEN,11.6,31.3,0.86,1,1.28,23.45,-4.37,25.69,36.41,1.64
NU FLUT 1810.HK ORCL TSM,13.6,35.4,0.82,2,1.17,23.45,-6.29,25.1,37.95,0.31
FLUT DLO ORCL UBER RDDT,13.9,34.0,0.81,1,1.39,23.45,-6.55,24.15,39.39,-0.06
6669.TW DLO PAX RHM RDDT,9.5,30.5,0.72,2,1.42,23.45,-2.86,25.7,35.84,1.11
6669.TW DLO RHM ADYEN RDDT,11.6,32.1,0.81,2,1.59,23.45,-3.52,25.27,36.76,1.72
FLUT PAX AVGO ORCL RHM,11.6,37.8,0.75,2,1.48,23.44,-4.01,24.91,37.46,0.99
FLUT AVGO ORCL RHM ADYEN,15.0,39.5,0.84,2,1.65,23.44,-4.7,24.47,38.35,1.59
6669.TW DLO PAX 1810.HK RDDT,9.3,29.2,0.71,2,1.13,23.44,-4.4,25.26,37.07,0.24
6669.TW DLO 1810.HK ADYEN RDDT,11.3,30.9,0.8,2,1.31,23.44,-5.1,24.81,37.97,0.86
FLUT 300750.SZ PAX RHM RDDT,11.4,36.2,0.76,1,1.33,23.44,-4.2,24.77,37.73,1.02
FLUT 300750.SZ RHM ADYEN RDDT,14.6,37.9,0.85,1,1.51,23.44,-4.89,24.32,38.61,1.63
FLUT PAX 1810.HK AVGO ORCL,11.4,36.6,0.74,2,1.19,23.44,-5.61,24.45,38.65,0.11
FLUT 1810.HK AVGO ORCL ADYEN,14.6,38.3,0.83,2,1.37,23.44,-6.34,24.01,39.51,0.73
VTEX 1810.HK RHM NVDA RDDT,18.0,42.9,0.93,2,1.61,23.44,-6.76,22.73,41.35,1.1
FLUT 300750.SZ PAX 1810.HK RDDT,11.2,35.0,0.75,2,1.04,23.44,-5.81,24.31,38.91,0.14
FLUT 300750.SZ 1810.HK ADYEN RDDT,14.2,36.7,0.84,2,1.22,23.44,-6.54,23.86,39.77,0.76
6669.TW NU PAX AVGO ADYEN,9.1,32.5,0.69,3,1.25,23.44,-1.58,26.19,34.54,1.62
VTEX 300750.SZ DLO AVGO TSM,16.0,36.2,0.9,1,1.04,23.44,-2.24,23.53,38.83,2.88
6669.TW NU DLO RHM TSM,10.8,33.9,0.79,2,1.28,23.44,-2.0,26.23,34.63,2.06
NU VTEX NVDA UBER RDDT,15.9,40.8,0.87,2,1.47,23.43,-5.52,23.4,40.08,0.84
VTEX 300750.SZ AVGO ORCL UBER,15.3,37.3,0.85,2,1.15,23.43,-5.6,23.29,40.25,1.3
6669.TW NU ORCL RHM UBER,10.5,35.0,0.74,2,1.39,23.43,-5.33,26.0,36.19,0.44
6669.TW NU DLO 1810.HK TSM,10.5,32.7,0.78,2,0.99,23.43,-3.5,25.79,35.89,1.21
NU FLUT 300750.SZ RHM TSM,13.3,39.7,0.83,1,1.19,23.43,-3.3,25.31,36.57,1.97
6669.TW NU 1810.HK ORCL UBER,10.3,33.7,0.73,2,1.11,23.43,-7.0,25.56,37.41,-0.45
FLUT DLO AVGO ORCL UBER,13.7,38.7,0.8,2,1.27,23.43,-4.93,24.05,38.97,0.73
6669.TW DLO PAX AVGO RHM,9.4,35.2,0.71,2,1.3,23.42,-1.4,25.61,35.38,1.87
NU FLUT 300750.SZ 1810.HK TSM,13.0,38.4,0.82,2,0.91,23.42,-4.87,24.86,37.77,1.12
6669.TW DLO AVGO RHM ADYEN,11.4,36.9,0.8,2,1.48,23.42,-2.04,25.17,36.31,2.46
6669.TW 300750.SZ DLO PAX ORCL,8.6,27.4,0.66,2,1.02,23.42,-3.85,25.76,36.03,-0.3
6669.TW 300750.SZ DLO ORCL ADYEN,10.3,29.1,0.74,2,1.2,23.42,-4.54,25.33,36.95,0.32
FLUT 300750.SZ DLO UBER RDDT,13.4,37.1,0.8,1,1.13,23.42,-5.12,23.91,39.22,0.76
6669.TW NU AVGO TSM RDDT,11.4,37.2,0.84,2,1.36,23.42,-4.68,26.12,35.75,1.37
NU FLUT PAX ORCL NVDA,10.6,38.3,0.71,2,1.4,23.42,-4.97,25.08,37.46,-0.93
NU FLUT ORCL NVDA ADYEN,13.3,40.0,0.8,2,1.57,23.42,-5.68,24.64,38.35,-0.29
6669.TW DLO PAX 1810.HK AVGO,9.2,33.9,0.7,2,1.01,23.42,-2.88,25.16,36.62,1.02
6669.TW DLO 1810.HK AVGO ADYEN,11.1,35.6,0.79,2,1.19,23.42,-3.55,24.71,37.53,1.62
FLUT 300750.SZ PAX AVGO RHM,11.3,40.9,0.75,1,1.22,23.42,-2.68,24.67,37.28,1.78
FLUT 300750.SZ AVGO RHM ADYEN,14.3,42.6,0.84,1,1.39,23.42,-3.35,24.22,38.18,2.37
VTEX 300750.SZ ORCL RHM NVDA,15.5,41.1,0.88,2,1.5,23.42,-6.17,23.27,40.41,0.57
VTEX 1810.HK AVGO RHM NVDA,17.5,47.6,0.93,2,1.49,23.41,-5.12,22.63,40.95,1.86
FLUT 300750.SZ PAX 1810.HK AVGO,11.0,39.7,0.74,2,0.93,23.41,-4.22,24.21,38.48,0.93
FLUT 300750.SZ 1810.HK AVGO ADYEN,14.0,41.4,0.83,2,1.1,23.41,-4.92,23.76,39.34,1.53
VTEX 300750.SZ 1810.HK ORCL NVDA,15.1,39.9,0.87,2,1.21,23.41,-7.89,22.8,41.52,-0.32
NU VTEX AVGO NVDA UBER,15.6,45.5,0.87,2,1.35,23.41,-3.95,23.3,39.66,1.6
FLUT DLO ORCL RHM NVDA,13.8,42.6,0.83,2,1.62,23.41,-5.49,24.03,39.13,-0.02
VTEX DLO PAX RHM ADYEN,13.0,28.1,0.79,3,1.39,23.41,-0.16,23.78,37.64,3.08
6669.TW NU 300750.SZ RHM UBER,10.1,38.1,0.73,1,1.13,23.41,-3.95,25.77,36.01,1.25
FLUT DLO 1810.HK ORCL NVDA,13.5,41.4,0.82,2,1.33,23.41,-7.17,23.57,40.27,-0.93
NU VTEX PAX TSM RDDT,13.0,28.4,0.83,2,1.27,23.4,-2.65,24.76,37.09,2.01
NU VTEX TSM ADYEN RDDT,17.3,30.1,0.91,2,1.44,23.4,-3.31,24.32,37.99,2.59
VTEX DLO PAX 1810.HK ADYEN,12.7,26.9,0.78,3,1.1,23.4,-1.58,23.31,38.82,2.26
6669.TW NU 300750.SZ 1810.HK UBER,10.0,36.8,0.72,1,0.84,23.4,-5.54,25.32,37.23,0.38
6669.TW NU DLO PAX NVDA,8.7,35.6,0.67,3,1.22,23.4,-2.28,25.77,35.38,0.01
6669.TW NU DLO NVDA ADYEN,10.4,37.3,0.76,3,1.4,23.4,-2.94,25.34,36.31,0.63
FLUT 300750.SZ DLO AVGO UBER,13.1,41.8,0.8,1,1.01,23.4,-3.57,23.81,38.8,1.53
FLUT AVGO ORCL NVDA RDDT,14.9,45.9,0.87,3,1.7,23.4,-8.5,23.92,40.14,-0.76
NU FLUT 300750.SZ PAX NVDA,10.3,41.4,0.71,2,1.13,23.39,-3.6,24.84,37.28,-0.08
NU FLUT 300750.SZ NVDA ADYEN,12.8,43.1,0.8,2,1.31,23.39,-4.29,24.4,38.18,0.54
VTEX PAX AVGO ADYEN RDDT,13.9,31.4,0.83,2,1.47,23.39,-2.7,23.66,38.69,2.41
VTEX DLO RHM TSM RDDT,18.1,32.8,0.94,2,1.49,23.39,-3.13,23.71,38.77,2.84
VTEX ORCL RHM UBER RDDT,17.3,33.8,0.89,2,1.61,23.39,-6.59,23.47,40.2,1.26
VTEX DLO 1810.HK TSM RDDT,17.5,31.5,0.93,2,1.21,23.39,-4.69,23.24,39.92,2.01
VTEX 1810.HK ORCL UBER RDDT,16.8,32.6,0.88,2,1.32,23.39,-8.33,22.99,41.31,0.39
FLUT 300750.SZ DLO RHM NVDA,13.3,45.7,0.83,1,1.36,23.38,-4.1,23.79,38.95,0.8
NU VTEX PAX AVGO TSM,12.8,33.1,0.82,2,1.15,23.38,-1.21,24.66,36.65,2.75
NU VTEX AVGO TSM ADYEN,16.9,34.8,0.91,2,1.33,23.38,-1.84,24.22,37.55,3.32
FLUT 300750.SZ DLO 1810.HK NVDA,13.0,44.5,0.82,2,1.07,23.38,-5.7,23.32,40.1,-0.08
6669.TW DLO AVGO NVDA RDDT,11.4,43.2,0.83,3,1.52,23.38,-5.51,24.63,38.18,0.18
FLUT PAX 1810.HK RHM RDDT,12.0,36.2,0.78,2,1.38,23.37,-5.17,24.38,38.41,0.88
FLUT 1810.HK RHM ADYEN RDDT,15.6,37.9,0.87,2,1.56,23.37,-5.88,23.93,39.28,1.49
FLUT 300750.SZ AVGO NVDA RDDT,14.3,49.0,0.87,2,1.44,23.37,-6.97,23.67,39.97,0.08
VTEX DLO AVGO RHM TSM,17.7,37.5,0.93,1,1.38,23.37,-1.67,23.61,38.34,3.56
6669.TW NU PAX ORCL ADYEN,8.9,26.0,0.66,3,1.31,23.37,-3.43,26.41,34.67,0.18
NU FLUT PAX UBER RDDT,11.1,34.1,0.72,2,1.24,23.37,-3.99,25.03,37.06,0.62
NU FLUT UBER ADYEN RDDT,14.0,35.7,0.81,2,1.42,23.37,-4.68,24.59,37.95,1.23
VTEX 300750.SZ DLO ORCL TSM,15.2,29.7,0.88,1,1.1,23.37,-4.14,23.77,38.95,1.49
VTEX AVGO ORCL RHM UBER,16.9,38.5,0.88,2,1.49,23.37,-4.96,23.36,39.78,2.02
VTEX DLO 1810.HK AVGO TSM,17.1,36.2,0.92,1,1.09,23.37,-3.16,23.13,39.5,2.75
VTEX 300750.SZ RHM UBER RDDT,16.4,36.9,0.88,2,1.35,23.36,-5.15,23.22,40.03,2.05
VTEX 1810.HK AVGO ORCL UBER,16.4,37.3,0.87,2,1.2,23.36,-6.61,22.89,40.91,1.16
VTEX 300750.SZ 1810.HK UBER RDDT,16.0,35.7,0.87,2,1.06,23.36,-6.81,22.74,41.15,1.2
VTEX DLO PAX NVDA RDDT,12.9,34.5,0.82,2,1.43,23.36,-3.43,23.22,39.46,0.84
VTEX DLO NVDA ADYEN RDDT,17.2,36.1,0.91,2,1.61,23.36,-4.11,22.76,40.31,1.45
NU FLUT 1810.HK RHM TSM,14.2,39.7,0.85,2,1.25,23.36,-4.25,24.93,37.27,1.83
6669.TW DLO PAX ORCL RHM,9.1,28.7,0.69,2,1.36,23.36,-3.25,25.83,35.51,0.44
6669.TW DLO ORCL RHM ADYEN,11.0,30.4,0.78,2,1.54,23.36,-3.92,25.4,36.44,1.06
FLUT DLO RHM UBER RDDT,14.6,38.4,0.83,1,1.47,23.36,-4.49,23.98,38.73,1.49
6669.TW NU ORCL TSM RDDT,11.0,30.7,0.81,2,1.42,23.35,-6.73,26.34,35.88,-0.08
6669.TW DLO PAX 1810.HK ORCL,8.9,27.4,0.68,2,1.07,23.35,-4.81,25.38,36.75,-0.45
6669.TW DLO 1810.HK ORCL ADYEN,10.8,29.1,0.76,2,1.25,23.35,-5.52,24.94,37.65,0.18
FLUT DLO 1810.HK UBER RDDT,14.2,37.1,0.82,2,1.18,23.35,-6.12,23.51,39.89,0.62
FLUT 300750.SZ PAX ORCL RHM,10.9,34.4,0.72,1,1.28,23.35,-4.6,24.9,37.41,0.35
FLUT 300750.SZ ORCL RHM ADYEN,13.7,36.1,0.81,1,1.45,23.35,-5.31,24.46,38.3,0.97
FLUT PAX 1810.HK AVGO RHM,11.8,40.9,0.77,2,1.27,23.35,-3.61,24.28,37.98,1.65
FLUT 1810.HK AVGO RHM ADYEN,15.3,42.6,0.86,2,1.44,23.35,-4.29,23.83,38.86,2.24
VTEX 1810.HK ORCL RHM NVDA,16.7,41.2,0.9,2,1.55,23.35,-7.2,22.87,41.06,0.43
FLUT 300750.SZ PAX 1810.HK ORCL,10.7,33.2,0.71,2,0.99,23.35,-6.24,24.44,38.59,-0.55
FLUT 300750.SZ 1810.HK ORCL ADYEN,13.4,34.9,0.8,2,1.16,23.35,-6.98,24.0,39.46,0.09
NU VTEX DLO NVDA TSM,15.5,37.9,0.89,2,1.3,23.35,-2.56,23.78,38.34,1.79
NU FLUT PAX AVGO UBER,10.9,38.8,0.71,2,1.12,23.34,-2.49,24.93,36.61,1.39
NU FLUT AVGO UBER ADYEN,13.8,40.4,0.8,2,1.3,23.34,-3.15,24.48,37.51,1.99
6669.TW PAX AVGO ORCL RDDT,9.6,31.9,0.73,3,1.44,23.34,-6.04,25.72,36.61,-0.28
6669.TW AVGO ORCL ADYEN RDDT,11.7,33.6,0.82,3,1.62,23.34,-6.78,25.28,37.51,0.35
NU VTEX ORCL NVDA UBER,14.9,39.0,0.84,2,1.41,23.34,-5.95,23.54,39.78,0.16
6669.TW NU 300750.SZ PAX ADYEN,8.6,29.1,0.66,3,1.05,23.34,-2.13,26.18,34.48,1.0
VTEX 300750.SZ AVGO RHM UBER,16.1,41.6,0.88,1,1.23,23.34,-3.6,23.11,39.61,2.79
VTEX 300750.SZ 1810.HK AVGO UBER,15.6,40.4,0.87,1,0.94,23.34,-5.18,22.64,40.74,1.96
6669.TW NU 1810.HK RHM UBER,10.6,38.1,0.76,1,1.18,23.34,-4.91,25.39,36.72,1.11
VTEX DLO PAX AVGO NVDA,12.7,39.2,0.81,2,1.32,23.34,-1.95,23.12,39.03,1.6
VTEX DLO AVGO NVDA ADYEN,16.8,40.8,0.9,2,1.49,23.34,-2.6,22.65,39.89,2.2
FLUT DLO AVGO RHM UBER,14.3,43.1,0.83,1,1.35,23.33,-2.97,23.88,38.3,2.24
FLUT 300750.SZ DLO ORCL UBER,12.6,35.3,0.77,1,1.07,23.33,-5.54,24.04,38.91,0.09
6669.TW NU AVGO ORCL TSM,10.9,35.4,0.8,3,1.3,23.33,-5.1,26.25,35.42,0.7
6669.TW 300750.SZ DLO PAX RHM,8.9,31.8,0.68,2,1.1,23.33,-1.95,25.6,35.32,1.25
6669.TW 300750.SZ DLO RHM ADYEN,10.7,33.4,0.77,2,1.28,23.33,-2.6,25.16,36.26,1.85
NU FLUT PAX RHM NVDA,11.0,42.6,0.74,2,1.47,23.33,-3.0,24.91,36.77,0.66
FLUT DLO 1810.HK AVGO UBER,13.9,41.8,0.82,2,1.06,23.33,-4.52,23.41,39.47,1.39
NU FLUT RHM NVDA ADYEN,13.9,44.3,0.83,2,1.65,23.33,-3.67,24.47,37.68,1.27
6669.TW NU 300750.SZ TSM RDDT,10.7,33.8,0.81,1,1.16,23.33,-5.29,26.11,35.69,0.74
6669.TW 300750.SZ DLO PAX 1810.HK,8.7,30.5,0.67,2,0.81,23.33,-3.45,25.15,36.57,0.38
6669.TW 300750.SZ DLO 1810.HK ADYEN,10.4,32.2,0.76,2,0.99,23.33,-4.13,24.7,37.47,1.0
VTEX PAX ORCL ADYEN RDDT,13.4,24.9,0.81,2,1.53,23.33,-4.62,23.9,38.8,1.0
NU FLUT PAX 1810.HK NVDA,10.8,41.4,0.73,2,1.19,23.32,-4.55,24.45,37.98,-0.23
NU FLUT 1810.HK NVDA ADYEN,13.6,43.1,0.82,2,1.36,23.32,-5.26,24.0,38.86,0.4
VTEX 300750.SZ 1810.HK RHM NVDA,15.9,44.2,0.9,1,1.29,23.32,-5.74,22.62,40.89,1.24
6669.TW 300750.SZ PAX AVGO RDDT,9.3,35.0,0.73,2,1.18,23.32,-4.63,25.48,36.43,0.55
6669.TW 300750.SZ AVGO ADYEN RDDT,11.3,36.7,0.82,2,1.35,23.32,-5.34,25.05,37.34,1.16
NU VTEX 300750.SZ NVDA UBER,14.2,42.1,0.84,1,1.15,23.32,-4.54,23.29,39.61,0.98
NU VTEX PAX ORCL TSM,12.3,26.7,0.79,2,1.21,23.31,-3.04,24.89,36.77,1.36
NU VTEX ORCL TSM ADYEN,16.1,28.3,0.88,2,1.39,23.31,-3.71,24.45,37.67,1.95
FLUT DLO 1810.HK RHM NVDA,14.1,45.7,0.85,2,1.41,23.31,-5.07,23.39,39.62,0.66
NU FLUT DLO NVDA UBER,12.8,43.5,0.79,2,1.27,23.31,-3.89,24.05,38.3,0.4
6669.TW DLO ORCL NVDA RDDT,11.0,36.7,0.81,3,1.58,23.31,-7.62,24.86,38.3,-1.33
6669.TW NU 300750.SZ AVGO TSM,10.5,38.5,0.8,2,1.04,23.3,-3.73,26.01,35.23,1.51
FLUT AVGO RHM NVDA RDDT,15.7,50.2,0.9,2,1.78,23.3,-6.31,23.74,39.49,0.82
VTEX PAX AVGO ORCL ADYEN,13.1,29.6,0.8,2,1.41,23.3,-3.09,23.8,38.37,1.77
FLUT 300750.SZ ORCL NVDA RDDT,13.7,42.5,0.84,2,1.5,23.3,-9.18,23.91,40.09,-1.43
VTEX DLO ORCL RHM TSM,16.8,31.0,0.91,1,1.44,23.3,-3.53,23.84,38.46,2.2
VTEX 300750.SZ PAX ADYEN RDDT,12.8,28.0,0.81,2,1.26,23.3,-3.26,23.65,38.63,1.8
FLUT 1810.HK AVGO NVDA RDDT,15.3,49.0,0.89,2,1.49,23.3,-8.03,23.27,40.63,-0.06
6669.TW FLUT PAX NVDA TSM,8.8,39.6,0.76,2,1.34,23.3,-5.4,26.61,34.83,-0.89
6669.TW FLUT NVDA TSM ADYEN,10.5,41.3,0.85,2,1.51,23.3,-6.12,26.18,35.77,-0.25
VTEX DLO 1810.HK ORCL TSM,16.3,29.7,0.9,1,1.15,23.3,-5.1,23.37,39.62,1.36
VTEX 1810.HK RHM UBER RDDT,17.7,36.9,0.9,2,1.4,23.29,-6.15,22.82,40.68,1.92
FLUT DLO PAX ADYEN RDDT,11.7,29.4,0.76,3,1.38,23.29,-2.64,24.41,37.3,1.23
VTEX AVGO ORCL TSM RDDT,18.4,34.2,0.95,2,1.52,23.29,-6.35,23.73,39.49,1.52
NU VTEX 300750.SZ PAX TSM,11.9,29.7,0.79,2,0.95,23.29,-1.75,24.65,36.59,2.14
NU VTEX 300750.SZ TSM ADYEN,15.3,31.4,0.88,2,1.13,23.29,-2.4,24.21,37.49,2.73
6669.TW DLO AVGO ORCL NVDA,10.8,41.4,0.8,4,1.47,23.29,-5.94,24.76,37.86,-0.51
6669.TW 300750.SZ DLO NVDA RDDT,10.6,39.8,0.8,2,1.32,23.28,-6.14,24.62,38.13,-0.47
FLUT PAX 1810.HK ORCL RHM,11.4,34.4,0.74,2,1.33,23.28,-5.59,24.52,38.1,0.21
FLUT 1810.HK ORCL RHM ADYEN,14.6,36.1,0.83,2,1.5,23.28,-6.32,24.07,38.97,0.82
NU FLUT DLO PAX TSM,10.8,31.2,0.74,3,1.07,23.28,-1.16,25.39,35.19,1.58
NU FLUT DLO TSM ADYEN,13.7,32.9,0.83,3,1.25,23.28,-1.79,24.95,36.13,2.18
FLUT 300750.SZ AVGO ORCL NVDA,13.5,47.2,0.84,3,1.38,23.28,-7.42,23.81,39.67,-0.61
NU FLUT PAX ORCL UBER,10.6,32.3,0.68,2,1.18,23.28,-4.4,25.16,36.73,-0.06
NU FLUT ORCL UBER ADYEN,13.2,34.0,0.77,2,1.36,23.28,-5.1,24.72,37.63,0.56
VTEX 300750.SZ PAX AVGO ADYEN,12.6,32.7,0.8,2,1.15,23.28,-1.8,23.55,38.2,2.54
6669.TW NU PAX RHM ADYEN,9.1,30.4,0.69,3,1.39,23.28,-1.55,26.25,33.94,1.72
VTEX 300750.SZ DLO RHM TSM,16.0,34.1,0.9,1,1.18,23.28,-2.22,23.6,38.28,2.97
VTEX 300750.SZ ORCL RHM UBER,15.4,35.1,0.85,1,1.29,23.27,-5.57,23.35,39.72,1.4
6669.TW NU PAX 1810.HK ADYEN,9.0,29.1,0.68,3,1.1,23.27,-3.04,25.8,35.22,0.86
VTEX 300750.SZ DLO 1810.HK TSM,15.5,32.8,0.89,1,0.89,23.27,-3.73,23.12,39.45,2.14
VTEX 1810.HK AVGO RHM UBER,17.3,41.6,0.9,1,1.28,23.27,-4.55,22.71,40.27,2.66
FLUT DLO PAX AVGO ADYEN,11.5,34.1,0.75,3,1.27,23.27,-1.2,24.31,36.85,1.99
VTEX 300750.SZ 1810.HK ORCL UBER,14.9,33.9,0.84,1,1.0,23.27,-7.26,22.88,40.85,0.53
VTEX DLO PAX ORCL NVDA,12.3,32.7,0.79,2,1.38,23.27,-3.83,23.36,39.15,0.16
VTEX DLO ORCL NVDA ADYEN,16.0,34.4,0.88,2,1.55,23.27,-4.52,22.9,40.0,0.78
FLUT DLO ORCL RHM UBER,13.7,36.6,0.8,1,1.41,23.27,-4.91,24.11,38.42,0.82
VTEX 300750.SZ AVGO TSM RDDT,17.5,37.3,0.95,2,1.25,23.26,-4.92,23.48,39.32,2.3
6669.TW NU RHM TSM RDDT,11.4,35.0,0.84,1,1.5,23.26,-4.66,26.18,35.17,1.47
FLUT DLO 1810.HK ORCL UBER,13.4,35.3,0.79,2,1.12,23.26,-6.55,23.65,39.58,-0.06
6669.TW DLO PAX 1810.HK RHM,9.2,31.8,0.7,2,1.15,23.26,-2.86,25.22,36.05,1.11
6669.TW DLO 1810.HK RHM ADYEN,11.2,33.5,0.79,2,1.33,23.26,-3.52,24.78,36.97,1.72
6669.TW 300750.SZ DLO AVGO NVDA,10.5,44.5,0.8,3,1.21,23.26,-4.53,24.52,37.69,0.32
6669.TW NU 1810.HK TSM RDDT,11.2,33.8,0.83,1,1.21,23.26,-6.29,25.74,36.41,0.6
6669.TW NU DLO PAX UBER,8.6,29.6,0.64,3,1.01,23.26,-1.76,25.85,34.62,0.86
6669.TW NU DLO UBER ADYEN,10.3,31.3,0.73,3,1.18,23.26,-2.41,25.41,35.56,1.46
FLUT DLO AVGO TSM RDDT,15.4,38.8,0.9,1,1.37,23.25,-4.27,24.24,38.0,1.74
FLUT 300750.SZ PAX 1810.HK RHM,11.0,37.5,0.74,2,1.07,23.25,-4.2,24.27,37.92,1.02
FLUT 300750.SZ 1810.HK RHM ADYEN,14.0,39.2,0.83,2,1.24,23.25,-4.89,23.82,38.8,1.63
FLUT AVGO ORCL UBER RDDT,14.8,39.8,0.84,2,1.49,23.25,-7.86,24.0,39.45,0.11
6669.TW PAX AVGO RHM RDDT,9.9,36.3,0.76,2,1.52,23.25,-4.01,25.55,35.91,1.27
6669.TW AVGO RHM ADYEN RDDT,12.1,38.0,0.85,2,1.69,23.25,-4.71,25.12,36.83,1.87
NU VTEX RHM NVDA UBER,15.6,43.3,0.87,1,1.49,23.25,-3.92,23.36,39.12,1.7
NU FLUT 300750.SZ PAX UBER,10.2,35.3,0.68,2,0.92,23.25,-3.05,24.92,36.55,0.76
NU FLUT 300750.SZ UBER ADYEN,12.7,37.0,0.77,2,1.1,23.25,-3.73,24.47,37.46,1.37
6669.TW 300750.SZ PAX ORCL RDDT,9.0,28.5,0.7,2,1.24,23.25,-6.68,25.71,36.55,-0.94
6669.TW 300750.SZ ORCL ADYEN RDDT,10.9,30.2,0.79,2,1.41,23.25,-7.43,25.27,37.46,-0.3
6669.TW PAX 1810.HK AVGO RDDT,9.7,35.0,0.75,2,1.23,23.25,-5.62,25.1,37.13,0.4
6669.TW 1810.HK AVGO ADYEN RDDT,11.9,36.7,0.84,2,1.41,23.25,-6.34,24.66,38.03,1.02
NU VTEX 1810.HK NVDA UBER,15.2,42.1,0.86,1,1.2,23.25,-5.52,22.89,40.27,0.84
VTEX 300750.SZ DLO PAX NVDA,11.8,35.8,0.79,2,1.12,23.24,-2.51,23.11,38.98,0.98
VTEX 300750.SZ DLO NVDA ADYEN,15.3,37.4,0.87,2,1.29,23.24,-3.17,22.64,39.84,1.58
FLUT 300750.SZ DLO RHM UBER,13.2,39.7,0.8,1,1.15,23.24,-3.54,23.87,38.25,1.63
6669.TW NU AVGO RHM TSM,11.3,39.7,0.83,2,1.38,23.24,-3.13,26.08,34.7,2.22
6669.TW NU 300750.SZ ORCL TSM,10.2,32.0,0.77,2,1.1,23.24,-5.71,26.24,35.36,0.06
FLUT ORCL RHM NVDA RDDT,15.0,43.7,0.88,2,1.84,23.24,-8.47,23.98,39.61,-0.65
FLUT 300750.SZ DLO 1810.HK UBER,12.8,38.4,0.79,2,0.86,23.23,-5.12,23.4,39.41,0.76
6669.TW NU 1810.HK AVGO TSM,11.0,38.5,0.82,2,1.09,23.23,-4.68,25.64,35.96,1.37
VTEX PAX RHM ADYEN RDDT,13.9,29.2,0.84,2,1.6,23.23,-2.67,23.73,38.14,2.5
FLUT 1810.HK ORCL NVDA RDDT,14.6,42.5,0.86,2,1.55,23.23,-10.33,23.51,40.74,-1.58
6669.TW DLO AVGO UBER RDDT,11.3,37.2,0.81,2,1.31,23.23,-4.93,24.71,37.46,1.02
VTEX PAX 1810.HK ADYEN RDDT,13.6,28.0,0.83,2,1.32,23.23,-4.21,23.26,39.31,1.66
6669.TW NU PAX NVDA RDDT,9.1,36.7,0.72,2,1.44,23.23,-4.97,25.72,35.91,-0.62
6669.TW NU NVDA ADYEN RDDT,11.0,38.4,0.81,2,1.61,23.23,-5.68,25.28,36.83,0.01
6669.TW 300750.SZ PAX AVGO ORCL,8.9,33.2,0.69,3,1.12,23.23,-5.05,25.61,36.1,-0.14
6669.TW 300750.SZ AVGO ORCL ADYEN,10.8,34.9,0.78,3,1.3,23.23,-5.76,25.18,37.01,0.49
FLUT 300750.SZ AVGO UBER RDDT,14.1,42.9,0.84,1,1.23,23.23,-6.37,23.75,39.28,0.93
NU VTEX PAX RHM TSM,12.8,31.0,0.82,2,1.29,23.22,-1.19,24.72,36.07,2.84
NU VTEX RHM TSM ADYEN,16.9,32.7,0.91,2,1.47,23.22,-1.82,24.28,36.99,3.41
6669.TW VTEX NVDA UBER TSM,11.5,40.2,0.89,2,1.35,23.22,-6.39,25.12,37.28,0.2
NU VTEX PAX 1810.HK TSM,12.5,29.7,0.81,2,1.0,23.22,-2.65,24.27,37.29,2.01
NU VTEX 1810.HK TSM ADYEN,16.4,31.4,0.9,2,1.18,23.22,-3.31,23.81,38.19,2.59
6669.TW DLO RHM NVDA RDDT,11.4,41.0,0.84,2,1.66,23.22,-5.49,24.69,37.63,0.28
VTEX DLO PAX UBER RDDT,12.8,28.4,0.79,2,1.22,23.21,-2.88,23.3,38.76,1.66
VTEX DLO UBER ADYEN RDDT,16.9,30.1,0.88,2,1.4,23.21,-3.55,22.84,39.62,2.26
FLUT AVGO ORCL RHM NVDA,14.7,48.4,0.87,3,1.72,23.21,-6.75,23.88,39.18,0.15
6669.TW DLO 1810.HK NVDA RDDT,11.2,39.8,0.82,2,1.37,23.21,-7.17,24.23,38.81,-0.62
VTEX PAX AVGO RHM ADYEN,13.7,33.9,0.83,2,1.49,23.21,-1.23,23.62,37.7,3.23
FLUT 300750.SZ RHM NVDA RDDT,14.3,46.8,0.87,1,1.58,23.21,-6.95,23.73,39.44,0.18
VTEX 300750.SZ PAX ORCL ADYEN,12.2,26.2,0.77,2,1.21,23.21,-3.66,23.79,38.32,1.14
FLUT 1810.HK AVGO ORCL NVDA,14.3,47.2,0.86,3,1.43,23.21,-8.5,23.41,40.33,-0.76
VTEX PAX 1810.HK AVGO ADYEN,13.4,32.7,0.82,2,1.2,23.21,-2.7,23.15,38.88,2.41
FLUT 300750.SZ 1810.HK NVDA RDDT,14.0,45.6,0.86,2,1.29,23.21,-8.71,23.26,40.58,-0.72
VTEX DLO 1810.HK RHM TSM,17.2,34.1,0.93,1,1.23,23.21,-3.13,23.2,38.96,2.84
6669.TW NU PAX AVGO NVDA,9.0,41.4,0.71,3,1.32,23.2,-3.42,25.62,35.45,0.18
6669.TW NU AVGO NVDA ADYEN,10.9,43.1,0.8,3,1.5,23.2,-4.1,25.19,36.37,0.8
VTEX 1810.HK ORCL RHM UBER,16.4,35.1,0.87,1,1.34,23.2,-6.59,22.95,40.38,1.26
NU VTEX DLO UBER TSM,15.3,31.9,0.87,2,1.08,23.2,-2.03,23.86,37.62,2.59
FLUT DLO PAX ORCL ADYEN,11.1,27.7,0.72,3,1.33,23.2,-3.03,24.54,36.97,0.56
VTEX AVGO RHM TSM RDDT,19.6,38.6,0.98,2,1.59,23.2,-4.3,23.55,38.83,2.99
VTEX 300750.SZ ORCL TSM RDDT,16.6,30.8,0.92,2,1.31,23.19,-6.99,23.72,39.43,0.89
6669.TW DLO AVGO RHM NVDA,11.2,45.7,0.83,3,1.55,23.19,-3.92,24.59,37.18,1.05
VTEX 1810.HK AVGO TSM RDDT,18.9,37.3,0.97,2,1.31,23.19,-5.92,23.08,39.98,2.17
VTEX DLO PAX AVGO UBER,12.6,33.1,0.79,2,1.11,23.19,-1.43,23.2,38.32,2.41
6669.TW 300750.SZ DLO ORCL NVDA,10.2,38.0,0.77,3,1.27,23.19,-6.57,24.75,37.81,-1.18
VTEX DLO AVGO UBER ADYEN,16.6,34.8,0.87,2,1.28,23.19,-2.07,22.74,39.2,2.99
6669.TW DLO 1810.HK AVGO NVDA,11.0,44.5,0.82,3,1.26,23.19,-5.51,24.13,38.38,0.18
NU VTEX PAX NVDA ADYEN,12.3,34.4,0.79,3,1.41,23.19,-2.11,23.8,37.7,1.45
FLUT DLO ORCL TSM RDDT,14.7,32.3,0.87,1,1.43,23.19,-6.29,24.47,38.12,0.31
FLUT 300750.SZ AVGO RHM NVDA,14.1,51.5,0.87,2,1.46,23.19,-5.3,23.63,39.01,0.96
NU FLUT PAX RHM UBER,10.9,36.6,0.71,2,1.26,23.18,-2.47,24.99,36.03,1.49
NU FLUT RHM UBER ADYEN,13.8,38.3,0.8,2,1.44,23.18,-3.13,24.55,36.95,2.08
6669.TW PAX ORCL RHM RDDT,9.6,29.8,0.73,2,1.58,23.18,-6.02,25.78,36.03,-0.18
6669.TW ORCL RHM ADYEN RDDT,11.7,31.5,0.82,2,1.75,23.18,-6.76,25.34,36.95,0.44
FLUT 300750.SZ 1810.HK AVGO NVDA,13.7,50.3,0.85,2,1.17,23.18,-6.97,23.16,40.16,0.08
NU FLUT PAX 1810.HK UBER,10.7,35.4,0.7,2,0.97,23.18,-3.99,24.53,37.26,0.62
NU FLUT 1810.HK UBER ADYEN,13.4,37.0,0.79,2,1.15,23.18,-4.68,24.09,38.15,1.23
6669.TW PAX 1810.HK ORCL RDDT,9.4,28.5,0.72,2,1.29,23.18,-7.73,25.33,37.26,-1.09
6669.TW 1810.HK ORCL ADYEN RDDT,11.5,30.2,0.81,2,1.47,23.18,-8.51,24.89,38.15,-0.45
VTEX 300750.SZ 1810.HK RHM UBER,15.7,38.2,0.87,1,1.08,23.18,-5.15,22.7,40.22,2.05
VTEX DLO PAX RHM NVDA,12.8,37.0,0.82,2,1.46,23.18,-1.93,23.18,38.48,1.7
VTEX DLO RHM NVDA ADYEN,16.8,38.7,0.91,2,1.63,23.18,-2.58,22.72,39.35,2.29
FLUT 300750.SZ DLO PAX ADYEN,10.7,30.7,0.72,3,1.07,23.18,-1.74,24.3,36.8,1.37
NU VTEX NVDA TSM RDDT,16.9,39.0,0.94,2,1.51,23.17,-5.27,23.73,38.83,1.19
VTEX DLO PAX 1810.HK NVDA,12.5,35.8,0.81,2,1.17,23.17,-3.43,22.71,39.65,0.84
VTEX DLO 1810.HK NVDA ADYEN,16.3,37.5,0.89,2,1.34,23.17,-4.11,22.24,40.49,1.45
VTEX 300750.SZ AVGO ORCL TSM,16.2,35.5,0.91,2,1.2,23.17,-5.34,23.61,39.01,1.65
6669.TW NU ORCL RHM TSM,10.9,33.2,0.81,2,1.44,23.17,-5.07,26.31,34.83,0.8
FLUT DLO 1810.HK RHM UBER,13.9,39.7,0.82,2,1.2,23.17,-4.49,23.47,38.93,1.49
6669.TW NU 1810.HK ORCL TSM,10.7,32.0,0.79,2,1.15,23.17,-6.73,25.86,36.08,-0.08
6669.TW DLO ORCL UBER RDDT,10.9,30.7,0.78,2,1.37,23.16,-7.0,24.94,37.58,-0.45
FLUT DLO AVGO ORCL TSM,14.4,37.0,0.87,2,1.32,23.16,-4.68,24.37,37.69,1.08
VTEX PAX AVGO NVDA RDDT,13.7,40.3,0.86,2,1.53,23.16,-4.61,23.06,39.51,1.0
VTEX AVGO NVDA ADYEN RDDT,18.5,41.9,0.95,2,1.71,23.16,-5.32,22.6,40.36,1.6
FLUT 300750.SZ DLO TSM RDDT,14.1,35.4,0.87,1,1.17,23.16,-4.87,24.23,37.95,1.12
6669.TW PAX AVGO ORCL RHM,9.5,34.5,0.73,3,1.46,23.16,-4.42,25.68,35.57,0.61
6669.TW AVGO ORCL RHM ADYEN,11.5,36.2,0.81,3,1.64,23.16,-5.12,25.25,36.5,1.22
FLUT AVGO RHM UBER RDDT,15.5,44.2,0.87,1,1.57,23.16,-5.71,23.83,38.79,1.65
FLUT 300750.SZ ORCL UBER RDDT,13.6,36.4,0.82,1,1.29,23.16,-8.53,23.99,39.4,-0.55
6669.TW 300750.SZ PAX RHM RDDT,9.3,32.9,0.73,1,1.32,23.16,-4.61,25.54,35.85,0.64
6669.TW 300750.SZ RHM ADYEN RDDT,11.3,34.5,0.82,1,1.49,23.16,-5.31,25.11,36.77,1.25
6669.TW PAX 1810.HK AVGO ORCL,9.3,33.2,0.71,3,1.17,23.16,-6.04,25.23,36.81,-0.28
6669.TW 1810.HK AVGO ORCL ADYEN,11.3,34.9,0.8,3,1.35,23.16,-6.78,24.79,37.71,0.35
FLUT 1810.HK AVGO UBER RDDT,15.1,42.9,0.86,2,1.28,23.16,-7.41,23.36,39.95,0.78
6669.TW FLUT PAX UBER TSM,8.7,33.5,0.73,1,1.13,23.15,-4.82,26.68,34.05,-0.02
6669.TW FLUT UBER TSM ADYEN,10.4,35.2,0.82,1,1.3,23.15,-5.53,26.26,35.01,0.6
6669.TW 300750.SZ PAX 1810.HK RDDT,9.1,31.6,0.72,1,1.03,23.15,-6.24,25.09,37.08,-0.24
6669.TW 300750.SZ 1810.HK ADYEN RDDT,11.1,33.3,0.81,1,1.2,23.15,-6.98,24.65,37.97,0.38
NU VTEX AVGO NVDA TSM,16.5,43.7,0.93,2,1.4,23.15,-3.7,23.62,38.4,1.95
6669.TW NU 300750.SZ RHM TSM,10.5,36.3,0.8,1,1.18,23.14,-3.7,26.07,34.64,1.6
VTEX PAX ORCL RHM ADYEN,13.1,27.4,0.8,2,1.55,23.14,-3.06,23.86,37.82,1.86
6669.TW DLO AVGO ORCL UBER,10.7,35.4,0.77,3,1.26,23.14,-5.35,24.84,37.14,0.35
6669.TW NU 300750.SZ 1810.HK TSM,10.3,35.1,0.79,1,0.89,23.14,-5.29,25.63,35.9,0.74
FLUT 1810.HK RHM NVDA RDDT,15.3,46.8,0.89,2,1.63,23.14,-8.01,23.34,40.1,0.04
VTEX PAX 1810.HK ORCL ADYEN,12.8,26.2,0.79,2,1.26,23.14,-4.62,23.39,39.0,1.0
6669.TW 300750.SZ DLO UBER RDDT,10.6,33.8,0.78,1,1.11,23.14,-5.54,24.7,37.41,0.38
FLUT 300750.SZ DLO AVGO TSM,13.8,40.1,0.86,1,1.06,23.14,-3.33,24.13,37.51,1.88
6669.TW NU PAX ORCL NVDA,8.8,34.9,0.69,3,1.38,23.14,-5.39,25.85,35.57,-1.33
6669.TW NU ORCL NVDA ADYEN,10.5,36.6,0.77,3,1.56,23.14,-6.11,25.41,36.5,-0.68
NU FLUT NVDA UBER RDDT,13.8,44.6,0.83,1,1.48,23.14,-6.72,24.0,38.79,-0.23
FLUT 300750.SZ AVGO ORCL UBER,13.3,41.1,0.81,2,1.17,23.13,-6.8,23.89,38.97,0.25
6669.TW 300750.SZ PAX AVGO RHM,9.2,37.6,0.72,2,1.2,23.13,-3.08,25.45,35.39,1.41
6669.TW 300750.SZ AVGO RHM ADYEN,11.1,39.2,0.81,2,1.38,23.13,-3.75,25.01,36.32,2.01
6669.TW 300750.SZ PAX 1810.HK AVGO,9.0,36.3,0.71,2,0.91,23.13,-4.63,25.0,36.63,0.55
6669.TW 300750.SZ 1810.HK AVGO ADYEN,10.9,38.0,0.8,2,1.09,23.13,-5.34,24.55,37.53,1.16
VTEX ORCL RHM TSM RDDT,18.5,32.1,0.95,2,1.65,23.13,-6.32,23.79,38.95,1.61
6669.TW DLO ORCL RHM NVDA,10.9,39.3,0.8,3,1.61,23.12,-5.92,24.82,37.31,-0.41
VTEX 1810.HK ORCL TSM RDDT,17.9,30.8,0.94,2,1.37,23.12,-8.05,23.32,40.1,0.75
VTEX DLO PAX ORCL UBER,12.1,26.6,0.76,2,1.17,23.12,-3.28,23.44,38.44,1.0
VTEX DLO ORCL UBER ADYEN,15.8,28.3,0.85,2,1.34,23.12,-3.95,22.98,39.31,1.61
6669.TW DLO 1810.HK ORCL NVDA,10.6,38.0,0.79,3,1.32,23.12,-7.62,24.36,38.5,-1.33
FLUT 300750.SZ ORCL RHM NVDA,13.5,45.0,0.84,2,1.52,23.12,-7.39,23.87,39.13,-0.51
VTEX 300750.SZ PAX RHM ADYEN,12.7,30.5,0.8,2,1.29,23.12,-1.77,23.61,37.64,2.64
FLUT 1810.HK AVGO RHM NVDA,15.0,51.5,0.89,2,1.51,23.12,-6.31,23.23,39.68,0.82
FLUT 300750.SZ 1810.HK ORCL NVDA,13.2,43.8,0.83,2,1.23,23.11,-9.18,23.4,40.27,-1.43
6669.TW 300750.SZ DLO AVGO UBER,10.4,38.5,0.77,2,0.99,23.11,-3.97,24.6,36.96,1.16
NU FLUT AVGO NVDA UBER,13.5,49.3,0.83,2,1.37,23.11,-5.09,23.9,38.36,0.56
VTEX 300750.SZ PAX 1810.HK ADYEN,12.4,29.3,0.79,2,1.0,23.11,-3.26,23.14,38.82,1.8
6669.TW AVGO ORCL NVDA RDDT,11.5,42.5,0.85,4,1.68,23.11,-8.97,24.71,38.36,-1.16
6669.TW NU 300750.SZ PAX NVDA,8.6,38.0,0.68,2,1.12,23.11,-4.01,25.61,35.39,-0.47
6669.TW NU 300750.SZ NVDA ADYEN,10.2,39.7,0.77,2,1.29,23.11,-4.7,25.18,36.32,0.16
FLUT DLO PAX RHM ADYEN,11.5,32.0,0.75,3,1.41,23.11,-1.18,24.37,36.28,2.08
NU FLUT PAX TSM RDDT,11.5,32.3,0.79,2,1.29,23.11,-3.75,25.34,35.72,0.98
NU FLUT TSM ADYEN RDDT,14.8,34.0,0.87,2,1.46,23.11,-4.43,24.9,36.64,1.58
FLUT DLO PAX 1810.HK ADYEN,11.3,30.7,0.74,3,1.12,23.1,-2.64,23.91,37.5,1.23
VTEX AVGO ORCL RHM TSM,18.0,36.8,0.95,2,1.54,23.1,-4.71,23.69,38.52,2.36
VTEX 300750.SZ RHM TSM RDDT,17.5,35.2,0.95,2,1.39,23.1,-4.9,23.54,38.78,2.39
VTEX 1810.HK AVGO ORCL TSM,17.5,35.5,0.94,2,1.25,23.1,-6.35,23.22,39.68,1.52
6669.TW 300750.SZ DLO RHM NVDA,10.5,42.3,0.8,2,1.34,23.1,-4.51,24.58,37.13,0.42
VTEX 300750.SZ 1810.HK TSM RDDT,17.0,33.9,0.94,2,1.1,23.1,-6.55,23.07,39.93,1.55
VTEX 300750.SZ DLO PAX UBER,11.7,29.7,0.76,2,0.9,23.1,-1.98,23.19,38.27,1.8
VTEX 300750.SZ DLO UBER ADYEN,15.1,31.4,0.85,2,1.08,23.1,-2.63,22.73,39.14,2.39
FLUT PAX AVGO ADYEN RDDT,12.3,35.2,0.8,2,1.48,23.1,-3.79,24.25,37.36,1.39
6669.TW 300750.SZ DLO 1810.HK NVDA,10.3,41.1,0.79,2,1.06,23.09,-6.14,24.12,38.32,-0.47
FLUT DLO RHM TSM RDDT,15.4,36.6,0.9,1,1.51,23.09,-4.25,24.3,37.45,1.83
VTEX PAX ORCL NVDA RDDT,13.1,33.8,0.83,2,1.59,23.09,-6.65,23.3,39.63,-0.47
VTEX ORCL NVDA ADYEN RDDT,17.5,35.5,0.92,2,1.77,23.09,-7.41,22.84,40.48,0.16
NU DLO AVGO ORCL RDDT,15.4,34.2,0.82,2,1.42,23.09,-4.26,23.43,38.7,1.34
FLUT ORCL RHM UBER RDDT,14.8,37.7,0.85,1,1.63,23.09,-7.83,24.06,38.91,0.21
FLUT DLO 1810.HK TSM RDDT,15.0,35.4,0.89,2,1.22,23.09,-5.86,23.83,38.63,0.98
FLUT 1810.HK ORCL UBER RDDT,14.4,36.4,0.84,2,1.34,23.09,-9.65,23.59,40.06,-0.69
6669.TW PAX 1810.HK RHM RDDT,9.7,32.9,0.75,1,1.37,23.09,-5.59,25.17,36.57,0.5
6669.TW 1810.HK RHM ADYEN RDDT,11.9,34.6,0.84,1,1.54,23.09,-6.32,24.72,37.47,1.11
6669.TW 300750.SZ AVGO NVDA RDDT,11.1,45.6,0.84,3,1.42,23.09,-7.42,24.47,38.19,-0.31
6669.TW NU PAX UBER RDDT,9.1,30.7,0.69,2,1.22,23.08,-4.4,25.8,35.15,0.24
6669.TW NU UBER ADYEN RDDT,10.9,32.4,0.78,2,1.4,23.08,-5.1,25.36,36.08,0.86
NU FLUT PAX AVGO TSM,11.4,37.0,0.78,2,1.17,23.08,-2.26,25.24,35.26,1.74
NU FLUT AVGO TSM ADYEN,14.5,38.7,0.87,2,1.35,23.08,-2.91,24.8,36.19,2.33
NU VTEX ORCL NVDA TSM,15.7,37.2,0.91,2,1.46,23.08,-5.69,23.86,38.52,0.52
VTEX 300750.SZ AVGO RHM TSM,17.1,39.9,0.94,1,1.28,23.08,-3.36,23.44,38.34,3.12
VTEX 300750.SZ 1810.HK AVGO TSM,16.6,38.6,0.93,1,0.99,23.07,-4.92,22.97,39.51,2.3
6669.TW NU 1810.HK RHM TSM,11.0,36.3,0.82,1,1.23,23.07,-4.66,25.7,35.37,1.47
6669.TW DLO RHM UBER RDDT,11.3,35.0,0.81,1,1.45,23.07,-4.91,24.77,36.9,1.11
FLUT DLO AVGO RHM TSM,15.1,41.3,0.89,1,1.4,23.07,-2.73,24.2,37.0,2.58
VTEX PAX AVGO ORCL NVDA,12.9,38.5,0.83,3,1.48,23.07,-5.02,23.2,39.21,0.33
VTEX AVGO ORCL NVDA ADYEN,17.1,40.2,0.92,3,1.65,23.07,-5.74,22.74,40.06,0.94
FLUT 300750.SZ DLO ORCL TSM,13.3,33.6,0.84,1,1.12,23.07,-5.29,24.36,37.63,0.45
FLUT AVGO ORCL RHM UBER,14.5,42.4,0.84,2,1.51,23.07,-6.14,23.96,38.48,0.99
VTEX 300750.SZ PAX NVDA RDDT,12.6,36.8,0.83,2,1.33,23.07,-5.21,23.05,39.46,0.36
VTEX 300750.SZ NVDA ADYEN RDDT,16.6,38.5,0.92,2,1.51,23.07,-5.93,22.59,40.31,0.98
6669.TW DLO 1810.HK UBER RDDT,11.1,33.8,0.8,1,1.16,23.07,-6.56,24.31,38.1,0.24
NU 300750.SZ DLO AVGO RDDT,14.7,37.2,0.82,2,1.15,23.07,-2.93,23.18,38.53,2.12
FLUT DLO 1810.HK AVGO TSM,14.7,40.1,0.88,2,1.11,23.07,-4.27,23.73,38.2,1.74
6669.TW 300750.SZ PAX ORCL RHM,8.9,31.1,0.7,2,1.26,23.07,-5.02,25.67,35.51,-0.04
6669.TW 300750.SZ ORCL RHM ADYEN,10.8,32.8,0.79,2,1.44,23.07,-5.74,25.24,36.44,0.59
FLUT 300750.SZ RHM UBER RDDT,14.2,40.8,0.84,1,1.36,23.07,-6.34,23.81,38.74,1.02
FLUT 1810.HK AVGO ORCL UBER,14.1,41.2,0.83,2,1.22,23.06,-7.86,23.49,39.64,0.11
6669.TW PAX 1810.HK AVGO RHM,9.6,37.6,0.74,2,1.25,23.06,-4.01,25.07,36.11,1.27
6669.TW 1810.HK AVGO RHM ADYEN,11.7,39.3,0.83,2,1.43,23.06,-4.71,24.62,37.03,1.87
6669.TW 300750.SZ PAX 1810.HK ORCL,8.8,29.8,0.69,2,0.97,23.06,-6.68,25.22,36.75,-0.94
6669.TW 300750.SZ 1810.HK ORCL ADYEN,10.6,31.5,0.77,2,1.15,23.06,-7.43,24.78,37.65,-0.3
FLUT 300750.SZ 1810.HK UBER RDDT,13.8,39.5,0.83,2,1.08,23.06,-8.07,23.35,39.89,0.14
FLUT DLO PAX NVDA RDDT,11.5,38.3,0.78,2,1.45,23.06,-4.55,23.82,38.15,-0.23
FLUT DLO NVDA ADYEN RDDT,14.7,40.0,0.87,2,1.63,23.06,-5.26,23.36,39.03,0.4
6669.TW NU PAX AVGO UBER,9.0,35.4,0.68,2,1.11,23.06,-2.88,25.7,34.68,1.02
6669.TW NU AVGO UBER ADYEN,10.8,37.1,0.77,2,1.28,23.06,-3.55,25.26,35.63,1.62
NU VTEX 300750.SZ NVDA TSM,15.0,40.3,0.9,1,1.19,23.05,-4.29,23.61,38.34,1.33
FLUT 1810.HK ORCL RHM NVDA,14.3,45.0,0.86,2,1.57,23.05,-8.47,23.47,39.8,-0.65
6669.TW DLO AVGO RHM UBER,11.1,39.7,0.8,2,1.33,23.05,-3.36,24.67,36.45,1.87
NU FLUT DLO NVDA TSM,13.4,41.8,0.85,2,1.31,23.05,-3.65,24.37,37.0,0.76
6669.TW 300750.SZ DLO ORCL UBER,10.1,32.0,0.74,2,1.05,23.05,-5.97,24.83,37.08,-0.3
VTEX PAX 1810.HK RHM ADYEN,13.4,30.5,0.82,2,1.34,23.05,-2.67,23.22,38.33,2.5
NU FLUT ORCL NVDA UBER,13.0,42.9,0.8,2,1.43,23.04,-7.17,24.13,38.48,-0.93
VTEX 300750.SZ PAX AVGO NVDA,12.4,41.6,0.82,2,1.22,23.04,-3.66,22.95,39.04,1.14
VTEX 300750.SZ AVGO NVDA ADYEN,16.3,43.2,0.91,2,1.39,23.04,-4.34,22.48,39.89,1.74
6669.TW NU PAX RHM NVDA,9.0,39.3,0.71,2,1.46,23.04,-3.4,25.68,34.86,0.28
6669.TW DLO 1810.HK AVGO UBER,10.9,38.5,0.79,2,1.05,23.04,-4.93,24.21,37.66,1.02
6669.TW NU RHM NVDA ADYEN,10.9,41.0,0.8,2,1.63,23.04,-4.08,25.25,35.8,0.89
NU VTEX PAX UBER ADYEN,12.2,28.3,0.76,3,1.19,23.04,-1.58,23.88,36.97,2.26
FLUT 300750.SZ AVGO RHM UBER,13.9,45.5,0.84,1,1.25,23.04,-4.73,23.71,38.31,1.78
6669.TW NU PAX 1810.HK NVDA,8.9,38.0,0.7,2,1.17,23.04,-4.97,25.23,36.11,-0.62
6669.TW NU 1810.HK NVDA ADYEN,10.7,39.7,0.79,2,1.35,23.04,-5.68,24.79,37.03,0.01
FLUT 300750.SZ 1810.HK AVGO UBER,13.6,44.2,0.83,2,0.96,23.04,-6.37,23.24,39.47,0.93
FLUT DLO PAX AVGO NVDA,11.3,43.0,0.78,2,1.34,23.04,-3.03,23.72,37.71,0.56
FLUT DLO AVGO NVDA ADYEN,14.4,44.7,0.86,2,1.51,23.04,-3.7,23.26,38.6,1.17
VTEX 1810.HK RHM TSM RDDT,18.9,35.2,0.97,2,1.44,23.03,-5.89,23.14,39.45,2.26
VTEX DLO PAX RHM UBER,12.6,31.0,0.79,2,1.24,23.03,-1.41,23.26,37.77,2.5
VTEX DLO RHM UBER ADYEN,16.6,32.7,0.88,2,1.42,23.03,-2.05,22.8,38.65,3.08
6669.TW DLO 1810.HK RHM NVDA,11.0,42.4,0.82,2,1.4,23.03,-5.49,24.19,37.82,0.28
NU VTEX UBER TSM RDDT,16.7,33.0,0.91,2,1.3,23.03,-4.69,23.81,38.12,2.01
FLUT PAX ORCL ADYEN RDDT,11.8,28.8,0.77,2,1.54,23.03,-5.78,24.49,37.48,-0.06
VTEX DLO PAX 1810.HK UBER,12.3,29.7,0.78,2,0.96,23.03,-2.88,22.79,38.95,1.66
VTEX DLO 1810.HK UBER ADYEN,16.1,31.4,0.87,2,1.13,23.03,-3.55,22.32,39.81,2.26
6669.TW NU DLO NVDA UBER,10.2,40.2,0.76,2,1.25,23.02,-4.3,24.84,36.45,0.01
FLUT 300750.SZ 1810.HK RHM NVDA,13.7,48.1,0.86,2,1.31,23.02,-6.95,23.22,39.63,0.18
6669.TW AVGO RHM NVDA RDDT,12.0,46.8,0.87,3,1.76,23.02,-6.75,24.54,37.69,0.44
NU FLUT 300750.SZ NVDA UBER,12.5,45.9,0.8,1,1.17,23.02,-5.7,23.89,38.31,-0.08
VTEX PAX AVGO UBER RDDT,13.5,34.2,0.83,2,1.32,23.02,-4.04,23.15,38.82,1.82
6669.TW 300750.SZ ORCL NVDA RDDT,10.8,39.1,0.82,3,1.48,23.02,-9.67,24.7,38.31,-1.83
VTEX AVGO UBER ADYEN RDDT,18.2,35.9,0.92,2,1.5,23.02,-4.74,22.68,39.68,2.41
6669.TW 1810.HK AVGO NVDA RDDT,11.7,45.6,0.86,3,1.47,23.01,-8.5,24.08,38.87,-0.45
NU FLUT PAX ORCL TSM,11.0,30.5,0.75,2,1.23,23.01,-4.15,25.47,35.38,0.31
NU FLUT ORCL TSM ADYEN,13.9,32.2,0.84,2,1.41,23.01,-4.85,25.03,36.31,0.92
VTEX 300750.SZ ORCL RHM TSM,16.3,33.4,0.92,1,1.34,23.01,-5.32,23.68,38.46,1.75
VTEX 1810.HK AVGO RHM TSM,18.5,39.9,0.96,1,1.33,23.01,-4.3,23.04,39.02,2.99
6669.TW DLO PAX ADYEN RDDT,9.5,26.1,0.73,3,1.37,23.01,-3.04,25.19,35.4,0.86
VTEX 300750.SZ 1810.HK ORCL TSM,15.8,32.1,0.91,1,1.05,23.01,-6.99,23.21,39.62,0.89
NU VTEX AVGO UBER TSM,16.3,37.7,0.9,1,1.18,23.0,-3.16,23.7,37.68,2.75
FLUT PAX AVGO ORCL ADYEN,11.6,33.5,0.76,2,1.43,23.0,-4.2,24.39,37.04,0.73
FLUT DLO ORCL RHM TSM,14.4,34.8,0.87,1,1.46,23.0,-4.66,24.43,37.12,1.18
VTEX PAX RHM NVDA RDDT,13.7,38.1,0.86,2,1.67,23.0,-4.58,23.13,38.97,1.1
VTEX RHM NVDA ADYEN RDDT,18.5,39.8,0.95,2,1.85,23.0,-5.29,22.66,39.83,1.7
FLUT 300750.SZ PAX ADYEN RDDT,11.4,31.8,0.77,2,1.28,23.0,-4.38,24.24,37.3,0.76
NU DLO AVGO RHM RDDT,16.2,38.5,0.85,2,1.49,23.0,-2.34,23.26,38.03,2.82
NU 300750.SZ DLO ORCL RDDT,14.1,30.8,0.79,2,1.21,23.0,-4.86,23.42,38.64,0.71
FLUT DLO 1810.HK ORCL TSM,14.1,33.6,0.86,2,1.17,23.0,-6.29,23.97,38.32,0.31
VTEX PAX 1810.HK NVDA RDDT,13.4,36.9,0.85,2,1.38,23.0,-6.22,22.65,40.12,0.22
VTEX 1810.HK NVDA ADYEN RDDT,17.9,38.6,0.94,2,1.56,23.0,-6.96,22.18,40.96,0.84
NU DLO 1810.HK AVGO RDDT,15.7,37.3,0.84,2,1.21,23.0,-3.86,22.78,39.2,1.99
6669.TW PAX 1810.HK ORCL RHM,9.3,31.1,0.72,2,1.31,23.0,-6.02,25.29,36.24,-0.18
6669.TW 1810.HK ORCL RHM ADYEN,11.3,32.8,0.81,2,1.49,23.0,-6.76,24.85,37.15,0.44
FLUT 1810.HK RHM UBER RDDT,15.1,40.8,0.87,2,1.42,22.99,-7.38,23.42,39.41,0.88
6669.TW NU DLO PAX TSM,8.9,27.9,0.71,3,1.05,22.99,-1.53,26.15,33.2,1.21
6669.TW NU DLO TSM ADYEN,10.7,29.5,0.8,3,1.23,22.99,-2.17,25.72,34.18,1.81
6669.TW 300750.SZ AVGO ORCL NVDA,10.6,43.8,0.81,4,1.37,22.99,-7.88,24.6,37.87,-1.01
6669.TW NU PAX ORCL UBER,8.7,28.9,0.66,2,1.17,22.99,-4.81,25.93,34.81,-0.45
6669.TW NU ORCL UBER ADYEN,10.5,30.6,0.75,2,1.34,22.99,-5.52,25.49,35.75,0.18
FLUT AVGO ORCL TSM RDDT,15.6,38.1,0.91,2,1.53,22.99,-7.58,24.32,38.18,0.47
NU VTEX RHM NVDA TSM,16.6,41.6,0.94,1,1.53,22.99,-3.68,23.69,37.85,2.04
NU FLUT 300750.SZ PAX TSM,10.6,33.6,0.75,2,0.97,22.99,-2.82,25.23,35.2,1.12
NU FLUT 300750.SZ TSM ADYEN,13.3,35.3,0.84,2,1.14,22.99,-3.49,24.79,36.13,1.72
NU VTEX 1810.HK NVDA TSM,16.1,40.3,0.92,1,1.25,22.98,-5.27,23.22,39.02,1.19
6669.TW DLO PAX AVGO ADYEN,9.3,30.8,0.72,3,1.25,22.98,-1.58,25.09,34.94,1.62
VTEX DLO NVDA UBER RDDT,16.6,39.0,0.91,2,1.47,22.98,-5.52,22.23,40.43,0.84
6669.TW DLO ORCL RHM UBER,10.8,33.2,0.77,2,1.39,22.98,-5.33,24.9,36.57,0.44
VTEX PAX AVGO RHM NVDA,13.5,42.8,0.86,2,1.56,22.98,-3.06,23.02,38.54,1.86
VTEX AVGO RHM NVDA ADYEN,18.1,44.5,0.94,2,1.73,22.98,-3.73,22.56,39.41,2.45
FLUT 300750.SZ PAX AVGO ADYEN,11.2,36.5,0.76,2,1.17,22.98,-2.86,24.14,36.86,1.53
FLUT 300750.SZ DLO RHM TSM,13.8,37.9,0.87,1,1.19,22.98,-3.3,24.19,36.94,1.97
VTEX 300750.SZ PAX ORCL NVDA,12.0,35.1,0.8,2,1.28,22.98,-5.64,23.19,39.15,-0.32
VTEX 300750.SZ ORCL NVDA ADYEN,15.5,36.8,0.89,2,1.45,22.98,-6.37,22.73,40.01,0.31
6669.TW DLO 1810.HK ORCL UBER,10.5,32.0,0.76,2,1.11,22.98,-7.0,24.44,37.78,-0.45
NU 300750.SZ DLO AVGO ORCL,13.8,35.5,0.79,2,1.1,22.98,-3.32,23.32,38.21,1.47
VTEX PAX 1810.HK AVGO NVDA,13.1,41.6,0.84,2,1.27,22.97,-4.61,22.55,39.7,1.0
VTEX 1810.HK AVGO NVDA ADYEN,17.5,43.3,0.93,2,1.44,22.97,-5.32,22.07,40.55,1.6
FLUT 300750.SZ ORCL RHM UBER,13.3,39.0,0.81,1,1.31,22.97,-6.78,23.95,38.43,0.35
FLUT 300750.SZ DLO 1810.HK TSM,13.5,36.7,0.85,2,0.91,22.97,-4.87,23.72,38.14,1.12
FLUT 1810.HK AVGO RHM UBER,14.8,45.5,0.86,2,1.3,22.97,-5.71,23.32,38.99,1.65
6669.TW DLO AVGO TSM RDDT,11.8,35.4,0.87,2,1.36,22.97,-4.68,25.02,36.14,1.37
FLUT 300750.SZ 1810.HK ORCL UBER,13.0,37.7,0.8,2,1.02,22.97,-8.53,23.48,39.59,-0.55
6669.TW 300750.SZ PAX 1810.HK RHM,9.1,34.2,0.71,1,1.05,22.97,-4.61,25.06,36.05,0.64
6669.TW 300750.SZ 1810.HK RHM ADYEN,10.9,35.8,0.8,1,1.23,22.97,-5.31,24.61,36.97,1.25
FLUT DLO PAX ORCL NVDA,10.9,36.5,0.75,2,1.4,22.97,-4.97,23.95,37.83,-0.93
FLUT DLO ORCL NVDA ADYEN,13.8,38.2,0.84,2,1.57,22.97,-5.68,23.5,38.71,-0.29
6669.TW AVGO ORCL UBER RDDT,11.4,36.5,0.82,3,1.47,22.97,-8.32,24.79,37.64,-0.28
6669.TW NU 300750.SZ PAX UBER,8.5,32.0,0.65,2,0.91,22.97,-3.45,25.69,34.62,0.38
6669.TW NU 300750.SZ UBER ADYEN,10.1,33.7,0.74,2,1.08,22.97,-4.13,25.25,35.57,1.0
FLUT 300750.SZ AVGO TSM RDDT,14.9,41.2,0.91,1,1.27,22.96,-6.1,24.07,38.01,1.28
VTEX DLO AVGO NVDA UBER,16.2,43.7,0.9,2,1.35,22.96,-3.95,22.12,40.02,1.6
6669.TW 300750.SZ DLO RHM UBER,10.4,36.3,0.77,1,1.13,22.95,-3.95,24.66,36.39,1.25
VTEX DLO PAX TSM RDDT,13.4,26.7,0.86,2,1.27,22.95,-2.65,23.63,37.47,2.01
VTEX DLO TSM ADYEN RDDT,18.1,28.4,0.95,2,1.44,22.95,-3.31,23.17,38.36,2.59
NU FLUT RHM NVDA UBER,13.5,47.2,0.83,1,1.51,22.95,-5.07,23.96,37.81,0.66
6669.TW ORCL RHM NVDA RDDT,11.5,40.4,0.85,3,1.82,22.95,-8.94,24.77,37.81,-1.05
6669.TW 300750.SZ DLO 1810.HK UBER,10.2,35.1,0.76,1,0.84,22.95,-5.54,24.2,37.61,0.38
VTEX PAX ORCL UBER RDDT,13.0,27.7,0.81,2,1.38,22.95,-6.05,23.39,38.93,0.39
VTEX ORCL UBER ADYEN RDDT,17.3,29.4,0.89,2,1.56,22.95,-6.79,22.92,39.79,1.0
NU FLUT 1810.HK NVDA UBER,13.2,45.9,0.82,2,1.22,22.95,-6.72,23.49,38.99,-0.23
6669.TW 1810.HK ORCL NVDA RDDT,11.3,39.1,0.84,3,1.53,22.95,-10.83,24.31,38.98,-1.99
FLUT 300750.SZ DLO PAX NVDA,10.6,39.6,0.75,2,1.13,22.94,-3.6,23.71,37.66,-0.08
FLUT 300750.SZ DLO NVDA ADYEN,13.3,41.3,0.83,2,1.31,22.94,-4.29,23.25,38.54,0.54
6669.TW 300750.SZ AVGO UBER RDDT,11.0,39.6,0.81,2,1.21,22.94,-6.81,24.55,37.47,0.55
VTEX 1810.HK ORCL RHM TSM,17.5,33.4,0.94,1,1.39,22.94,-6.32,23.28,39.14,1.61
NU VTEX ORCL UBER TSM,15.5,31.2,0.88,1,1.24,22.94,-5.1,23.94,37.8,1.36
FLUT PAX RHM ADYEN RDDT,12.3,33.1,0.8,2,1.62,22.93,-3.77,24.32,36.79,1.49
NU DLO ORCL RHM RDDT,15.4,32.0,0.82,2,1.55,22.93,-4.24,23.49,38.15,1.43
FLUT PAX 1810.HK ADYEN RDDT,12.0,31.8,0.79,2,1.33,22.93,-5.36,23.85,38.0,0.62
NU DLO 1810.HK ORCL RDDT,15.0,30.8,0.81,2,1.27,22.93,-5.85,23.02,39.32,0.56
VTEX DLO PAX AVGO TSM,13.2,31.4,0.85,2,1.15,22.93,-1.21,23.52,37.02,2.75
VTEX DLO AVGO TSM ADYEN,17.7,33.1,0.94,2,1.33,22.93,-1.84,23.06,37.92,3.32
6669.TW AVGO ORCL RHM NVDA,11.4,45.1,0.84,4,1.71,22.93,-7.19,24.67,37.37,-0.24
VTEX PAX AVGO ORCL UBER,12.8,32.4,0.8,2,1.27,22.93,-4.45,23.28,38.5,1.16
VTEX AVGO ORCL UBER ADYEN,16.9,34.1,0.89,2,1.44,22.93,-5.15,22.82,39.37,1.77
6669.TW 300750.SZ RHM NVDA RDDT,11.2,43.4,0.85,2,1.56,22.92,-7.4,24.53,37.63,-0.21
6669.TW 1810.HK AVGO ORCL NVDA,11.1,43.8,0.83,4,1.42,22.92,-8.97,24.21,38.56,-1.16
VTEX 300750.SZ PAX UBER RDDT,12.5,30.8,0.8,2,1.12,22.92,-4.64,23.14,38.76,1.2
VTEX 300750.SZ UBER ADYEN RDDT,16.4,32.5,0.89,2,1.3,22.92,-5.35,22.67,39.63,1.8
NU FLUT PAX RHM TSM,11.4,34.9,0.78,2,1.31,22.92,-2.23,25.3,34.66,1.83
NU FLUT RHM TSM ADYEN,14.5,36.5,0.87,2,1.48,22.92,-2.89,24.86,35.61,2.42
6669.TW FLUT NVDA UBER TSM,10.3,44.1,0.85,2,1.37,22.92,-7.63,25.69,35.91,-0.89
6669.TW 300750.SZ 1810.HK NVDA RDDT,10.9,42.2,0.83,2,1.27,22.92,-9.19,24.07,38.81,-1.12
NU FLUT PAX 1810.HK TSM,11.1,33.6,0.77,2,1.02,22.92,-3.75,24.85,35.92,0.98
NU FLUT 1810.HK TSM ADYEN,14.1,35.3,0.86,2,1.2,22.92,-4.43,24.4,36.84,1.58
6669.TW DLO PAX ORCL ADYEN,9.1,24.3,0.7,3,1.31,22.92,-3.43,25.32,35.07,0.18
FLUT DLO PAX UBER RDDT,11.4,32.3,0.75,2,1.24,22.91,-3.99,23.9,37.43,0.62
FLUT DLO UBER ADYEN RDDT,14.5,34.0,0.84,2,1.42,22.91,-4.68,23.44,38.32,1.23
VTEX 300750.SZ 1810.HK RHM TSM,16.6,36.5,0.94,1,1.13,22.91,-4.9,23.03,38.97,2.39
FLUT PAX AVGO RHM ADYEN,12.1,37.8,0.79,2,1.51,22.91,-2.28,24.22,36.34,2.24
VTEX PAX ORCL RHM NVDA,12.9,36.3,0.83,2,1.62,22.91,-5.0,23.26,38.66,0.43
NU VTEX 300750.SZ UBER TSM,14.9,34.3,0.88,1,0.98,22.91,-3.73,23.69,37.63,2.14
VTEX ORCL RHM NVDA ADYEN,17.2,38.0,0.92,2,1.79,22.91,-5.71,22.8,39.53,1.04
FLUT 300750.SZ PAX ORCL ADYEN,10.9,30.0,0.73,2,1.23,22.91,-4.79,24.38,36.98,0.09
NU DLO AVGO ORCL RHM,15.1,36.7,0.82,2,1.44,22.91,-2.73,23.39,37.71,2.18
FLUT PAX 1810.HK AVGO ADYEN,11.8,36.6,0.78,2,1.22,22.91,-3.79,23.75,37.56,1.39
NU 300750.SZ DLO RHM RDDT,14.7,35.1,0.82,2,1.29,22.91,-2.9,23.25,37.98,2.22
FLUT DLO 1810.HK RHM TSM,14.7,37.9,0.89,2,1.25,22.91,-4.25,23.79,37.64,1.83
VTEX PAX 1810.HK ORCL NVDA,12.6,35.1,0.82,2,1.33,22.91,-6.65,22.79,39.82,-0.47
VTEX 1810.HK ORCL NVDA ADYEN,16.6,36.8,0.91,2,1.5,22.91,-7.41,22.32,40.66,0.16
NU DLO 1810.HK AVGO ORCL,14.7,35.5,0.81,2,1.15,22.9,-4.26,22.92,38.89,1.34
FLUT 1810.HK ORCL RHM UBER,14.2,39.0,0.83,2,1.36,22.9,-7.83,23.55,39.1,0.21
NU FLUT DLO UBER TSM,13.3,35.8,0.83,2,1.1,22.9,-3.1,24.45,36.26,1.58
NU 300750.SZ DLO 1810.HK RDDT,14.4,33.8,0.81,2,1.0,22.9,-4.45,22.77,39.15,1.37
6669.TW DLO ORCL TSM RDDT,11.4,28.9,0.85,2,1.42,22.9,-6.73,25.25,36.26,-0.08
6669.TW 300750.SZ AVGO RHM NVDA,11.0,48.1,0.84,3,1.44,22.9,-5.73,24.43,37.19,0.58
VTEX 300750.SZ PAX AVGO UBER,12.3,35.5,0.8,1,1.0,22.9,-3.11,23.03,38.33,1.96
VTEX 300750.SZ AVGO UBER ADYEN,16.1,37.2,0.88,1,1.18,22.9,-3.78,22.57,39.2,2.54
6669.TW NU PAX RHM UBER,9.0,33.2,0.69,2,1.25,22.9,-2.86,25.76,34.08,1.11
6669.TW NU RHM UBER ADYEN,10.8,34.9,0.77,2,1.42,22.9,-3.52,25.32,35.04,1.72
6669.TW 300750.SZ 1810.HK AVGO NVDA,10.8,46.9,0.83,3,1.16,22.9,-7.42,23.96,38.38,-0.31
FLUT AVGO RHM TSM RDDT,16.4,42.4,0.94,1,1.61,22.9,-5.46,24.14,37.51,1.99
6669.TW NU PAX 1810.HK UBER,8.8,32.0,0.68,2,0.96,22.89,-4.4,25.31,35.36,0.24
FLUT 300750.SZ ORCL TSM RDDT,14.3,34.7,0.88,1,1.33,22.89,-8.25,24.31,38.13,-0.18
6669.TW NU 1810.HK UBER ADYEN,10.6,33.7,0.76,2,1.13,22.89,-5.1,24.87,36.29,0.86
FLUT 1810.HK AVGO TSM RDDT,16.0,41.2,0.93,2,1.32,22.89,-7.14,23.68,38.69,1.14
FLUT DLO PAX AVGO UBER,11.2,37.0,0.75,2,1.12,22.89,-2.49,23.8,36.99,1.39
FLUT DLO AVGO UBER ADYEN,14.3,38.7,0.84,2,1.3,22.89,-3.15,23.34,37.88,1.99
VTEX DLO ORCL NVDA UBER,15.5,37.2,0.87,2,1.41,22.89,-5.95,22.37,40.13,0.16
6669.TW 300750.SZ DLO PAX ADYEN,8.8,27.4,0.69,3,1.05,22.89,-2.13,25.08,34.88,1.0
NU FLUT PAX NVDA ADYEN,11.0,38.2,0.75,3,1.42,22.89,-3.18,24.39,36.34,0.4
VTEX 300750.SZ PAX RHM NVDA,12.5,39.4,0.83,1,1.35,22.88,-3.63,23.01,38.49,1.24
VTEX 300750.SZ RHM NVDA ADYEN,16.3,41.1,0.92,1,1.53,22.88,-4.32,22.55,39.36,1.84
6669.TW DLO 1810.HK RHM UBER,10.9,36.3,0.79,1,1.18,22.88,-4.91,24.27,37.1,1.11
NU 300750.SZ DLO AVGO RHM,14.5,39.8,0.81,2,1.18,22.88,-1.45,23.14,37.54,2.95
VTEX 300750.SZ PAX 1810.HK NVDA,12.2,38.2,0.82,1,1.07,22.88,-5.21,22.53,39.65,0.36
VTEX 300750.SZ 1810.HK NVDA ADYEN,15.9,39.8,0.9,1,1.24,22.88,-5.93,22.06,40.5,0.98
NU 300750.SZ DLO 1810.HK AVGO,14.1,38.6,0.8,2,0.89,22.88,-2.93,22.67,38.72,2.12
6669.TW DLO AVGO ORCL TSM,11.2,33.6,0.84,3,1.3,22.88,-5.1,25.15,35.81,0.7
FLUT 300750.SZ 1810.HK RHM UBER,13.6,42.1,0.83,2,1.1,22.88,-6.34,23.31,38.93,1.02
FLUT DLO PAX RHM NVDA,11.3,40.9,0.78,2,1.47,22.88,-3.0,23.78,37.15,0.66
FLUT DLO RHM NVDA ADYEN,14.5,42.6,0.87,2,1.65,22.88,-3.67,23.32,38.05,1.27
6669.TW 300750.SZ DLO TSM RDDT,11.0,32.0,0.84,1,1.16,22.87,-5.29,25.01,36.08,0.74
6669.TW AVGO RHM UBER RDDT,11.8,40.8,0.85,2,1.55,22.87,-6.15,24.62,36.96,1.27
NU FLUT NVDA TSM RDDT,14.5,42.9,0.9,1,1.53,22.87,-6.46,24.32,37.51,0.14
6669.TW 300750.SZ ORCL UBER RDDT,10.7,33.1,0.79,2,1.27,22.87,-9.01,24.78,37.59,-0.94
FLUT DLO PAX 1810.HK NVDA,11.1,39.6,0.77,2,1.19,22.87,-4.55,23.31,38.35,-0.23
FLUT DLO 1810.HK NVDA ADYEN,14.1,41.3,0.86,2,1.36,22.87,-5.26,22.85,39.22,0.4
FLUT 300750.SZ AVGO ORCL TSM,14.0,39.4,0.88,2,1.22,22.87,-6.54,24.21,37.69,0.61
6669.TW 1810.HK AVGO UBER RDDT,11.6,39.6,0.84,2,1.26,22.87,-7.86,24.16,38.16,0.4
VTEX 300750.SZ DLO NVDA UBER,14.8,40.3,0.87,1,1.15,22.86,-4.54,22.11,39.96,0.98
FLUT PAX AVGO NVDA RDDT,12.1,44.1,0.82,2,1.55,22.86,-5.78,23.66,38.21,-0.06
FLUT AVGO NVDA ADYEN RDDT,15.7,45.8,0.91,2,1.73,22.86,-6.51,23.2,39.09,0.56
VTEX DLO PAX ORCL TSM,12.7,24.9,0.83,2,1.21,22.86,-3.04,23.76,37.15,1.36
VTEX DLO ORCL TSM ADYEN,16.8,26.6,0.92,2,1.39,22.86,-3.71,23.3,38.04,1.95
VTEX PAX RHM UBER RDDT,13.6,32.1,0.83,2,1.46,22.86,-4.02,23.21,38.27,1.92
VTEX RHM UBER ADYEN RDDT,18.3,33.8,0.92,2,1.64,22.86,-4.71,22.75,39.14,2.5
6669.TW 1810.HK RHM NVDA RDDT,11.7,43.5,0.87,2,1.61,22.85,-8.47,24.14,38.32,-0.35
VTEX PAX 1810.HK UBER RDDT,13.2,30.8,0.82,2,1.17,22.85,-5.62,22.73,39.43,1.06
VTEX 1810.HK UBER ADYEN RDDT,17.7,32.5,0.91,2,1.35,22.85,-6.35,22.26,40.29,1.66
6669.TW 300750.SZ DLO AVGO TSM,10.8,36.7,0.84,2,1.04,22.85,-3.73,24.91,35.62,1.51
6669.TW NU NVDA UBER RDDT,10.8,41.3,0.81,2,1.47,22.85,-7.17,24.79,36.96,-0.62
NU FLUT AVGO NVDA TSM,14.2,47.6,0.89,2,1.41,22.85,-4.84,24.22,37.06,0.92
6669.TW 300750.SZ AVGO ORCL UBER,10.5,37.8,0.78,3,1.15,22.85,-7.25,24.68,37.15,-0.14
NU VTEX RHM UBER TSM,16.3,35.5,0.91,1,1.32,22.84,-3.13,23.77,37.12,2.84
FLUT PAX ORCL RHM ADYEN,11.7,31.3,0.76,2,1.57,22.84,-4.17,24.45,36.47,0.82
NU VTEX 1810.HK UBER TSM,15.9,34.3,0.9,1,1.03,22.84,-4.69,23.3,38.32,2.01
FLUT PAX 1810.HK ORCL ADYEN,11.4,30.1,0.75,2,1.28,22.84,-5.78,23.99,37.68,-0.06
NU DLO 1810.HK RHM RDDT,15.7,35.1,0.84,2,1.34,22.83,-3.83,22.84,38.66,2.08
VTEX 300750.SZ DLO PAX TSM,12.2,28.0,0.82,2,0.95,22.83,-1.75,23.51,36.97,2.14
VTEX 300750.SZ DLO TSM ADYEN,16.0,29.7,0.91,2,1.13,22.83,-2.4,23.05,37.87,2.73
VTEX PAX AVGO RHM UBER,13.3,36.8,0.83,1,1.34,22.83,-2.52,23.11,37.83,2.66
6669.TW 300750.SZ ORCL RHM NVDA,10.6,41.7,0.81,3,1.5,22.83,-7.85,24.66,37.31,-0.9
VTEX AVGO RHM UBER ADYEN,17.8,38.5,0.92,1,1.52,22.83,-3.18,22.64,38.71,3.23
VTEX 300750.SZ PAX ORCL UBER,11.9,29.0,0.77,1,1.06,22.83,-5.05,23.27,38.45,0.53
VTEX 300750.SZ ORCL UBER ADYEN,15.3,30.7,0.86,1,1.24,22.83,-5.77,22.81,39.32,1.14
6669.TW 1810.HK AVGO RHM NVDA,11.5,48.2,0.86,3,1.5,22.83,-6.75,24.04,37.88,0.44
VTEX PAX 1810.HK AVGO UBER,13.0,35.5,0.82,1,1.06,22.83,-4.04,22.63,39.01,1.82
6669.TW 300750.SZ 1810.HK ORCL NVDA,10.4,40.4,0.8,3,1.22,22.83,-9.67,24.2,38.5,-1.83
VTEX 1810.HK AVGO UBER ADYEN,17.3,37.2,0.91,1,1.23,22.83,-4.74,22.16,39.87,2.41
FLUT ORCL RHM TSM RDDT,15.7,35.9,0.91,1,1.67,22.83,-7.56,24.38,37.63,0.57
6669.TW NU AVGO NVDA UBER,10.7,46.0,0.8,3,1.35,22.83,-5.51,24.69,36.51,0.18
FLUT 1810.HK ORCL TSM RDDT,15.2,34.7,0.9,2,1.38,22.82,-9.36,23.91,38.81,-0.32
FLUT DLO PAX ORCL UBER,10.9,30.5,0.72,2,1.18,22.82,-4.4,24.03,37.11,-0.06
FLUT DLO ORCL UBER ADYEN,13.7,32.2,0.81,2,1.36,22.82,-5.1,23.58,38.0,0.56
6669.TW DLO PAX RHM ADYEN,9.4,28.6,0.72,3,1.39,22.82,-1.55,25.15,34.34,1.72
6669.TW NU PAX TSM RDDT,9.4,29.0,0.76,2,1.27,22.82,-4.15,26.1,33.75,0.6
6669.TW NU TSM ADYEN RDDT,11.4,30.6,0.85,2,1.45,22.82,-4.85,25.67,34.72,1.21
6669.TW DLO PAX 1810.HK ADYEN,9.2,27.4,0.71,3,1.1,22.82,-3.04,24.7,35.61,0.86
FLUT 300750.SZ PAX RHM ADYEN,11.3,34.4,0.76,2,1.3,22.82,-2.84,24.21,36.28,1.63
NU 300750.SZ DLO ORCL RHM,13.9,33.3,0.79,2,1.24,22.81,-3.3,23.38,37.66,1.57
VTEX PAX 1810.HK RHM NVDA,13.2,39.4,0.85,1,1.41,22.81,-4.58,22.61,39.17,1.1
VTEX 1810.HK RHM NVDA ADYEN,17.6,41.1,0.94,1,1.58,22.81,-5.29,22.14,40.02,1.7
FLUT 300750.SZ PAX 1810.HK ADYEN,11.0,33.1,0.75,2,1.02,22.81,-4.38,23.74,37.5,0.76
NU DLO 1810.HK AVGO RHM,15.4,39.8,0.84,2,1.23,22.81,-2.34,22.74,38.23,2.82
NU 300750.SZ DLO 1810.HK ORCL,13.5,32.1,0.78,2,0.95,22.81,-4.86,22.91,38.84,0.71
6669.TW PAX AVGO ADYEN RDDT,9.8,31.9,0.77,2,1.47,22.81,-4.2,25.04,35.47,1.02
NU VTEX PAX NVDA UBER,12.0,37.2,0.79,2,1.26,22.81,-3.43,23.28,37.83,0.84
NU VTEX NVDA UBER ADYEN,15.6,38.9,0.88,2,1.44,22.81,-4.11,22.82,38.71,1.45
6669.TW DLO RHM TSM RDDT,11.8,33.3,0.88,1,1.5,22.81,-4.66,25.08,35.56,1.47
6669.TW ORCL RHM UBER RDDT,11.4,34.3,0.82,2,1.61,22.8,-8.3,24.85,37.08,-0.18
FLUT AVGO ORCL RHM TSM,15.3,40.7,0.91,2,1.56,22.8,-5.88,24.28,37.18,1.34
6669.TW DLO 1810.HK TSM RDDT,11.5,32.0,0.86,1,1.21,22.8,-6.29,24.63,36.79,0.6
FLUT 300750.SZ RHM TSM RDDT,15.0,39.0,0.91,1,1.41,22.8,-6.08,24.13,37.45,1.37
6669.TW 1810.HK ORCL UBER RDDT,11.2,33.1,0.81,2,1.32,22.8,-10.14,24.39,38.28,-1.09
NU 300750.SZ AVGO ORCL RDDT,15.0,36.6,0.83,2,1.31,22.8,-6.1,23.26,38.7,0.87
FLUT 1810.HK AVGO ORCL TSM,14.9,39.4,0.9,2,1.27,22.8,-7.58,23.81,38.38,0.47
FLUT 300750.SZ 1810.HK TSM RDDT,14.6,37.8,0.9,2,1.12,22.8,-7.79,23.67,38.64,0.51
VTEX DLO RHM NVDA UBER,16.3,41.6,0.9,1,1.49,22.8,-3.92,22.19,39.48,1.7
FLUT 300750.SZ DLO PAX UBER,10.5,33.6,0.72,2,0.92,22.8,-3.05,23.79,36.93,0.76
FLUT 300750.SZ DLO UBER ADYEN,13.1,35.3,0.81,2,1.1,22.8,-3.73,23.33,37.83,1.37
6669.TW NU PAX AVGO TSM,9.3,33.7,0.75,2,1.15,22.8,-2.64,26.01,33.27,1.37
6669.TW NU AVGO TSM ADYEN,11.2,35.3,0.84,2,1.33,22.8,-3.31,25.57,34.25,1.97
FLUT PAX ORCL NVDA RDDT,11.6,37.6,0.8,2,1.61,22.79,-7.9,23.9,38.33,-1.58
FLUT ORCL NVDA ADYEN RDDT,15.0,39.3,0.88,2,1.79,22.79,-8.69,23.44,39.2,-0.93
VTEX DLO 1810.HK NVDA UBER,15.8,40.3,0.89,1,1.2,22.79,-5.52,21.7,40.62,0.84
6669.TW DLO AVGO RHM TSM,11.6,38.0,0.87,2,1.38,22.78,-3.13,24.98,35.09,2.22
VTEX AVGO NVDA UBER RDDT,17.8,44.8,0.95,2,1.57,22.78,-6.78,22.07,40.49,1.0
6669.TW 300750.SZ DLO ORCL TSM,10.5,30.2,0.81,2,1.1,22.78,-5.71,25.14,35.75,0.06
6669.TW AVGO ORCL RHM UBER,11.3,39.0,0.81,3,1.49,22.78,-6.58,24.75,36.63,0.61
NU FLUT ORCL NVDA TSM,13.6,41.1,0.87,2,1.47,22.78,-6.9,24.45,37.18,-0.55
6669.TW DLO 1810.HK AVGO TSM,11.4,36.7,0.86,2,1.09,22.78,-4.68,24.53,36.34,1.37
6669.TW 300750.SZ RHM UBER RDDT,11.1,37.4,0.82,1,1.35,22.78,-6.78,24.61,36.9,0.64
NU VTEX PAX TSM ADYEN,12.8,26.6,0.83,3,1.24,22.78,-1.36,24.2,35.63,2.59
FLUT 300750.SZ AVGO RHM TSM,14.7,43.7,0.9,1,1.29,22.78,-4.48,24.03,37.01,2.13
6669.TW 1810.HK AVGO ORCL UBER,11.0,37.8,0.8,3,1.21,22.78,-8.32,24.29,37.84,-0.28
6669.TW 300750.SZ 1810.HK UBER RDDT,10.8,36.2,0.81,1,1.06,22.77,-8.53,24.15,38.1,-0.24
6669.TW DLO PAX NVDA RDDT,9.4,35.0,0.76,2,1.44,22.77,-4.97,24.61,36.29,-0.62
6669.TW DLO NVDA ADYEN RDDT,11.4,36.7,0.84,2,1.61,22.77,-5.68,24.16,37.2,0.01
FLUT 300750.SZ 1810.HK AVGO TSM,14.3,42.5,0.89,2,1.01,22.77,-6.1,23.57,38.2,1.28
FLUT PAX AVGO ORCL NVDA,11.5,42.4,0.79,3,1.5,22.77,-6.21,23.8,37.89,-0.76
FLUT AVGO ORCL NVDA ADYEN,14.7,44.0,0.88,3,1.67,22.77,-6.95,23.34,38.77,-0.12
FLUT 300750.SZ PAX NVDA RDDT,11.3,40.7,0.79,1,1.35,22.77,-6.4,23.65,38.16,-0.72
FLUT 300750.SZ NVDA ADYEN RDDT,14.3,42.4,0.88,1,1.53,22.77,-7.15,23.19,39.03,-0.08
VTEX DLO PAX RHM TSM,13.2,29.2,0.86,2,1.29,22.77,-1.19,23.59,36.45,2.84
VTEX DLO RHM TSM ADYEN,17.7,30.9,0.94,2,1.47,22.77,-1.82,23.13,37.36,3.41
VTEX PAX ORCL RHM UBER,12.8,30.3,0.8,1,1.4,22.76,-4.43,23.35,37.95,1.26
VTEX ORCL RHM UBER ADYEN,16.9,32.0,0.89,1,1.58,22.76,-5.13,22.88,38.83,1.86
VTEX DLO PAX 1810.HK TSM,12.9,28.0,0.85,2,1.0,22.76,-2.65,23.12,37.67,2.01
VTEX DLO 1810.HK TSM ADYEN,17.1,29.7,0.93,2,1.18,22.76,-3.31,22.65,38.55,2.59
6669.TW 1810.HK ORCL RHM NVDA,11.1,41.7,0.83,3,1.56,22.76,-8.94,24.27,38.0,-1.05
6669.TW NU DLO NVDA TSM,10.6,38.4,0.83,2,1.3,22.76,-4.06,25.15,35.09,0.37
VTEX PAX 1810.HK ORCL UBER,12.5,29.1,0.79,1,1.12,22.76,-6.05,22.87,39.12,0.39
VTEX 1810.HK ORCL UBER ADYEN,16.4,30.7,0.88,1,1.29,22.76,-6.79,22.4,39.98,1.0
6669.TW NU ORCL NVDA UBER,10.3,39.5,0.77,3,1.41,22.76,-7.62,24.92,36.63,-1.33
6669.TW 300750.SZ AVGO RHM UBER,10.9,42.1,0.81,2,1.23,22.75,-5.15,24.51,36.45,1.41
NU FLUT 300750.SZ NVDA TSM,13.1,44.2,0.86,1,1.21,22.75,-5.45,24.2,37.01,0.28
VTEX PAX AVGO TSM RDDT,14.2,32.5,0.9,2,1.37,22.75,-3.8,23.47,37.53,2.17
VTEX AVGO TSM ADYEN RDDT,19.5,34.2,0.99,2,1.54,22.75,-4.49,23.01,38.42,2.75
6669.TW 300750.SZ 1810.HK AVGO UBER,10.7,40.9,0.8,2,0.94,22.75,-6.81,24.05,37.67,0.55
6669.TW DLO PAX AVGO NVDA,9.2,39.7,0.75,3,1.32,22.75,-3.42,24.51,35.84,0.18
6669.TW DLO AVGO NVDA ADYEN,11.2,41.4,0.84,3,1.5,22.75,-4.1,24.06,36.76,0.8
FLUT PAX 1810.HK RHM ADYEN,11.8,34.4,0.78,2,1.36,22.74,-3.77,23.81,36.99,1.49
FLUT 300750.SZ PAX AVGO NVDA,11.1,45.4,0.78,2,1.23,22.74,-4.79,23.55,37.72,0.08
FLUT 300750.SZ AVGO NVDA ADYEN,14.1,47.1,0.87,2,1.41,22.74,-5.5,23.09,38.6,0.7
NU DLO 1810.HK ORCL RHM,14.7,33.3,0.81,2,1.29,22.74,-4.24,22.98,38.34,1.43
NU FLUT PAX UBER ADYEN,10.9,32.2,0.72,3,1.21,22.74,-2.64,24.47,35.59,1.23
6669.TW PAX ORCL ADYEN RDDT,9.6,25.4,0.74,2,1.53,22.74,-6.22,25.27,35.59,-0.45
VTEX 300750.SZ PAX RHM UBER,12.3,33.4,0.8,1,1.14,22.74,-3.08,23.1,37.78,2.05
VTEX 300750.SZ RHM UBER ADYEN,16.1,35.1,0.89,1,1.32,22.74,-3.76,22.63,38.66,2.64
6669.TW 300750.SZ 1810.HK RHM NVDA,10.8,44.7,0.83,2,1.29,22.73,-7.4,24.03,37.83,-0.21
NU AVGO ORCL RHM RDDT,16.5,37.8,0.86,2,1.65,22.73,-5.45,23.34,38.21,1.59
VTEX 300750.SZ PAX 1810.HK UBER,12.1,32.1,0.79,1,0.85,22.73,-4.64,22.62,38.95,1.2
VTEX 300750.SZ 1810.HK UBER ADYEN,15.6,33.8,0.88,1,1.03,22.73,-5.35,22.15,39.81,1.8
VTEX DLO PAX NVDA ADYEN,12.7,32.6,0.83,3,1.41,22.73,-2.11,22.63,38.07,1.45
6669.TW NU 300750.SZ NVDA UBER,10.0,42.6,0.77,2,1.15,22.73,-6.14,24.68,36.45,-0.47
FLUT 1810.HK RHM TSM RDDT,16.0,39.0,0.93,2,1.46,22.73,-7.11,23.74,38.14,1.24
FLUT DLO PAX RHM UBER,11.2,34.8,0.75,2,1.26,22.73,-2.47,23.86,36.42,1.49
NU 1810.HK AVGO ORCL RDDT,16.0,36.6,0.85,2,1.37,22.73,-7.13,22.86,39.38,0.73
FLUT DLO RHM UBER ADYEN,14.3,36.5,0.84,2,1.44,22.73,-3.13,23.4,37.32,2.08
6669.TW NU PAX ORCL TSM,9.0,27.2,0.72,2,1.21,22.73,-4.56,26.23,33.4,-0.08
6669.TW NU ORCL TSM ADYEN,10.9,28.9,0.81,2,1.39,22.73,-5.27,25.8,34.37,0.54
NU FLUT UBER TSM RDDT,14.3,36.9,0.87,1,1.32,22.73,-5.86,24.4,36.78,0.98
FLUT DLO PAX 1810.HK UBER,11.0,33.6,0.74,2,0.97,22.73,-3.99,23.39,37.63,0.62
FLUT DLO 1810.HK UBER ADYEN,13.9,35.3,0.83,2,1.15,22.73,-4.68,22.93,38.51,1.23
VTEX DLO NVDA TSM RDDT,17.7,37.3,0.98,2,1.51,22.72,-5.27,22.56,39.19,1.19
6669.TW PAX AVGO ORCL ADYEN,9.4,30.1,0.73,3,1.41,22.72,-4.61,25.17,35.13,0.35
FLUT PAX AVGO UBER RDDT,11.9,38.1,0.79,1,1.34,22.72,-5.19,23.74,37.49,0.78
NU 300750.SZ DLO 1810.HK RHM,14.1,36.4,0.81,2,1.03,22.72,-2.9,22.73,38.17,2.22
FLUT AVGO UBER ADYEN RDDT,15.5,39.8,0.88,1,1.52,22.72,-5.91,23.29,38.38,1.39
6669.TW DLO ORCL RHM TSM,11.2,31.5,0.84,2,1.44,22.72,-5.07,25.21,35.22,0.8
VTEX ORCL NVDA UBER RDDT,16.9,38.3,0.92,2,1.63,22.71,-8.98,22.31,40.6,-0.47
6669.TW 300750.SZ PAX ADYEN RDDT,9.3,28.5,0.74,2,1.27,22.71,-4.8,25.03,35.41,0.38
6669.TW DLO 1810.HK ORCL TSM,11.0,30.2,0.83,2,1.15,22.71,-6.73,24.76,36.47,-0.08
FLUT 300750.SZ ORCL RHM TSM,14.0,37.2,0.88,1,1.35,22.71,-6.51,24.27,37.13,0.71
6669.TW 1810.HK RHM UBER RDDT,11.6,37.4,0.84,1,1.4,22.71,-7.84,24.22,37.6,0.5
NU 300750.SZ AVGO RHM RDDT,15.7,40.9,0.86,1,1.39,22.71,-4.06,23.09,38.04,2.37
FLUT 1810.HK AVGO RHM TSM,15.7,43.7,0.93,2,1.35,22.71,-5.46,23.64,37.7,1.99
FLUT 300750.SZ 1810.HK ORCL TSM,13.7,36.0,0.87,2,1.07,22.7,-8.25,23.8,38.32,-0.18
NU FLUT AVGO UBER TSM,14.1,41.6,0.87,1,1.2,22.7,-4.27,24.29,36.33,1.74
NU 300750.SZ 1810.HK AVGO RDDT,15.3,39.7,0.85,1,1.1,22.7,-5.67,22.61,39.21,1.53
6669.TW AVGO ORCL TSM RDDT,11.9,34.7,0.89,3,1.52,22.7,-8.04,25.1,36.32,0.08
6669.TW NU 300750.SZ PAX TSM,8.8,30.2,0.72,2,0.95,22.7,-3.21,26.0,33.21,0.74
6669.TW NU 300750.SZ TSM ADYEN,10.5,31.9,0.81,2,1.13,22.7,-3.89,25.56,34.18,1.35
FLUT PAX RHM NVDA RDDT,12.1,42.0,0.82,1,1.69,22.7,-5.75,23.73,37.66,0.04
FLUT RHM NVDA ADYEN RDDT,15.7,43.7,0.91,1,1.87,22.7,-6.48,23.27,38.54,0.66
FLUT PAX 1810.HK NVDA RDDT,11.8,40.7,0.81,2,1.4,22.7,-7.45,23.26,38.84,-0.87
FLUT 1810.HK NVDA ADYEN RDDT,15.3,42.4,0.9,2,1.58,22.7,-8.22,22.79,39.7,-0.23
VTEX DLO AVGO NVDA TSM,17.3,42.0,0.97,2,1.4,22.69,-3.7,22.45,38.76,1.95
VTEX AVGO ORCL NVDA UBER,16.5,43.0,0.91,3,1.51,22.69,-7.23,22.21,40.19,0.33
6669.TW 300750.SZ PAX AVGO ADYEN,9.2,33.2,0.73,2,1.15,22.69,-3.26,24.93,34.94,1.16
6669.TW 300750.SZ DLO RHM TSM,10.8,34.6,0.84,1,1.18,22.69,-3.7,24.97,35.03,1.6
VTEX 300750.SZ NVDA UBER RDDT,16.1,41.4,0.92,2,1.36,22.69,-7.43,22.06,40.44,0.36
NU FLUT RHM NVDA TSM,14.3,45.4,0.9,1,1.55,22.69,-4.81,24.28,36.49,1.02
6669.TW 300750.SZ ORCL RHM UBER,10.5,35.6,0.78,2,1.29,22.69,-7.23,24.74,36.58,-0.04
6669.TW 300750.SZ DLO 1810.HK TSM,10.6,33.3,0.83,1,0.89,22.68,-5.29,24.52,36.28,0.74
VTEX PAX ORCL TSM RDDT,13.7,26.0,0.87,2,1.43,22.68,-5.79,23.71,37.65,0.75
VTEX ORCL TSM ADYEN RDDT,18.4,27.7,0.96,2,1.6,22.68,-6.52,23.25,38.53,1.36
6669.TW 1810.HK AVGO RHM UBER,11.4,42.1,0.83,2,1.28,22.68,-6.15,24.12,37.16,1.27
NU FLUT 1810.HK NVDA TSM,13.9,44.2,0.89,2,1.26,22.68,-6.46,23.81,37.7,0.14
6669.TW 300750.SZ 1810.HK ORCL UBER,10.3,34.4,0.77,2,1.0,22.68,-9.01,24.28,37.79,-0.94
6669.TW DLO PAX ORCL NVDA,9.0,33.2,0.72,3,1.38,22.68,-5.39,24.74,35.96,-1.33
6669.TW DLO ORCL NVDA ADYEN,10.8,34.9,0.81,3,1.56,22.68,-6.11,24.3,36.88,-0.68
FLUT DLO NVDA UBER RDDT,14.3,42.9,0.87,1,1.48,22.68,-6.72,22.84,39.15,-0.23
FLUT PAX AVGO RHM NVDA,11.9,46.7,0.82,2,1.57,22.68,-4.17,23.62,37.21,0.82
FLUT AVGO RHM NVDA ADYEN,15.4,48.4,0.91,2,1.75,22.68,-4.86,23.16,38.11,1.43
6669.TW 300750.SZ AVGO TSM RDDT,11.5,37.8,0.88,2,1.26,22.68,-6.54,24.86,36.14,0.9
FLUT 300750.SZ PAX ORCL NVDA,10.7,38.9,0.76,2,1.29,22.67,-6.84,23.79,37.84,-1.43
FLUT 300750.SZ ORCL NVDA ADYEN,13.5,40.6,0.85,2,1.47,22.67,-7.6,23.33,38.72,-0.78
FLUT PAX 1810.HK AVGO NVDA,11.6,45.4,0.81,2,1.29,22.67,-5.78,23.15,38.41,-0.06
FLUT 1810.HK AVGO NVDA ADYEN,15.0,47.1,0.89,2,1.46,22.67,-6.51,22.69,39.28,0.56
VTEX PAX 1810.HK RHM UBER,13.0,33.4,0.82,1,1.19,22.67,-4.02,22.69,38.46,1.92
VTEX 1810.HK RHM UBER ADYEN,17.3,35.1,0.91,1,1.37,22.67,-4.71,22.22,39.33,2.5
VTEX 300750.SZ AVGO NVDA UBER,15.8,46.1,0.91,2,1.25,22.66,-5.76,21.95,40.02,1.14
6669.TW NU RHM NVDA UBER,10.7,43.8,0.8,2,1.49,22.66,-5.49,24.75,35.93,0.28
VTEX PAX AVGO ORCL TSM,13.4,30.7,0.87,2,1.31,22.66,-4.2,23.61,37.21,1.52
VTEX AVGO ORCL TSM ADYEN,18.0,32.4,0.95,2,1.49,22.66,-4.9,23.15,38.1,2.11
6669.TW NU 1810.HK NVDA UBER,10.5,42.6,0.79,2,1.2,22.66,-7.17,24.29,37.16,-0.62
VTEX 300750.SZ PAX TSM RDDT,13.1,29.1,0.87,2,1.17,22.66,-4.39,23.46,37.47,1.55
VTEX 300750.SZ TSM ADYEN RDDT,17.5,30.8,0.96,2,1.34,22.66,-5.09,23.0,38.36,2.14
FLUT DLO AVGO NVDA UBER,14.0,47.6,0.86,2,1.37,22.66,-5.09,22.74,38.73,0.56
6669.TW 300750.SZ DLO PAX NVDA,8.8,36.3,0.72,2,1.12,22.65,-4.01,24.5,35.78,-0.47
6669.TW 300750.SZ DLO NVDA ADYEN,10.5,38.0,0.81,2,1.29,22.65,-4.7,24.05,36.7,0.16
FLUT DLO PAX TSM RDDT,11.9,30.6,0.82,2,1.29,22.65,-3.75,24.22,36.1,0.98
FLUT DLO TSM ADYEN RDDT,15.4,32.2,0.91,2,1.46,22.65,-4.43,23.77,37.02,1.58
FLUT PAX ORCL UBER RDDT,11.5,31.6,0.77,1,1.4,22.65,-7.27,23.98,37.61,-0.69
FLUT ORCL UBER ADYEN RDDT,14.8,33.3,0.86,1,1.58,22.65,-8.04,23.52,38.5,-0.06
6669.TW PAX RHM ADYEN RDDT,9.9,29.7,0.77,2,1.61,22.65,-4.18,25.1,34.88,1.11
6669.TW PAX 1810.HK ADYEN RDDT,9.7,28.5,0.76,2,1.32,22.64,-5.79,24.64,36.13,0.24
NU 300750.SZ ORCL RHM RDDT,15.0,34.4,0.83,1,1.45,22.64,-6.07,23.33,38.15,0.97
FLUT 1810.HK ORCL RHM TSM,14.9,37.3,0.9,2,1.41,22.64,-7.56,23.88,37.82,0.57
NU 1810.HK AVGO RHM RDDT,16.8,40.9,0.88,1,1.44,22.64,-5.03,22.68,38.72,2.24
NU FLUT ORCL UBER TSM,13.5,35.1,0.84,1,1.26,22.63,-6.29,24.53,36.45,0.31
NU 300750.SZ 1810.HK ORCL RDDT,14.6,33.2,0.82,1,1.16,22.63,-7.78,22.85,39.32,0.09
VTEX 300750.SZ PAX AVGO TSM,12.9,33.8,0.86,1,1.05,22.63,-2.87,23.36,37.03,2.3
VTEX 300750.SZ AVGO TSM ADYEN,17.1,35.5,0.95,1,1.23,22.63,-3.54,22.9,37.93,2.88
6669.TW NU PAX RHM TSM,9.3,31.5,0.75,2,1.29,22.63,-2.62,26.06,32.65,1.47
6669.TW NU RHM TSM ADYEN,11.3,33.2,0.84,2,1.47,22.63,-3.28,25.63,33.64,2.06
6669.TW NU PAX 1810.HK TSM,9.1,30.3,0.74,2,1.0,22.63,-4.15,25.62,33.97,0.6
6669.TW NU 1810.HK TSM ADYEN,11.0,31.9,0.83,2,1.18,22.63,-4.85,25.18,34.93,1.21
6669.TW DLO PAX UBER RDDT,9.3,28.9,0.73,2,1.22,22.63,-4.4,24.69,35.54,0.24
6669.TW DLO UBER ADYEN RDDT,11.3,30.6,0.82,2,1.4,22.63,-5.1,24.24,36.47,0.86
FLUT DLO PAX AVGO TSM,11.7,35.3,0.81,2,1.17,22.63,-2.26,24.12,35.65,1.74
FLUT DLO AVGO TSM ADYEN,15.1,37.0,0.9,2,1.35,22.63,-2.91,23.66,36.57,2.33
VTEX DLO ORCL NVDA TSM,16.4,35.5,0.94,2,1.46,22.62,-5.69,22.7,38.88,0.52
FLUT PAX AVGO ORCL UBER,11.4,36.3,0.76,2,1.28,22.62,-5.61,23.88,37.17,0.11
FLUT AVGO ORCL UBER ADYEN,14.5,38.0,0.85,2,1.46,22.62,-6.34,23.42,38.06,0.73
6669.TW PAX AVGO RHM ADYEN,9.7,34.4,0.76,2,1.49,22.62,-2.67,25.0,34.41,1.87
6669.TW 300750.SZ PAX ORCL ADYEN,8.9,26.7,0.7,2,1.21,22.62,-5.21,25.16,35.07,-0.3
VTEX RHM NVDA UBER RDDT,17.9,42.7,0.95,2,1.7,22.62,-6.76,22.13,39.96,1.1
FLUT 300750.SZ PAX UBER RDDT,11.1,34.7,0.76,1,1.14,22.62,-5.81,23.73,37.44,0.14
FLUT 300750.SZ UBER ADYEN RDDT,14.2,36.4,0.85,1,1.31,22.62,-6.54,23.28,38.32,0.76
6669.TW PAX 1810.HK AVGO ADYEN,9.6,33.2,0.75,2,1.2,22.62,-4.2,24.54,35.67,1.02
6669.TW DLO 1810.HK RHM TSM,11.4,34.6,0.86,1,1.23,22.62,-4.66,24.59,35.76,1.47
VTEX 1810.HK NVDA UBER RDDT,17.3,41.4,0.94,2,1.42,22.62,-8.51,21.64,41.09,0.22
6669.TW 1810.HK ORCL RHM UBER,11.0,35.6,0.8,2,1.34,22.61,-8.3,24.35,37.28,-0.18
NU 300750.SZ AVGO ORCL RHM,14.7,39.1,0.83,2,1.34,22.61,-4.47,23.22,37.72,1.73
6669.TW NU DLO UBER TSM,10.5,32.4,0.8,2,1.09,22.61,-3.5,25.23,34.32,1.21
FLUT 300750.SZ 1810.HK RHM TSM,14.3,40.3,0.9,2,1.14,22.61,-6.08,23.63,37.65,1.37
NU 300750.SZ 1810.HK AVGO ORCL,14.3,37.9,0.82,2,1.05,22.61,-6.1,22.75,38.9,0.87
6669.TW AVGO RHM TSM RDDT,12.4,39.1,0.91,2,1.6,22.61,-5.89,24.93,35.62,1.62
FLUT PAX ORCL RHM NVDA,11.5,40.2,0.79,2,1.63,22.61,-6.18,23.86,37.33,-0.65
NU FLUT 300750.SZ UBER TSM,13.0,38.2,0.84,1,1.0,22.61,-4.87,24.28,36.27,1.12
FLUT ORCL RHM NVDA ADYEN,14.7,41.9,0.88,2,1.81,22.61,-6.92,23.4,38.22,-0.02
6669.TW 300750.SZ ORCL TSM RDDT,11.1,31.3,0.86,2,1.32,22.61,-8.72,25.09,36.27,-0.57
6669.TW 1810.HK AVGO TSM RDDT,12.1,37.8,0.9,2,1.31,22.6,-7.59,24.47,36.85,0.76
FLUT PAX 1810.HK ORCL NVDA,11.2,39.0,0.78,2,1.35,22.6,-7.9,23.39,38.52,-1.58
6669.TW DLO PAX AVGO UBER,9.2,33.6,0.72,2,1.11,22.6,-2.88,24.59,35.08,1.02
FLUT 1810.HK ORCL NVDA ADYEN,14.3,40.6,0.87,2,1.52,22.6,-8.69,22.93,39.39,-0.93
6669.TW DLO AVGO UBER ADYEN,11.1,35.3,0.81,2,1.28,22.6,-3.55,24.14,36.01,1.62
6669.TW NU PAX NVDA ADYEN,9.0,34.9,0.72,3,1.41,22.6,-3.58,25.17,34.41,0.01
VTEX 300750.SZ DLO NVDA TSM,15.7,38.6,0.94,1,1.19,22.6,-4.29,22.44,38.71,1.33
VTEX AVGO RHM NVDA UBER,17.4,47.4,0.94,2,1.59,22.6,-5.12,22.03,39.54,1.86
FLUT 300750.SZ PAX AVGO UBER,11.0,39.4,0.76,1,1.02,22.6,-4.22,23.63,36.99,0.93
FLUT 300750.SZ AVGO UBER ADYEN,13.9,41.1,0.85,1,1.2,22.6,-4.92,23.17,37.89,1.53
VTEX 300750.SZ ORCL NVDA UBER,15.0,39.6,0.88,2,1.31,22.6,-7.89,22.2,40.13,-0.32
VTEX 1810.HK AVGO NVDA UBER,16.9,46.1,0.93,2,1.3,22.59,-6.78,21.54,40.67,1.0
VTEX PAX RHM TSM RDDT,14.3,30.3,0.9,2,1.51,22.59,-3.78,23.53,36.97,2.26
VTEX RHM TSM ADYEN RDDT,19.6,32.0,0.99,2,1.68,22.59,-4.47,23.07,37.86,2.84
6669.TW 300750.SZ 1810.HK RHM UBER,10.7,38.7,0.8,1,1.08,22.59,-6.78,24.11,37.1,0.64
FLUT DLO ORCL NVDA UBER,13.4,41.1,0.84,2,1.43,22.59,-7.17,22.98,38.84,-0.93
6669.TW DLO PAX RHM NVDA,9.2,37.5,0.75,2,1.46,22.59,-3.4,24.57,35.25,0.28
6669.TW DLO RHM NVDA ADYEN,11.2,39.2,0.84,2,1.63,22.59,-4.08,24.12,36.18,0.89
VTEX PAX 1810.HK TSM RDDT,13.9,29.1,0.89,2,1.22,22.59,-5.37,23.06,38.16,1.41
VTEX 1810.HK TSM ADYEN RDDT,18.9,30.8,0.98,2,1.39,22.59,-6.09,22.6,39.04,2.01
VTEX DLO PAX UBER ADYEN,12.6,26.6,0.8,3,1.19,22.59,-1.58,22.72,37.35,2.26
6669.TW NU NVDA TSM RDDT,11.3,39.5,0.87,2,1.51,22.58,-6.9,25.1,35.62,-0.25
6669.TW DLO PAX 1810.HK NVDA,9.1,36.3,0.74,2,1.17,22.58,-4.97,24.11,36.49,-0.62
6669.TW DLO 1810.HK NVDA ADYEN,11.0,38.0,0.83,2,1.35,22.58,-5.68,23.66,37.4,0.01
6669.TW 300750.SZ AVGO ORCL TSM,11.0,36.0,0.85,3,1.2,22.58,-6.98,24.99,35.81,0.23
FLUT 300750.SZ PAX RHM NVDA,11.1,43.3,0.79,1,1.37,22.58,-4.76,23.61,37.16,0.18
FLUT 300750.SZ RHM NVDA ADYEN,14.1,45.0,0.88,1,1.55,22.58,-5.47,23.15,38.05,0.8
FLUT 300750.SZ PAX 1810.HK NVDA,10.9,42.0,0.78,2,1.08,22.58,-6.4,23.14,38.35,-0.72
FLUT 300750.SZ 1810.HK NVDA ADYEN,13.7,43.7,0.87,2,1.26,22.58,-7.15,22.68,39.22,-0.08
6669.TW PAX AVGO NVDA RDDT,9.7,40.8,0.79,3,1.54,22.57,-6.21,24.46,36.35,-0.45
6669.TW AVGO NVDA ADYEN RDDT,11.9,42.5,0.88,3,1.71,22.57,-6.95,24.01,37.26,0.18
VTEX DLO UBER TSM RDDT,17.4,31.2,0.95,2,1.3,22.57,-4.69,22.64,38.49,2.01
NU 1810.HK ORCL RHM RDDT,16.0,34.4,0.86,1,1.5,22.57,-7.1,22.93,38.84,0.82
VTEX PAX AVGO RHM TSM,14.0,35.0,0.89,1,1.39,22.57,-2.29,23.43,36.52,2.99
VTEX AVGO RHM TSM ADYEN,19.1,36.7,0.98,1,1.57,22.57,-2.94,22.97,37.42,3.56
VTEX 300750.SZ PAX ORCL TSM,12.4,27.3,0.84,1,1.11,22.56,-4.8,23.6,37.15,0.89
VTEX 300750.SZ ORCL TSM ADYEN,16.3,29.0,0.93,1,1.29,22.56,-5.51,23.14,38.05,1.49
VTEX PAX 1810.HK AVGO TSM,13.7,33.8,0.88,1,1.1,22.56,-3.8,22.96,37.73,2.17
VTEX 1810.HK AVGO TSM ADYEN,18.5,35.5,0.97,1,1.28,22.56,-4.49,22.49,38.61,2.75
FLUT 300750.SZ DLO NVDA UBER,12.9,44.2,0.83,1,1.17,22.56,-5.7,22.73,38.67,-0.08
6669.TW NU AVGO NVDA TSM,11.1,44.2,0.87,3,1.4,22.56,-5.26,25.0,35.16,0.54
FLUT DLO PAX ORCL TSM,11.3,28.8,0.79,2,1.23,22.56,-4.15,24.35,35.77,0.31
FLUT DLO ORCL TSM ADYEN,14.4,30.5,0.88,2,1.41,22.56,-4.85,23.9,36.69,0.92
VTEX PAX NVDA ADYEN RDDT,13.7,33.7,0.87,2,1.62,22.56,-4.77,22.58,38.56,0.84
NU DLO PAX AVGO RDDT,12.4,32.4,0.77,3,1.27,22.56,-1.87,23.17,36.71,1.99
NU DLO AVGO ADYEN RDDT,16.2,34.1,0.86,3,1.44,22.56,-2.52,22.71,37.61,2.58
6669.TW PAX ORCL RHM ADYEN,9.5,27.9,0.74,2,1.55,22.55,-4.59,25.23,34.53,0.44
FLUT PAX RHM UBER RDDT,12.0,35.9,0.8,1,1.48,22.55,-5.17,23.81,36.93,0.88
FLUT RHM UBER ADYEN RDDT,15.5,37.6,0.88,1,1.65,22.55,-5.88,23.35,37.83,1.49
6669.TW PAX 1810.HK ORCL ADYEN,9.3,26.7,0.73,2,1.26,22.55,-6.22,24.78,35.8,-0.45
FLUT PAX 1810.HK UBER RDDT,11.7,34.7,0.78,2,1.19,22.55,-6.83,23.34,38.13,0.0
FLUT 1810.HK UBER ADYEN RDDT,15.1,36.4,0.87,2,1.37,22.55,-7.59,22.88,39.0,0.62
VTEX DLO AVGO UBER TSM,17.0,35.9,0.94,1,1.18,22.55,-3.16,22.54,38.05,2.75
NU 1810.HK AVGO ORCL RHM,15.7,39.1,0.85,2,1.39,22.54,-5.45,22.82,38.4,1.59
NU VTEX PAX NVDA TSM,12.6,35.5,0.85,2,1.31,22.54,-3.19,23.61,36.52,1.19
NU VTEX NVDA TSM ADYEN,16.5,37.2,0.94,2,1.48,22.54,-3.87,23.15,37.42,1.79
NU FLUT RHM UBER TSM,14.1,39.4,0.87,1,1.34,22.54,-4.25,24.36,35.75,1.83
NU 300750.SZ 1810.HK RHM RDDT,15.3,37.5,0.85,1,1.24,22.54,-5.64,22.67,38.66,1.63
6669.TW ORCL RHM TSM RDDT,11.9,32.6,0.89,2,1.66,22.54,-8.02,25.16,35.75,0.18
NU FLUT 1810.HK UBER TSM,13.7,38.2,0.86,2,1.05,22.54,-5.86,23.89,36.98,0.98
6669.TW 1810.HK ORCL TSM RDDT,11.7,31.3,0.88,2,1.37,22.54,-9.85,24.7,36.98,-0.72
6669.TW DLO PAX ORCL UBER,8.9,27.2,0.69,2,1.17,22.53,-4.81,24.82,35.2,-0.45
6669.TW DLO ORCL UBER ADYEN,10.7,28.8,0.78,2,1.34,22.53,-5.52,24.38,36.14,0.18
VTEX PAX AVGO NVDA ADYEN,13.4,38.4,0.86,2,1.51,22.53,-3.24,22.47,38.13,1.6
VTEX DLO RHM NVDA TSM,17.3,39.8,0.97,1,1.53,22.53,-3.68,22.52,38.21,2.04
FLUT 300750.SZ DLO PAX TSM,10.9,31.9,0.79,2,0.97,22.53,-2.82,24.11,35.59,1.12
FLUT 300750.SZ DLO TSM ADYEN,13.8,33.5,0.87,2,1.14,22.53,-3.49,23.65,36.51,1.72
FLUT PAX AVGO RHM UBER,11.8,40.7,0.79,1,1.36,22.53,-3.61,23.7,36.48,1.65
FLUT AVGO RHM UBER ADYEN,15.2,42.3,0.88,1,1.54,22.53,-4.29,23.25,37.39,2.24
VTEX ORCL RHM NVDA UBER,16.6,40.9,0.92,2,1.65,22.53,-7.2,22.27,39.65,0.43
FLUT 300750.SZ PAX ORCL UBER,10.6,32.9,0.73,1,1.08,22.53,-6.24,23.87,37.11,-0.55
FLUT 300750.SZ ORCL UBER ADYEN,13.3,34.6,0.82,1,1.26,22.53,-6.98,23.41,38.01,0.09
6669.TW 300750.SZ PAX RHM ADYEN,9.2,31.0,0.73,2,1.29,22.53,-3.24,24.99,34.35,1.25
VTEX DLO 1810.HK NVDA TSM,16.8,38.6,0.96,1,1.25,22.53,-5.27,22.04,39.38,1.19
FLUT PAX 1810.HK AVGO UBER,11.5,39.4,0.78,2,1.07,22.53,-5.19,23.23,37.69,0.78
FLUT 1810.HK AVGO UBER ADYEN,14.8,41.1,0.87,2,1.25,22.53,-5.91,22.77,38.57,1.39
VTEX 1810.HK ORCL NVDA UBER,16.1,39.6,0.91,2,1.36,22.52,-8.98,21.78,40.79,-0.47
6669.TW 300750.SZ PAX 1810.HK ADYEN,9.0,29.8,0.72,2,1.0,22.52,-4.8,24.53,35.61,0.38
VTEX AVGO NVDA TSM RDDT,19.1,43.1,1.02,2,1.61,22.52,-6.52,22.4,39.25,1.35
NU 300750.SZ 1810.HK AVGO RHM,15.0,42.2,0.84,1,1.13,22.52,-4.06,22.57,38.23,2.37
6669.TW AVGO ORCL RHM TSM,11.7,37.3,0.88,3,1.54,22.52,-6.32,25.06,35.28,0.96
6669.TW 300750.SZ RHM TSM RDDT,11.5,35.7,0.88,1,1.39,22.51,-6.52,24.92,35.56,1.0
6669.TW 1810.HK AVGO ORCL TSM,11.5,36.1,0.87,3,1.25,22.51,-8.04,24.6,36.53,0.08
FLUT PAX 1810.HK RHM NVDA,11.7,43.3,0.81,2,1.42,22.51,-5.75,23.22,37.85,0.04
FLUT 1810.HK RHM NVDA ADYEN,15.0,45.0,0.9,2,1.6,22.51,-6.48,22.75,38.73,0.66
6669.TW 300750.SZ 1810.HK TSM RDDT,11.3,34.4,0.87,1,1.11,22.51,-8.25,24.46,36.8,0.12
6669.TW 300750.SZ DLO PAX UBER,8.7,30.2,0.69,2,0.91,22.51,-3.45,24.58,35.02,0.38
6669.TW 300750.SZ DLO UBER ADYEN,10.4,31.9,0.78,2,1.08,22.51,-4.13,24.13,35.95,1.0
NU FLUT PAX NVDA UBER,10.8,41.1,0.75,2,1.28,22.51,-4.55,23.88,36.48,-0.23
NU FLUT NVDA UBER ADYEN,13.5,42.8,0.84,2,1.46,22.51,-5.26,23.42,37.39,0.4
6669.TW PAX ORCL NVDA RDDT,9.4,34.3,0.77,3,1.6,22.5,-8.36,24.69,36.48,-1.99
6669.TW ORCL NVDA ADYEN RDDT,11.5,36.0,0.86,3,1.77,22.5,-9.16,24.24,37.38,-1.33
VTEX 300750.SZ RHM NVDA UBER,15.8,44.0,0.91,1,1.39,22.5,-5.74,22.01,39.49,1.24
VTEX PAX ORCL RHM TSM,13.4,28.6,0.87,1,1.45,22.5,-4.18,23.67,36.64,1.61
VTEX ORCL RHM TSM ADYEN,18.1,30.2,0.96,1,1.63,22.5,-4.88,23.21,37.54,2.2
VTEX 300750.SZ 1810.HK NVDA UBER,15.3,42.7,0.9,1,1.1,22.5,-7.43,21.52,40.62,0.36
FLUT DLO RHM NVDA UBER,14.0,45.4,0.86,1,1.51,22.49,-5.07,22.8,38.18,0.66
VTEX PAX 1810.HK ORCL TSM,13.1,27.3,0.86,1,1.16,22.49,-5.79,23.2,37.85,0.75
VTEX 1810.HK ORCL TSM ADYEN,17.5,29.0,0.95,1,1.34,22.49,-6.52,22.73,38.73,1.36
6669.TW NU ORCL NVDA TSM,10.7,37.8,0.84,3,1.46,22.49,-7.35,25.23,35.28,-0.95
FLUT DLO 1810.HK NVDA UBER,13.7,44.2,0.85,2,1.22,22.49,-6.72,22.32,39.35,-0.23
6669.TW 300750.SZ AVGO RHM TSM,11.4,40.4,0.88,2,1.28,22.49,-4.89,24.82,35.1,1.76
NU DLO PAX ORCL RDDT,11.9,25.9,0.74,3,1.33,22.49,-3.74,23.41,36.83,0.56
NU DLO ORCL ADYEN RDDT,15.4,27.6,0.83,3,1.5,22.49,-4.43,22.95,37.73,1.18
6669.TW 300750.SZ 1810.HK AVGO TSM,11.1,39.1,0.87,2,0.99,22.48,-6.54,24.36,36.35,0.9
6669.TW PAX AVGO ORCL NVDA,9.3,39.0,0.76,4,1.48,22.48,-6.65,24.59,36.02,-1.16
6669.TW AVGO ORCL NVDA ADYEN,11.4,40.7,0.85,4,1.66,22.48,-7.4,24.14,36.94,-0.51
FLUT AVGO NVDA UBER RDDT,15.2,48.7,0.91,2,1.58,22.48,-8.03,22.68,39.21,-0.06
6669.TW 300750.SZ PAX NVDA RDDT,9.2,37.4,0.77,2,1.33,22.48,-6.85,24.45,36.3,-1.12
VTEX DLO ORCL UBER TSM,16.2,29.5,0.91,1,1.24,22.48,-5.1,22.78,38.17,1.36
6669.TW 300750.SZ NVDA ADYEN RDDT,11.1,39.1,0.85,2,1.51,22.48,-7.61,24.0,37.21,-0.47
NU FLUT PAX TSM ADYEN,11.4,30.5,0.79,3,1.26,22.48,-2.41,24.78,34.21,1.58
VTEX 300750.SZ PAX RHM TSM,12.9,31.6,0.87,1,1.19,22.47,-2.85,23.42,36.46,2.39
VTEX 300750.SZ RHM TSM ADYEN,17.1,33.3,0.95,1,1.36,22.47,-3.52,22.96,37.37,2.97
VTEX 300750.SZ PAX 1810.HK TSM,12.6,30.4,0.85,1,0.9,22.47,-4.39,22.95,37.67,1.55
VTEX 300750.SZ 1810.HK TSM ADYEN,16.6,32.1,0.94,1,1.08,22.47,-5.09,22.48,38.56,2.14
6669.TW NU 300750.SZ NVDA TSM,10.4,40.8,0.84,2,1.2,22.46,-5.88,24.99,35.1,-0.11
FLUT DLO PAX RHM TSM,11.7,33.1,0.82,2,1.31,22.46,-2.23,24.18,35.06,1.83
FLUT DLO RHM TSM ADYEN,15.1,34.8,0.91,2,1.48,22.46,-2.89,23.73,35.99,2.42
VTEX PAX ORCL NVDA ADYEN,12.9,31.9,0.84,2,1.57,22.46,-5.19,22.72,38.25,0.16
NU DLO PAX AVGO ORCL,11.7,30.6,0.74,3,1.21,22.46,-2.25,23.31,36.38,1.34
NU DLO AVGO ORCL ADYEN,15.1,32.3,0.83,3,1.39,22.46,-2.9,22.85,37.29,1.93
FLUT PAX ORCL RHM UBER,11.4,34.2,0.76,1,1.42,22.46,-5.59,23.94,36.6,0.21
FLUT ORCL RHM UBER ADYEN,14.5,35.9,0.85,1,1.6,22.46,-6.32,23.49,37.51,0.82
NU 300750.SZ DLO PAX RDDT,11.5,29.0,0.74,3,1.07,22.46,-2.42,23.16,36.65,1.37
NU 300750.SZ DLO ADYEN RDDT,14.7,30.7,0.83,3,1.24,22.46,-3.08,22.7,37.55,1.97
FLUT DLO PAX 1810.HK TSM,11.5,31.9,0.81,2,1.02,22.46,-3.75,23.71,36.31,0.98
FLUT DLO 1810.HK TSM ADYEN,14.7,33.6,0.89,2,1.2,22.46,-4.43,23.26,37.22,1.58
FLUT PAX 1810.HK ORCL UBER,11.1,32.9,0.75,2,1.13,22.46,-7.27,23.47,37.81,-0.69
FLUT 1810.HK ORCL UBER ADYEN,14.1,34.6,0.84,2,1.31,22.46,-8.04,23.01,38.69,-0.06
6669.TW PAX 1810.HK RHM ADYEN,9.6,31.0,0.75,2,1.34,22.46,-4.18,24.61,35.09,1.11
6669.TW 300750.SZ PAX AVGO NVDA,9.1,42.1,0.76,3,1.22,22.45,-5.21,24.35,35.84,-0.31
6669.TW 300750.SZ AVGO NVDA ADYEN,11.0,43.8,0.85,3,1.39,22.45,-5.93,23.9,36.76,0.32
6669.TW NU PAX UBER ADYEN,9.0,28.9,0.69,3,1.2,22.45,-3.04,25.25,33.62,0.86
VTEX 300750.SZ DLO UBER TSM,15.5,32.5,0.91,1,0.98,22.45,-3.73,22.53,38.0,2.14
FLUT PAX AVGO TSM RDDT,12.5,36.4,0.86,1,1.39,22.45,-4.94,24.06,36.17,1.14
FLUT AVGO TSM ADYEN RDDT,16.4,38.1,0.95,1,1.56,22.45,-5.65,23.61,37.08,1.74
VTEX ORCL NVDA TSM RDDT,18.0,36.6,0.99,2,1.67,22.45,-8.69,22.64,39.37,-0.1
NU 300750.SZ 1810.HK ORCL RHM,14.3,35.7,0.82,1,1.19,22.45,-6.07,22.81,38.35,0.97
6669.TW 1810.HK RHM TSM RDDT,12.1,35.7,0.91,1,1.45,22.44,-7.56,24.53,36.28,0.86
6669.TW DLO PAX RHM UBER,9.2,31.5,0.72,2,1.25,22.44,-2.86,24.65,34.48,1.11
6669.TW DLO RHM UBER ADYEN,11.1,33.2,0.81,2,1.42,22.44,-3.52,24.2,35.43,1.72
6669.TW NU UBER TSM RDDT,11.1,33.5,0.85,1,1.3,22.44,-6.29,25.18,34.86,0.6
VTEX 300750.SZ PAX NVDA ADYEN,12.4,35.0,0.83,2,1.3,22.44,-3.82,22.46,38.07,0.98
6669.TW DLO PAX 1810.HK UBER,9.0,30.2,0.71,2,0.96,22.44,-4.4,24.19,35.75,0.24
6669.TW DLO 1810.HK UBER ADYEN,10.9,31.9,0.8,2,1.13,22.44,-5.1,23.74,36.67,0.86
NU 300750.SZ DLO PAX AVGO,11.3,33.7,0.73,3,0.95,22.44,-0.99,23.06,36.2,2.12
NU 300750.SZ DLO AVGO ADYEN,14.4,35.4,0.82,3,1.13,22.44,-1.62,22.59,37.11,2.71
FLUT 300750.SZ PAX RHM UBER,11.0,37.2,0.76,1,1.16,22.43,-4.2,23.69,36.42,1.02
FLUT 300750.SZ RHM UBER ADYEN,13.9,38.9,0.85,1,1.34,22.43,-4.89,23.24,37.33,1.63
VTEX 1810.HK RHM NVDA UBER,16.9,44.0,0.93,1,1.44,22.43,-6.76,21.6,40.15,1.1
FLUT 300750.SZ PAX 1810.HK UBER,10.8,36.0,0.75,2,0.87,22.43,-5.81,23.22,37.63,0.14
FLUT 300750.SZ 1810.HK UBER ADYEN,13.6,37.7,0.84,2,1.05,22.43,-6.54,22.76,38.52,0.76
FLUT DLO PAX NVDA ADYEN,11.3,36.5,0.79,3,1.42,22.43,-3.18,23.24,36.72,0.4
6669.TW PAX AVGO UBER RDDT,9.7,34.7,0.77,2,1.32,22.43,-5.62,24.54,35.6,0.4
6669.TW AVGO UBER ADYEN RDDT,11.8,36.4,0.85,2,1.5,22.43,-6.34,24.09,36.53,1.02
VTEX AVGO ORCL NVDA TSM,17.6,41.3,0.98,3,1.56,22.42,-6.96,22.54,38.94,0.69
VTEX 300750.SZ NVDA TSM RDDT,17.1,39.7,0.99,2,1.41,22.42,-7.16,22.39,39.19,0.72
6669.TW 300750.SZ ORCL RHM TSM,11.0,33.9,0.85,2,1.34,22.42,-6.96,25.05,35.22,0.33
6669.TW 1810.HK AVGO RHM TSM,11.9,40.4,0.9,2,1.33,22.42,-5.89,24.43,35.83,1.62
6669.TW 300750.SZ 1810.HK ORCL TSM,10.8,32.6,0.84,2,1.05,22.42,-8.72,24.59,36.47,-0.57
FLUT DLO NVDA TSM RDDT,15.1,41.1,0.94,1,1.53,22.41,-6.46,23.17,37.88,0.14
6669.TW NU AVGO UBER TSM,11.0,38.2,0.84,2,1.19,22.41,-4.68,25.08,34.39,1.37
FLUT ORCL NVDA UBER RDDT,14.5,42.2,0.88,2,1.64,22.41,-10.33,22.92,39.33,-1.58
6669.TW PAX RHM NVDA RDDT,9.7,38.6,0.8,2,1.67,22.41,-6.18,24.52,35.77,-0.35
6669.TW RHM NVDA ADYEN RDDT,12.0,40.3,0.89,2,1.85,22.41,-6.93,24.07,36.7,0.28
VTEX PAX UBER ADYEN RDDT,13.5,27.7,0.84,2,1.41,22.41,-4.21,22.66,37.85,1.66
6669.TW PAX 1810.HK NVDA RDDT,9.6,37.4,0.79,2,1.39,22.41,-7.9,24.06,37.01,-1.27
6669.TW 1810.HK NVDA ADYEN RDDT,11.7,39.1,0.87,2,1.56,22.41,-8.69,23.6,37.9,-0.62
VTEX PAX 1810.HK RHM TSM,13.7,31.6,0.89,1,1.24,22.4,-3.78,23.02,37.17,2.26
VTEX 1810.HK RHM TSM ADYEN,18.5,33.3,0.98,1,1.42,22.4,-4.47,22.55,38.06,2.84
VTEX 300750.SZ AVGO NVDA TSM,16.7,44.4,0.98,2,1.29,22.4,-5.51,22.28,38.77,1.49
6669.TW NU RHM NVDA TSM,11.1,42.1,0.87,2,1.54,22.4,-5.23,25.06,34.56,0.64
NU VTEX PAX UBER TSM,12.5,29.5,0.83,2,1.1,22.4,-2.65,23.69,35.77,2.01
NU VTEX UBER TSM ADYEN,16.3,31.2,0.92,2,1.27,22.4,-3.31,23.23,36.69,2.59
6669.TW NU 1810.HK NVDA TSM,10.9,40.8,0.86,2,1.25,22.39,-6.9,24.6,35.83,-0.25
NU DLO PAX RHM RDDT,12.4,30.3,0.77,3,1.41,22.39,-1.85,23.24,36.13,2.08
NU DLO RHM ADYEN RDDT,16.2,32.0,0.86,3,1.58,22.39,-2.49,22.77,37.05,2.67
6669.TW DLO NVDA UBER RDDT,11.1,39.5,0.84,2,1.47,22.39,-7.17,23.65,37.34,-0.62
FLUT DLO AVGO NVDA TSM,14.8,45.9,0.93,2,1.41,22.39,-4.84,23.06,37.44,0.92
NU DLO PAX 1810.HK RDDT,12.1,29.0,0.76,3,1.12,22.39,-3.34,22.76,37.35,1.23
NU DLO 1810.HK ADYEN RDDT,15.7,30.7,0.85,3,1.29,22.39,-4.02,22.29,38.24,1.83
FLUT AVGO ORCL NVDA UBER,14.2,46.9,0.87,3,1.53,22.39,-8.5,22.82,38.9,-0.76
6669.TW PAX AVGO RHM NVDA,9.6,43.3,0.79,3,1.56,22.39,-4.58,24.42,35.31,0.44
6669.TW AVGO RHM NVDA ADYEN,11.8,45.0,0.88,3,1.73,22.39,-5.28,23.97,36.24,1.05
6669.TW 300750.SZ PAX ORCL NVDA,8.8,35.6,0.73,3,1.28,22.38,-7.29,24.58,35.96,-1.83
VTEX PAX AVGO UBER ADYEN,13.3,32.4,0.84,2,1.29,22.38,-2.7,22.56,37.41,2.41
6669.TW 300750.SZ ORCL NVDA ADYEN,10.6,37.3,0.82,3,1.45,22.38,-8.06,24.13,36.88,-1.18
FLUT 300750.SZ NVDA UBER RDDT,13.9,45.3,0.88,1,1.38,22.38,-8.71,22.67,39.16,-0.72
VTEX DLO RHM UBER TSM,17.1,33.8,0.94,1,1.32,22.38,-3.13,22.6,37.49,2.84
6669.TW PAX 1810.HK AVGO NVDA,9.5,42.1,0.78,3,1.27,22.38,-6.21,23.96,36.56,-0.45
6669.TW 1810.HK AVGO NVDA ADYEN,11.5,43.8,0.87,3,1.45,22.38,-6.95,23.5,37.46,0.18
FLUT PAX ORCL TSM RDDT,12.0,29.9,0.83,1,1.45,22.38,-7.0,24.3,36.29,-0.32
FLUT ORCL TSM ADYEN RDDT,15.6,31.6,0.92,1,1.62,22.38,-7.77,23.85,37.2,0.31
VTEX DLO 1810.HK UBER TSM,16.6,32.5,0.93,1,1.03,22.38,-4.69,22.12,38.68,2.01
VTEX AVGO UBER TSM RDDT,18.8,37.0,0.99,2,1.4,22.37,-5.92,22.48,38.55,2.17
VTEX PAX RHM NVDA ADYEN,13.5,36.3,0.87,2,1.64,22.37,-3.21,22.54,37.57,1.7
NU DLO PAX AVGO RHM,12.2,35.0,0.77,3,1.29,22.37,-0.44,23.13,35.68,2.82
NU DLO AVGO RHM ADYEN,15.9,36.7,0.85,3,1.47,22.37,-1.06,22.67,36.6,3.39
6669.TW DLO AVGO NVDA UBER,11.0,44.2,0.83,3,1.35,22.37,-5.51,23.55,36.89,0.18
NU 300750.SZ DLO PAX ORCL,11.0,27.2,0.71,3,1.01,22.37,-2.81,23.3,36.32,0.71
NU 300750.SZ DLO ORCL ADYEN,13.8,28.9,0.8,3,1.19,22.37,-3.48,22.84,37.23,1.31
VTEX PAX 1810.HK NVDA ADYEN,13.1,35.0,0.86,2,1.36,22.36,-4.77,22.05,38.76,0.84
NU DLO PAX 1810.HK AVGO,11.9,33.7,0.75,3,1.0,22.36,-1.87,22.66,36.91,1.99
NU DLO 1810.HK AVGO ADYEN,15.4,35.4,0.84,3,1.18,22.36,-2.52,22.19,37.81,2.58
FLUT PAX 1810.HK RHM UBER,11.6,37.3,0.78,2,1.21,22.36,-5.17,23.3,37.13,0.88
FLUT 1810.HK RHM UBER ADYEN,14.8,38.9,0.87,2,1.39,22.36,-5.88,22.83,38.02,1.49
6669.TW DLO PAX TSM RDDT,9.6,27.2,0.79,2,1.27,22.36,-4.15,25.0,34.16,0.6
6669.TW DLO TSM ADYEN RDDT,11.8,28.9,0.88,2,1.45,22.36,-4.85,24.56,35.11,1.21
FLUT 300750.SZ AVGO NVDA UBER,13.7,50.0,0.87,2,1.27,22.36,-6.97,22.57,38.73,0.08
6669.TW PAX ORCL UBER RDDT,9.4,28.3,0.74,2,1.38,22.36,-7.73,24.77,35.73,-1.09
6669.TW ORCL UBER ADYEN RDDT,11.4,29.9,0.83,2,1.56,22.36,-8.51,24.32,36.65,-0.45
FLUT PAX AVGO ORCL TSM,11.9,34.6,0.83,2,1.33,22.36,-5.36,24.2,35.84,0.47
FLUT AVGO ORCL TSM ADYEN,15.3,36.3,0.92,2,1.51,22.36,-6.08,23.74,36.76,1.08
VTEX RHM NVDA TSM RDDT,19.1,40.9,1.02,2,1.75,22.35,-6.49,22.46,38.71,1.45
FLUT 300750.SZ PAX TSM RDDT,11.6,33.0,0.83,1,1.18,22.35,-5.55,24.05,36.11,0.51
FLUT 300750.SZ TSM ADYEN RDDT,14.9,34.6,0.92,1,1.36,22.35,-6.28,23.6,37.02,1.12
VTEX 1810.HK NVDA TSM RDDT,18.5,39.7,1.01,2,1.46,22.35,-8.23,21.98,39.86,0.58
VTEX DLO PAX NVDA UBER,12.4,35.5,0.82,2,1.26,22.35,-3.43,22.1,38.2,0.84
VTEX DLO NVDA UBER ADYEN,16.2,37.2,0.91,2,1.44,22.35,-4.11,21.63,39.07,1.45
6669.TW 1810.HK ORCL RHM TSM,11.5,33.9,0.87,2,1.39,22.35,-8.02,24.67,35.95,0.18
6669.TW NU ORCL UBER TSM,10.6,31.7,0.81,2,1.25,22.34,-6.73,25.31,34.52,-0.08
300750.SZ DLO AVGO ORCL RDDT,15.6,34.8,0.87,2,1.31,22.34,-6.1,22.09,39.07,0.87
6669.TW DLO PAX AVGO TSM,9.5,31.9,0.79,2,1.15,22.34,-2.64,24.9,33.68,1.37
6669.TW DLO AVGO TSM ADYEN,11.6,33.6,0.88,2,1.33,22.34,-3.31,24.46,34.64,1.97
6669.TW PAX AVGO ORCL UBER,9.3,33.0,0.73,3,1.27,22.33,-6.04,24.67,35.27,-0.28
6669.TW AVGO ORCL UBER ADYEN,11.2,34.6,0.82,3,1.44,22.33,-6.78,24.22,36.2,0.35
6669.TW 300750.SZ PAX UBER RDDT,9.1,31.3,0.74,1,1.12,22.33,-6.24,24.53,35.55,-0.24
6669.TW 300750.SZ UBER ADYEN RDDT,11.0,33.0,0.83,1,1.3,22.33,-6.98,24.08,36.47,0.38
VTEX AVGO RHM NVDA TSM,18.7,45.6,1.01,2,1.63,22.33,-4.87,22.36,38.27,2.2
FLUT 300750.SZ PAX AVGO TSM,11.5,37.7,0.82,1,1.07,22.33,-3.97,23.95,35.65,1.28
FLUT 300750.SZ AVGO TSM ADYEN,14.7,39.3,0.91,1,1.24,22.33,-4.67,23.5,36.58,1.88
VTEX 300750.SZ ORCL NVDA TSM,15.9,37.9,0.95,2,1.35,22.33,-7.61,22.53,38.88,0.05
VTEX 1810.HK AVGO NVDA TSM,18.0,44.4,1.0,2,1.35,22.33,-6.52,21.87,39.44,1.35
6669.TW 300750.SZ 1810.HK RHM TSM,11.1,37.0,0.87,1,1.13,22.32,-6.52,24.42,35.77,1.0
FLUT DLO ORCL NVDA TSM,14.2,39.4,0.9,2,1.47,22.32,-6.9,23.3,37.56,-0.55
NU DLO AVGO NVDA RDDT,15.8,43.0,0.89,2,1.51,22.32,-4.42,22.1,38.46,1.17
VTEX DLO PAX TSM ADYEN,13.2,24.8,0.86,3,1.24,22.32,-1.36,23.05,36.02,2.59
6669.TW PAX ORCL RHM NVDA,9.3,36.8,0.76,3,1.62,22.32,-6.62,24.65,35.44,-1.05
6669.TW NU 300750.SZ UBER TSM,10.3,34.8,0.81,1,0.98,22.32,-5.29,25.07,34.33,0.74
6669.TW ORCL RHM NVDA ADYEN,11.4,38.5,0.85,3,1.79,22.32,-7.37,24.2,36.37,-0.41
FLUT RHM NVDA UBER RDDT,15.2,46.5,0.91,1,1.72,22.32,-8.01,22.74,38.67,0.04
VTEX PAX ORCL UBER ADYEN,12.8,25.9,0.81,2,1.35,22.32,-4.62,22.8,37.53,1.0
6669.TW PAX 1810.HK ORCL NVDA,9.2,35.6,0.75,3,1.33,22.31,-8.36,24.19,36.68,-1.99
6669.TW 1810.HK ORCL NVDA ADYEN,11.1,37.3,0.84,3,1.51,22.31,-9.16,23.74,37.58,-1.33
FLUT 1810.HK NVDA UBER RDDT,14.8,45.3,0.9,2,1.43,22.31,-9.84,22.26,39.83,-0.87
6669.TW 300750.SZ PAX AVGO UBER,9.0,36.0,0.73,2,1.01,22.31,-4.63,24.43,35.08,0.55
6669.TW 300750.SZ AVGO UBER ADYEN,10.9,37.7,0.82,2,1.18,22.31,-5.34,23.98,36.02,1.16
VTEX ORCL UBER TSM RDDT,17.8,30.6,0.96,2,1.46,22.3,-8.05,22.73,38.66,0.75
NU DLO PAX ORCL RHM,11.7,28.5,0.74,3,1.35,22.3,-2.23,23.37,35.8,1.43
NU DLO ORCL RHM ADYEN,15.1,30.2,0.83,3,1.53,22.3,-2.88,22.91,36.72,2.03
6669.TW DLO ORCL NVDA UBER,10.6,37.7,0.81,3,1.41,22.3,-7.62,23.79,37.01,-1.33
NU DLO PAX 1810.HK ORCL,11.5,27.2,0.73,3,1.06,22.29,-3.74,22.9,37.03,0.56
NU DLO 1810.HK ORCL ADYEN,14.7,28.9,0.82,3,1.24,22.29,-4.43,22.43,37.93,1.18
FLUT 300750.SZ DLO NVDA TSM,13.6,42.4,0.9,1,1.21,22.29,-5.45,23.05,37.38,0.28
FLUT AVGO RHM NVDA UBER,14.9,51.2,0.9,2,1.61,22.29,-6.31,22.64,38.24,0.82
FLUT 300750.SZ ORCL NVDA UBER,13.1,43.5,0.85,2,1.33,22.29,-9.18,22.81,38.85,-1.43
6669.TW 300750.SZ PAX RHM NVDA,9.1,39.9,0.76,2,1.36,22.29,-5.18,24.41,35.25,-0.21
6669.TW 300750.SZ RHM NVDA ADYEN,11.0,41.6,0.85,2,1.53,22.29,-5.9,23.96,36.19,0.42
VTEX 300750.SZ PAX UBER ADYEN,12.3,29.0,0.81,2,1.09,22.29,-3.26,22.55,37.35,1.8
FLUT 1810.HK AVGO NVDA UBER,14.5,50.0,0.89,2,1.32,22.29,-8.03,22.16,39.4,-0.06
6669.TW 300750.SZ PAX 1810.HK NVDA,8.9,38.7,0.75,2,1.07,22.29,-6.85,23.95,36.5,-1.12
6669.TW 300750.SZ 1810.HK NVDA ADYEN,10.8,40.4,0.84,2,1.24,22.29,-7.61,23.49,37.41,-0.47
FLUT PAX RHM TSM RDDT,12.5,34.2,0.86,1,1.52,22.29,-4.91,24.13,35.59,1.24
FLUT RHM TSM ADYEN RDDT,16.4,35.9,0.95,1,1.7,22.29,-5.63,23.67,36.51,1.83
NU PAX AVGO ORCL RDDT,12.5,31.7,0.78,2,1.43,22.29,-4.93,23.26,36.89,0.73
NU AVGO ORCL ADYEN RDDT,16.5,33.4,0.87,2,1.6,22.29,-5.64,22.79,37.79,1.34
FLUT PAX 1810.HK TSM RDDT,12.2,33.0,0.85,2,1.24,22.28,-6.56,23.66,36.82,0.36
FLUT 1810.HK TSM ADYEN RDDT,16.0,34.7,0.94,2,1.41,22.28,-7.31,23.2,37.72,0.98
FLUT DLO PAX UBER ADYEN,11.2,30.5,0.76,3,1.21,22.28,-2.64,23.32,35.98,1.23
VTEX AVGO ORCL UBER TSM,17.4,35.3,0.95,2,1.34,22.28,-6.35,22.62,38.23,1.52
VTEX 300750.SZ UBER TSM RDDT,16.9,33.6,0.96,2,1.2,22.27,-6.55,22.47,38.49,1.55
DLO AVGO ORCL RHM RDDT,17.2,36.1,0.9,2,1.65,22.27,-5.45,22.16,38.58,1.59
NU 300750.SZ DLO PAX RHM,11.3,31.6,0.74,3,1.09,22.27,-0.97,23.12,35.62,2.22
NU 300750.SZ DLO RHM ADYEN,14.5,33.2,0.83,3,1.26,22.27,-1.6,22.66,36.54,2.8
6669.TW 300750.SZ DLO NVDA UBER,10.3,40.8,0.81,2,1.15,22.27,-6.14,23.54,36.83,-0.47
DLO 1810.HK AVGO ORCL RDDT,16.7,34.8,0.89,2,1.37,22.27,-7.13,21.67,39.73,0.73
NU 300750.SZ DLO PAX 1810.HK,11.1,30.3,0.73,3,0.8,22.27,-2.42,22.65,36.85,1.37
NU 300750.SZ DLO 1810.HK ADYEN,14.1,32.0,0.81,3,0.98,22.27,-3.08,22.18,37.75,1.97
6669.TW DLO PAX ORCL TSM,9.2,25.4,0.76,2,1.21,22.27,-4.56,25.13,33.81,-0.08
6669.TW DLO ORCL TSM ADYEN,11.2,27.1,0.85,2,1.39,22.27,-5.27,24.69,34.77,0.54
FLUT DLO UBER TSM RDDT,14.9,35.1,0.91,1,1.32,22.27,-5.86,23.25,37.15,0.98
6669.TW PAX RHM UBER RDDT,9.7,32.6,0.77,1,1.46,22.26,-5.59,24.6,35.02,0.5
6669.TW RHM UBER ADYEN RDDT,11.8,34.3,0.86,1,1.64,22.26,-6.32,24.15,35.95,1.11
FLUT PAX AVGO RHM TSM,12.3,38.9,0.86,1,1.41,22.26,-3.37,24.02,35.12,1.99
FLUT AVGO RHM TSM ADYEN,16.1,40.6,0.94,1,1.58,22.26,-4.05,23.57,36.06,2.58
VTEX ORCL RHM NVDA TSM,17.7,39.1,0.98,2,1.69,22.26,-6.93,22.6,38.39,0.79
FLUT 300750.SZ PAX ORCL TSM,11.1,31.2,0.8,1,1.13,22.26,-5.98,24.19,35.78,-0.18
FLUT 300750.SZ ORCL TSM ADYEN,14.0,32.9,0.89,1,1.3,22.26,-6.71,23.73,36.7,0.45
6669.TW PAX 1810.HK UBER RDDT,9.5,31.3,0.76,1,1.17,22.26,-7.28,24.14,36.27,-0.39
6669.TW 1810.HK UBER ADYEN RDDT,11.6,33.0,0.85,1,1.35,22.26,-8.05,23.69,37.18,0.24
NU 300750.SZ PAX AVGO RDDT,12.1,34.8,0.78,2,1.17,22.26,-3.57,23.01,36.71,1.53
NU 300750.SZ AVGO ADYEN RDDT,15.7,36.5,0.87,2,1.34,22.26,-4.25,22.54,37.61,2.12
FLUT PAX 1810.HK AVGO TSM,12.0,37.7,0.84,2,1.12,22.26,-4.94,23.56,36.37,1.14
FLUT 1810.HK AVGO TSM ADYEN,15.6,39.4,0.93,2,1.3,22.26,-5.65,23.1,37.28,1.74
VTEX 1810.HK ORCL NVDA TSM,17.1,37.9,0.97,2,1.41,22.26,-8.69,22.12,39.55,-0.1
FLUT PAX NVDA ADYEN RDDT,12.1,37.6,0.83,2,1.64,22.25,-5.95,23.19,37.23,-0.23
VTEX 300750.SZ AVGO UBER TSM,16.5,38.3,0.95,1,1.08,22.25,-4.92,22.37,38.06,2.3
6669.TW NU RHM UBER TSM,11.0,36.1,0.84,1,1.32,22.25,-4.66,25.14,33.78,1.47
NU DLO ORCL NVDA RDDT,15.1,36.5,0.86,2,1.57,22.25,-6.45,22.34,38.58,-0.29
300750.SZ DLO AVGO RHM RDDT,16.4,39.1,0.9,1,1.39,22.25,-4.06,21.9,38.4,2.37
6669.TW NU 1810.HK UBER TSM,10.8,34.8,0.83,1,1.04,22.25,-6.29,24.68,35.07,0.6
FLUT DLO AVGO UBER TSM,14.6,39.8,0.9,1,1.2,22.24,-4.27,23.15,36.71,1.74
300750.SZ DLO 1810.HK AVGO RDDT,15.9,37.9,0.89,1,1.1,22.24,-5.67,21.41,39.57,1.53
6669.TW 300750.SZ DLO PAX TSM,9.0,28.5,0.76,2,0.95,22.24,-3.21,24.89,33.62,0.74
6669.TW 300750.SZ DLO TSM ADYEN,10.8,30.2,0.85,2,1.13,22.24,-3.89,24.45,34.58,1.35
6669.TW PAX AVGO RHM UBER,9.5,37.3,0.76,2,1.35,22.24,-4.01,24.5,34.55,1.27
6669.TW AVGO RHM UBER ADYEN,11.7,39.0,0.85,2,1.52,22.24,-4.71,24.05,35.49,1.87
NU FLUT PAX NVDA TSM,11.2,39.4,0.82,2,1.33,22.24,-4.31,24.2,35.12,0.14
NU FLUT NVDA TSM ADYEN,14.2,41.1,0.9,2,1.5,22.24,-5.0,23.74,36.06,0.76
6669.TW 300750.SZ PAX ORCL UBER,8.8,29.6,0.7,2,1.07,22.24,-6.68,24.66,35.21,-0.94
6669.TW 300750.SZ ORCL UBER ADYEN,10.5,31.2,0.79,2,1.24,22.24,-7.43,24.21,36.14,-0.3
6669.TW PAX 1810.HK AVGO UBER,9.4,36.1,0.75,2,1.06,22.23,-5.62,24.04,35.81,0.4
6669.TW 1810.HK AVGO UBER ADYEN,11.4,37.7,0.84,2,1.23,22.23,-6.34,23.58,36.73,1.02
VTEX 300750.SZ RHM NVDA TSM,16.8,42.2,0.98,1,1.43,22.23,-5.48,22.35,38.22,1.59
VTEX 300750.SZ 1810.HK NVDA TSM,16.3,41.0,0.97,1,1.14,22.23,-7.16,21.86,39.39,0.72
FLUT PAX AVGO NVDA ADYEN,11.9,42.3,0.82,2,1.52,22.23,-4.35,23.08,36.78,0.56
FLUT DLO RHM NVDA TSM,14.8,43.7,0.93,1,1.55,22.23,-4.81,23.13,36.87,1.02
NU DLO AVGO ORCL NVDA,14.8,41.2,0.85,3,1.46,22.23,-4.83,22.24,38.14,0.5
FLUT ORCL RHM NVDA UBER,14.3,44.7,0.88,2,1.67,22.22,-8.47,22.88,38.36,-0.65
NU 300750.SZ DLO NVDA RDDT,14.5,39.6,0.86,2,1.31,22.22,-5.02,22.08,38.4,0.54
FLUT DLO 1810.HK NVDA TSM,14.4,42.5,0.92,2,1.26,22.22,-6.46,22.65,38.07,0.14
VTEX PAX RHM UBER ADYEN,13.3,30.2,0.84,2,1.43,22.22,-2.67,22.62,36.84,2.5
FLUT 1810.HK ORCL NVDA UBER,13.9,43.5,0.87,2,1.38,22.22,-10.33,22.4,39.52,-1.58
6669.TW PAX 1810.HK RHM NVDA,9.5,39.9,0.78,2,1.41,22.22,-6.18,24.02,35.98,-0.35
6669.TW 1810.HK RHM NVDA ADYEN,11.5,41.6,0.87,2,1.58,22.22,-6.93,23.56,36.9,0.28
VTEX PAX 1810.HK UBER ADYEN,13.0,29.0,0.83,2,1.14,22.22,-4.21,22.14,38.05,1.66
6669.TW NU PAX NVDA UBER,8.9,37.8,0.72,2,1.26,22.21,-4.97,24.67,34.55,-0.62
6669.TW NU NVDA UBER ADYEN,10.7,39.4,0.81,2,1.44,22.21,-5.68,24.22,35.49,0.01
FLUT AVGO NVDA TSM RDDT,16.1,47.0,0.98,2,1.63,22.21,-7.76,23.01,37.94,0.3
VTEX RHM UBER TSM RDDT,18.8,34.9,0.99,2,1.54,22.21,-5.89,22.55,37.99,2.26
6669.TW DLO RHM NVDA UBER,11.0,42.1,0.84,2,1.49,22.2,-5.49,23.61,36.32,0.28
VTEX 1810.HK UBER TSM RDDT,18.2,33.6,0.98,2,1.25,22.2,-7.6,22.06,39.17,1.41
NU DLO PAX 1810.HK RHM,11.9,31.6,0.76,3,1.14,22.2,-1.85,22.72,36.34,2.08
NU DLO 1810.HK RHM ADYEN,15.4,33.3,0.85,3,1.32,22.2,-2.49,22.25,37.25,2.67
6669.TW DLO 1810.HK NVDA UBER,10.8,40.8,0.83,2,1.2,22.2,-7.17,23.14,37.53,-0.62
NU 300750.SZ DLO AVGO NVDA,14.2,44.3,0.85,2,1.19,22.2,-3.47,21.98,37.97,1.31
FLUT 300750.SZ RHM NVDA UBER,13.7,47.8,0.87,1,1.4,22.2,-6.95,22.63,38.18,0.18
FLUT PAX ORCL RHM TSM,11.9,32.4,0.83,1,1.47,22.19,-5.33,24.26,35.25,0.57
FLUT ORCL RHM TSM ADYEN,15.3,34.1,0.92,1,1.64,22.19,-6.05,23.81,36.18,1.18
FLUT 300750.SZ 1810.HK NVDA UBER,13.3,46.6,0.86,2,1.12,22.19,-8.71,22.15,39.35,-0.72
NU PAX AVGO RHM RDDT,13.0,36.1,0.81,2,1.51,22.19,-2.97,23.08,36.2,2.24
NU AVGO RHM ADYEN RDDT,17.4,37.8,0.9,2,1.68,22.19,-3.64,22.61,37.11,2.82
6669.TW AVGO NVDA UBER RDDT,11.7,45.3,0.88,3,1.57,22.19,-8.5,23.49,37.4,-0.45
NU 300750.SZ PAX ORCL RDDT,11.7,28.3,0.75,2,1.23,22.19,-5.54,23.25,36.83,0.09
NU 300750.SZ ORCL ADYEN RDDT,15.0,30.0,0.84,2,1.4,22.19,-6.27,22.78,37.74,0.71
FLUT PAX 1810.HK ORCL TSM,11.6,31.2,0.82,2,1.18,22.19,-7.0,23.79,36.49,-0.32
FLUT 1810.HK ORCL TSM ADYEN,14.9,32.9,0.91,2,1.36,22.19,-7.77,23.34,37.4,0.31
NU PAX 1810.HK AVGO RDDT,12.7,34.8,0.8,2,1.22,22.19,-4.52,22.6,37.42,1.39
NU 1810.HK AVGO ADYEN RDDT,16.8,36.5,0.89,2,1.39,22.19,-5.22,22.13,38.3,1.99
6669.TW NU PAX TSM ADYEN,9.3,27.1,0.76,3,1.24,22.18,-2.8,25.55,32.18,1.21
VTEX AVGO RHM UBER TSM,18.4,39.6,0.98,1,1.42,22.18,-4.3,22.44,37.56,2.99
VTEX 300750.SZ ORCL UBER TSM,15.7,31.8,0.92,1,1.14,22.18,-6.99,22.61,38.18,0.89
VTEX 1810.HK AVGO UBER TSM,17.8,38.4,0.97,1,1.13,22.18,-5.92,21.96,38.74,2.17
300750.SZ DLO ORCL RHM RDDT,15.6,32.6,0.87,1,1.45,22.18,-6.07,22.15,38.52,0.97
DLO 1810.HK AVGO RHM RDDT,17.6,39.2,0.92,1,1.44,22.17,-5.03,21.49,39.08,2.24
FLUT DLO ORCL UBER TSM,14.0,33.3,0.87,1,1.26,22.17,-6.29,23.38,36.83,0.31
300750.SZ DLO 1810.HK ORCL RDDT,15.2,31.4,0.86,1,1.16,22.17,-7.78,21.66,39.68,0.09
6669.TW DLO PAX RHM TSM,9.5,29.7,0.79,2,1.29,22.17,-2.62,24.96,33.06,1.47
6669.TW DLO RHM TSM ADYEN,11.6,31.4,0.88,2,1.47,22.17,-3.28,24.52,34.04,2.06
VTEX PAX NVDA UBER RDDT,13.3,36.6,0.87,2,1.48,22.17,-6.22,22.05,38.69,0.22
VTEX NVDA UBER ADYEN RDDT,17.8,38.3,0.96,2,1.65,22.17,-6.96,21.57,39.56,0.84
NU DLO AVGO UBER RDDT,15.6,37.0,0.86,2,1.3,22.17,-3.86,22.18,37.74,1.99
6669.TW PAX ORCL RHM UBER,9.3,30.8,0.73,2,1.41,22.17,-6.02,24.73,34.68,-0.18
6669.TW ORCL RHM UBER ADYEN,11.3,32.5,0.82,2,1.58,22.17,-6.76,24.28,35.62,0.44
6669.TW DLO PAX 1810.HK TSM,9.3,28.5,0.78,2,1.0,22.17,-4.15,24.51,34.37,0.6
6669.TW DLO 1810.HK TSM ADYEN,11.4,30.2,0.87,2,1.18,22.17,-4.85,24.06,35.32,1.21
FLUT 300750.SZ PAX RHM TSM,11.5,35.5,0.83,1,1.21,22.17,-3.95,24.01,35.06,1.37
FLUT 300750.SZ RHM TSM ADYEN,14.7,37.2,0.92,1,1.38,22.17,-4.64,23.56,36.0,1.97
6669.TW PAX 1810.HK ORCL UBER,9.1,29.6,0.72,2,1.12,22.17,-7.73,24.27,35.94,-1.09
6669.TW 1810.HK ORCL UBER ADYEN,11.0,31.3,0.81,2,1.29,22.17,-8.51,23.82,36.85,-0.45
NU 300750.SZ PAX AVGO ORCL,11.5,33.0,0.75,2,1.11,22.16,-3.97,23.14,36.38,0.87
NU 300750.SZ AVGO ORCL ADYEN,14.7,34.7,0.84,2,1.29,22.16,-4.66,22.68,37.29,1.47
VTEX 1810.HK RHM NVDA TSM,18.1,42.2,1.0,1,1.48,22.16,-6.49,21.94,38.9,1.45
FLUT 300750.SZ PAX 1810.HK TSM,11.2,34.3,0.82,2,0.92,22.16,-5.55,23.55,36.31,0.51
FLUT 300750.SZ 1810.HK TSM ADYEN,14.3,36.0,0.9,2,1.09,22.16,-6.28,23.09,37.22,1.12
6669.TW PAX AVGO TSM RDDT,10.0,33.0,0.83,2,1.37,22.16,-5.36,24.85,34.22,0.76
6669.TW AVGO TSM ADYEN RDDT,12.4,34.7,0.92,2,1.55,22.16,-6.08,24.41,35.18,1.37
NU VTEX NVDA UBER TSM,16.0,40.1,0.94,1,1.34,22.16,-5.27,22.62,37.56,1.19
FLUT PAX ORCL NVDA ADYEN,11.5,35.8,0.8,2,1.58,22.16,-6.38,23.32,36.91,-0.93
NU DLO RHM NVDA RDDT,15.9,40.9,0.89,2,1.65,22.15,-4.39,22.16,37.9,1.27
300750.SZ DLO AVGO ORCL RHM,15.3,37.4,0.86,2,1.34,22.15,-4.47,22.04,38.09,1.73
NU DLO 1810.HK NVDA RDDT,15.4,39.6,0.88,2,1.36,22.15,-6.02,21.67,39.08,0.4
300750.SZ DLO 1810.HK AVGO ORCL,14.9,36.1,0.85,2,1.05,22.15,-6.1,21.55,39.26,0.87
VTEX PAX AVGO NVDA UBER,13.1,41.3,0.86,2,1.36,22.15,-4.61,21.94,38.26,1.0
VTEX AVGO NVDA UBER ADYEN,17.4,43.0,0.95,2,1.54,22.15,-5.32,21.46,39.13,1.6
FLUT 300750.SZ DLO UBER TSM,13.4,36.4,0.87,1,1.0,22.15,-4.87,23.14,36.65,1.12
FLUT ORCL NVDA TSM RDDT,15.3,40.5,0.95,2,1.69,22.14,-10.03,23.25,38.06,-1.2
6669.TW 300750.SZ PAX RHM UBER,9.0,33.9,0.73,1,1.14,22.14,-4.61,24.49,34.49,0.64
6669.TW 300750.SZ RHM UBER ADYEN,10.9,35.6,0.82,1,1.32,22.14,-5.31,24.04,35.43,1.25
VTEX PAX TSM ADYEN RDDT,14.3,25.9,0.91,2,1.46,22.14,-3.96,22.99,36.54,2.01
6669.TW 300750.SZ PAX 1810.HK UBER,8.9,32.6,0.72,1,0.86,22.14,-6.24,24.03,35.75,-0.24
6669.TW 300750.SZ 1810.HK UBER ADYEN,10.7,34.3,0.81,1,1.03,22.14,-6.98,23.57,36.67,0.38
6669.TW DLO PAX NVDA ADYEN,9.2,33.1,0.76,3,1.41,22.14,-3.58,24.04,34.8,0.01
FLUT 300750.SZ PAX NVDA ADYEN,11.1,38.9,0.8,2,1.32,22.13,-4.95,23.07,36.73,-0.08
NU DLO AVGO RHM NVDA,15.5,45.6,0.88,2,1.53,22.13,-2.87,22.05,37.46,2.02
NU 300750.SZ DLO ORCL NVDA,13.6,37.8,0.82,2,1.25,22.13,-5.44,22.22,38.09,-0.14
NU DLO 1810.HK AVGO NVDA,15.1,44.3,0.87,2,1.25,22.13,-4.42,21.56,38.65,1.17
FLUT 1810.HK RHM NVDA UBER,14.5,47.8,0.89,2,1.46,22.12,-8.01,22.22,38.86,0.04
6669.TW DLO NVDA TSM RDDT,11.6,37.8,0.91,2,1.51,22.12,-6.9,23.97,36.01,-0.25
NU PAX ORCL RHM RDDT,12.5,29.6,0.79,2,1.57,22.12,-4.91,23.32,36.32,0.82
NU ORCL RHM ADYEN RDDT,16.5,31.3,0.87,2,1.74,22.12,-5.62,22.86,37.23,1.43
6669.TW ORCL NVDA UBER RDDT,11.3,38.8,0.85,3,1.63,22.12,-10.83,23.73,37.52,-1.99
FLUT AVGO ORCL NVDA TSM,15.0,45.2,0.94,3,1.57,22.12,-8.22,23.15,37.62,-0.38
NU PAX 1810.HK ORCL RDDT,12.3,28.3,0.77,2,1.28,22.12,-6.55,22.84,37.54,-0.06
NU 1810.HK ORCL ADYEN RDDT,16.0,30.0,0.86,2,1.45,22.12,-7.31,22.38,38.42,0.56
VTEX PAX AVGO TSM ADYEN,14.0,30.7,0.9,2,1.34,22.12,-2.46,22.89,36.08,2.75
FLUT 300750.SZ NVDA TSM RDDT,14.7,43.5,0.95,1,1.43,22.12,-8.43,23.0,37.88,-0.35
VTEX ORCL RHM UBER TSM,17.4,33.1,0.96,1,1.48,22.11,-6.32,22.69,37.68,1.61
VTEX 1810.HK ORCL UBER TSM,16.9,31.9,0.94,1,1.19,22.11,-8.05,22.2,38.86,0.75
DLO 1810.HK ORCL RHM RDDT,16.7,32.7,0.89,1,1.5,22.1,-7.1,21.74,39.2,0.82
FLUT PAX UBER ADYEN RDDT,12.0,31.6,0.8,2,1.43,22.1,-5.36,23.27,36.5,0.62
NU DLO ORCL UBER RDDT,14.9,30.5,0.83,2,1.36,22.1,-5.85,22.42,37.86,0.56
6669.TW DLO AVGO NVDA TSM,11.4,42.5,0.9,3,1.4,22.1,-5.26,23.87,35.55,0.54
NU PAX AVGO ORCL RHM,12.3,34.3,0.78,2,1.45,22.1,-3.36,23.22,35.86,1.59
NU AVGO ORCL RHM ADYEN,16.1,36.0,0.87,2,1.63,22.1,-4.04,22.75,36.78,2.18
6669.TW AVGO ORCL NVDA UBER,11.1,43.5,0.85,4,1.51,22.1,-8.97,23.63,37.07,-1.16
NU 300750.SZ PAX RHM RDDT,12.1,32.7,0.78,2,1.3,22.09,-3.54,23.07,36.14,1.63
NU 300750.SZ RHM ADYEN RDDT,15.7,34.3,0.87,2,1.48,22.09,-4.23,22.6,37.05,2.22
FLUT PAX 1810.HK RHM TSM,12.1,35.5,0.85,2,1.26,22.09,-4.91,23.62,35.79,1.24
FLUT 1810.HK RHM TSM ADYEN,15.7,37.2,0.94,2,1.43,22.09,-5.63,23.16,36.71,1.83
NU PAX 1810.HK AVGO ORCL,12.1,33.1,0.77,2,1.16,22.09,-4.93,22.74,37.09,0.73
6669.TW 300750.SZ NVDA UBER RDDT,10.9,41.9,0.85,2,1.37,22.09,-9.19,23.48,37.34,-1.12
NU 1810.HK AVGO ORCL ADYEN,15.7,34.7,0.86,2,1.34,22.09,-5.64,22.27,37.99,1.34
FLUT 300750.SZ AVGO NVDA TSM,14.4,48.2,0.94,2,1.31,22.09,-6.71,22.89,37.44,0.44
NU FLUT PAX UBER TSM,11.1,33.3,0.79,2,1.11,22.09,-3.75,24.28,34.35,0.98
NU FLUT UBER TSM ADYEN,14.1,35.0,0.88,2,1.29,22.09,-4.43,23.82,35.3,1.58
NU 300750.SZ PAX 1810.HK RDDT,11.8,31.4,0.77,2,1.02,22.09,-5.12,22.59,37.36,0.76
NU 300750.SZ 1810.HK ADYEN RDDT,15.3,33.1,0.86,2,1.19,22.09,-5.84,22.12,38.25,1.37
6669.TW PAX ORCL TSM RDDT,9.7,26.5,0.81,2,1.43,22.09,-7.45,25.08,34.35,-0.72
6669.TW ORCL TSM ADYEN RDDT,11.9,28.2,0.9,2,1.61,22.09,-8.23,24.64,35.3,-0.08
VTEX 300750.SZ RHM UBER TSM,16.5,36.2,0.95,1,1.22,22.09,-4.9,22.43,37.5,2.39
VTEX 300750.SZ 1810.HK UBER TSM,16.1,34.9,0.94,1,0.93,22.08,-6.55,21.95,38.68,1.55
DLO 1810.HK AVGO ORCL RHM,16.4,37.4,0.88,2,1.39,22.08,-5.45,21.63,38.77,1.59
VTEX DLO PAX NVDA TSM,13.0,33.7,0.89,2,1.31,22.08,-3.19,22.44,36.9,1.19
VTEX DLO NVDA TSM ADYEN,17.3,35.4,0.98,2,1.48,22.08,-3.87,21.96,37.79,1.79
FLUT PAX AVGO UBER ADYEN,11.8,36.3,0.8,2,1.31,22.08,-3.79,23.16,36.04,1.39
FLUT DLO RHM UBER TSM,14.6,37.7,0.9,1,1.34,22.08,-4.25,23.21,36.13,1.83
VTEX PAX ORCL NVDA UBER,12.6,34.8,0.84,2,1.42,22.08,-6.65,22.19,38.38,-0.47
VTEX ORCL NVDA UBER ADYEN,16.5,36.5,0.92,2,1.6,22.08,-7.41,21.71,39.25,0.16
300750.SZ DLO 1810.HK RHM RDDT,15.9,35.7,0.89,1,1.24,22.08,-5.64,21.48,39.03,1.63
NU DLO AVGO ORCL UBER,14.6,35.2,0.82,2,1.24,22.08,-4.26,22.32,37.42,1.34
NU 300750.SZ DLO UBER RDDT,14.3,33.6,0.83,2,1.1,22.07,-4.45,22.17,37.69,1.37
FLUT DLO 1810.HK UBER TSM,14.3,36.4,0.89,2,1.05,22.07,-5.86,22.73,37.35,0.98
6669.TW PAX 1810.HK RHM UBER,9.4,33.9,0.75,1,1.2,22.07,-5.59,24.1,35.23,0.5
6669.TW 1810.HK RHM UBER ADYEN,11.4,35.6,0.84,1,1.37,22.07,-6.32,23.65,36.16,1.11
NU 300750.SZ PAX AVGO RHM,11.9,37.4,0.78,2,1.19,22.07,-2.06,22.96,35.68,2.37
NU 300750.SZ AVGO RHM ADYEN,15.4,39.1,0.86,2,1.36,22.07,-2.71,22.5,36.6,2.95
6669.TW 300750.SZ AVGO NVDA UBER,10.7,46.6,0.84,3,1.25,22.07,-7.42,23.38,36.89,-0.31
NU 300750.SZ PAX 1810.HK AVGO,11.7,36.1,0.76,2,0.9,22.07,-3.57,22.49,36.91,1.53
NU 300750.SZ 1810.HK AVGO ADYEN,15.0,37.8,0.85,2,1.08,22.07,-4.25,22.01,37.81,2.12
6669.TW PAX AVGO ORCL TSM,9.6,31.2,0.8,3,1.31,22.06,-5.78,24.98,33.88,0.08
6669.TW AVGO ORCL TSM ADYEN,11.7,32.9,0.89,3,1.49,22.06,-6.52,24.54,34.84,0.7
FLUT AVGO UBER TSM RDDT,15.9,40.9,0.95,1,1.42,22.06,-7.14,23.09,37.21,1.14
FLUT PAX RHM NVDA ADYEN,11.9,40.1,0.83,2,1.66,22.06,-4.33,23.15,36.21,0.66
6669.TW 300750.SZ PAX TSM RDDT,9.4,29.6,0.8,1,1.17,22.06,-5.98,24.84,34.16,0.12
6669.TW 300750.SZ TSM ADYEN RDDT,11.5,31.3,0.89,1,1.34,22.06,-6.72,24.4,35.12,0.74
NU DLO ORCL RHM NVDA,14.8,39.1,0.85,2,1.59,22.06,-4.81,22.3,37.59,0.6
FLUT PAX 1810.HK NVDA ADYEN,11.7,38.9,0.82,2,1.37,22.06,-5.95,22.67,37.43,-0.23
NU DLO 1810.HK ORCL NVDA,14.5,37.8,0.84,2,1.31,22.06,-6.45,21.81,38.77,-0.29
300750.SZ DLO 1810.HK AVGO RHM,15.6,40.4,0.88,1,1.13,22.05,-4.06,21.37,38.6,2.37
VTEX 300750.SZ PAX NVDA UBER,12.1,37.9,0.83,1,1.16,22.05,-5.21,21.93,38.2,0.36
VTEX 300750.SZ NVDA UBER ADYEN,15.8,39.6,0.92,1,1.34,22.05,-5.93,21.45,39.08,0.98
NU 300750.SZ DLO AVGO UBER,14.0,38.3,0.82,2,0.98,22.05,-2.93,22.06,37.24,2.12
FLUT RHM NVDA TSM RDDT,16.1,44.8,0.98,1,1.77,22.05,-7.73,23.07,37.38,0.4
NU AVGO ORCL NVDA RDDT,16.1,42.3,0.9,3,1.67,22.05,-7.75,22.18,38.63,-0.12
VTEX PAX ORCL TSM ADYEN,13.4,24.2,0.88,2,1.4,22.05,-4.37,23.13,36.21,1.36
FLUT 1810.HK NVDA TSM RDDT,15.7,43.6,0.97,2,1.48,22.04,-9.54,22.59,38.57,-0.49
FLUT DLO PAX NVDA UBER,11.1,39.4,0.78,2,1.28,22.04,-4.55,22.72,36.86,-0.23
FLUT DLO NVDA UBER ADYEN,14.0,41.0,0.87,2,1.46,22.04,-5.26,22.25,37.76,0.4
6669.TW 300750.SZ PAX AVGO TSM,9.3,34.3,0.8,2,1.05,22.04,-4.38,24.74,33.68,0.9
6669.TW 300750.SZ AVGO TSM ADYEN,11.3,36.0,0.89,2,1.23,22.04,-5.09,24.29,34.65,1.51
NU 300750.SZ DLO RHM NVDA,14.2,42.1,0.85,2,1.33,22.03,-3.45,22.04,37.41,1.41
NU 300750.SZ DLO 1810.HK NVDA,13.9,40.9,0.84,2,1.04,22.03,-5.02,21.55,38.6,0.54
6669.TW DLO ORCL NVDA TSM,11.0,36.0,0.88,3,1.46,22.03,-7.35,24.1,35.67,-0.95
6669.TW RHM NVDA UBER RDDT,11.7,43.2,0.88,2,1.71,22.02,-8.47,23.56,36.83,-0.35
FLUT AVGO RHM NVDA TSM,15.8,49.5,0.97,2,1.65,22.02,-6.05,22.97,36.93,1.18
FLUT 300750.SZ ORCL NVDA TSM,13.8,41.8,0.91,2,1.37,22.02,-8.9,23.14,37.56,-1.05
NU PAX 1810.HK RHM RDDT,12.8,32.7,0.8,2,1.36,22.02,-4.49,22.67,36.85,1.49
NU 1810.HK RHM ADYEN RDDT,16.9,34.4,0.89,2,1.53,22.02,-5.2,22.2,37.75,2.08
6669.TW 1810.HK NVDA UBER RDDT,11.4,41.9,0.87,2,1.42,22.02,-10.33,23.09,38.03,-1.27
NU 300750.SZ AVGO NVDA RDDT,15.4,45.4,0.9,2,1.41,22.02,-6.26,21.92,38.46,0.7
VTEX 300750.SZ PAX TSM ADYEN,12.9,27.2,0.87,2,1.14,22.02,-3.03,22.88,36.02,2.14
FLUT 1810.HK AVGO NVDA TSM,15.3,48.3,0.96,2,1.36,22.02,-7.76,22.49,38.13,0.3
VTEX 1810.HK RHM UBER TSM,17.8,36.2,0.97,1,1.27,22.01,-5.89,22.02,38.19,2.26
FLUT DLO PAX TSM ADYEN,11.7,28.7,0.83,3,1.26,22.01,-2.41,23.64,34.61,1.58
FLUT PAX ORCL UBER ADYEN,11.4,29.8,0.77,2,1.37,22.01,-5.78,23.4,36.17,-0.06
NU DLO RHM UBER RDDT,15.7,34.8,0.86,2,1.44,22.01,-3.83,22.24,37.18,2.08
NU DLO 1810.HK UBER RDDT,15.2,33.6,0.85,2,1.15,22.0,-5.43,21.76,38.37,1.23
6669.TW 300750.SZ DLO NVDA TSM,10.7,39.1,0.87,2,1.2,22.0,-5.88,23.86,35.49,-0.11
6669.TW AVGO RHM NVDA UBER,11.5,47.9,0.88,3,1.59,22.0,-6.75,23.45,36.38,0.44
NU 300750.SZ PAX ORCL RHM,11.5,30.9,0.75,2,1.25,22.0,-3.94,23.21,35.81,0.97
NU 300750.SZ ORCL RHM ADYEN,14.7,32.6,0.84,2,1.42,22.0,-4.64,22.74,36.73,1.57
6669.TW 300750.SZ ORCL NVDA UBER,10.4,40.1,0.82,3,1.31,22.0,-9.67,23.62,37.02,-1.83
NU PAX 1810.HK AVGO RHM,12.6,37.4,0.8,2,1.24,22.0,-2.97,22.56,36.4,2.24
NU 1810.HK AVGO RHM ADYEN,16.5,39.1,0.89,2,1.42,22.0,-3.64,22.09,37.31,2.82
6669.TW 1810.HK AVGO NVDA UBER,11.3,46.6,0.87,3,1.3,22.0,-8.5,22.98,37.59,-0.45
NU 300750.SZ PAX 1810.HK ORCL,11.3,29.6,0.74,2,0.96,22.0,-5.54,22.73,37.04,0.09
NU 300750.SZ 1810.HK ORCL ADYEN,14.3,31.3,0.83,2,1.14,22.0,-6.27,22.26,37.93,0.71
FLUT ORCL UBER TSM RDDT,15.1,34.4,0.92,1,1.48,21.99,-9.36,23.33,37.34,-0.32
6669.TW PAX RHM TSM RDDT,10.0,30.8,0.84,1,1.51,21.99,-5.33,24.91,33.62,0.86
6669.TW RHM TSM ADYEN RDDT,12.4,32.5,0.92,1,1.68,21.99,-6.06,24.47,34.58,1.47
6669.TW PAX 1810.HK TSM RDDT,9.8,29.6,0.83,1,1.22,21.99,-7.01,24.45,34.91,-0.02
6669.TW 1810.HK TSM ADYEN RDDT,12.1,31.3,0.91,1,1.4,21.99,-7.77,24.01,35.84,0.6
6669.TW DLO PAX UBER ADYEN,9.2,27.1,0.73,3,1.2,21.99,-3.04,24.12,34.03,0.86
300750.SZ DLO 1810.HK ORCL RHM,14.9,34.0,0.85,1,1.19,21.98,-6.07,21.62,38.71,0.97
VTEX PAX RHM NVDA UBER,13.1,39.1,0.86,1,1.5,21.98,-4.58,22.01,37.7,1.1
VTEX RHM NVDA UBER ADYEN,17.5,40.8,0.95,1,1.68,21.98,-5.29,21.53,38.59,1.7
FLUT 300750.SZ PAX UBER ADYEN,11.0,32.9,0.77,2,1.11,21.98,-4.38,23.15,35.98,0.76
NU DLO AVGO RHM UBER,15.4,39.5,0.85,2,1.32,21.98,-2.34,22.14,36.73,2.82
NU 300750.SZ DLO ORCL UBER,13.5,31.8,0.79,2,1.04,21.98,-4.86,22.31,37.37,0.71
VTEX PAX 1810.HK NVDA UBER,12.8,37.9,0.85,1,1.21,21.98,-6.22,21.52,38.88,0.22
VTEX 1810.HK NVDA UBER ADYEN,16.9,39.6,0.94,1,1.39,21.98,-6.96,21.03,39.75,0.84
NU DLO 1810.HK AVGO UBER,14.9,38.3,0.84,2,1.03,21.98,-3.86,21.65,37.94,1.99
300750.SZ AVGO ORCL RHM RDDT,16.7,38.5,0.91,2,1.55,21.97,-7.36,21.99,38.58,1.13
6669.TW DLO UBER TSM RDDT,11.5,31.8,0.88,1,1.3,21.97,-6.29,24.05,35.25,0.6
FLUT AVGO ORCL UBER TSM,14.8,39.1,0.91,2,1.36,21.97,-7.58,23.23,36.89,0.47
300750.SZ 1810.HK AVGO ORCL RDDT,16.2,37.2,0.9,2,1.26,21.97,-9.14,21.5,39.74,0.25
6669.TW PAX AVGO RHM TSM,9.9,35.6,0.83,2,1.39,21.97,-3.77,24.81,33.13,1.62
6669.TW AVGO RHM TSM ADYEN,12.2,37.2,0.92,2,1.57,21.97,-4.46,24.37,34.11,2.22
6669.TW 300750.SZ PAX ORCL TSM,9.1,27.8,0.77,2,1.11,21.97,-6.41,24.97,33.82,-0.57
6669.TW 300750.SZ ORCL TSM ADYEN,11.0,29.5,0.86,2,1.29,21.97,-7.16,24.53,34.78,0.06
FLUT 300750.SZ UBER TSM RDDT,14.5,37.5,0.92,1,1.22,21.97,-7.79,23.08,37.16,0.51
6669.TW PAX 1810.HK AVGO TSM,9.7,34.3,0.82,2,1.1,21.97,-5.36,24.35,34.44,0.76
6669.TW 1810.HK AVGO TSM ADYEN,11.9,36.0,0.91,2,1.28,21.97,-6.08,23.9,35.38,1.37
NU DLO 1810.HK RHM NVDA,15.1,42.2,0.87,2,1.38,21.96,-4.39,21.63,38.1,1.27
6669.TW PAX NVDA ADYEN RDDT,9.7,34.2,0.81,2,1.62,21.96,-6.38,23.99,35.33,-0.62
FLUT ORCL RHM NVDA TSM,15.1,43.0,0.94,2,1.71,21.95,-8.19,23.21,37.06,-0.28
NU AVGO RHM NVDA RDDT,17.0,46.7,0.93,2,1.75,21.95,-5.61,22.0,37.96,1.43
VTEX PAX RHM TSM ADYEN,14.0,28.5,0.91,2,1.48,21.95,-2.44,22.95,35.5,2.84
NU 300750.SZ ORCL NVDA RDDT,14.7,38.9,0.87,2,1.47,21.95,-8.42,22.17,38.58,-0.78
FLUT 1810.HK ORCL NVDA TSM,14.7,41.8,0.93,2,1.42,21.95,-10.03,22.73,38.25,-1.2
6669.TW DLO AVGO UBER TSM,11.3,36.5,0.87,2,1.19,21.95,-4.68,23.95,34.78,1.37
NU 1810.HK AVGO NVDA RDDT,16.5,45.4,0.92,2,1.46,21.95,-7.3,21.51,39.14,0.56
VTEX PAX 1810.HK TSM ADYEN,13.7,27.3,0.89,2,1.19,21.95,-3.96,22.47,36.74,2.01
6669.TW NU PAX NVDA TSM,9.2,36.0,0.79,2,1.31,21.95,-4.72,24.98,33.13,-0.25
6669.TW NU NVDA TSM ADYEN,11.1,37.7,0.88,2,1.49,21.95,-5.43,24.54,34.11,0.37
FLUT 300750.SZ AVGO UBER TSM,14.2,42.2,0.91,1,1.1,21.94,-6.1,22.98,36.71,1.28
NU DLO PAX ADYEN RDDT,12.4,25.9,0.78,4,1.36,21.94,-2.02,22.69,35.69,1.83
6669.TW PAX AVGO NVDA ADYEN,9.6,38.9,0.8,3,1.51,21.93,-4.77,23.89,34.87,0.18
6669.TW DLO RHM NVDA TSM,11.4,40.3,0.9,2,1.54,21.93,-5.23,23.93,34.96,0.64
VTEX DLO PAX UBER TSM,12.9,27.7,0.86,2,1.1,21.93,-2.65,22.52,36.16,2.01
VTEX DLO UBER TSM ADYEN,17.0,29.4,0.95,2,1.27,21.93,-3.31,22.05,37.07,2.59
6669.TW ORCL RHM NVDA UBER,11.1,41.4,0.85,3,1.65,21.93,-8.94,23.69,36.5,-1.05
6669.TW DLO 1810.HK NVDA TSM,11.2,39.1,0.89,2,1.25,21.93,-6.9,23.46,36.21,-0.25
NU PAX 1810.HK ORCL RHM,12.1,30.9,0.77,2,1.3,21.93,-4.91,22.8,36.52,0.82
NU 1810.HK ORCL RHM ADYEN,15.7,32.6,0.86,2,1.48,21.93,-5.62,22.34,37.43,1.43
FLUT 300750.SZ RHM NVDA TSM,14.4,46.1,0.94,1,1.45,21.93,-6.68,22.96,36.88,0.54
6669.TW 1810.HK ORCL NVDA UBER,10.9,40.1,0.84,3,1.36,21.93,-10.83,23.22,37.71,-1.99
NU 300750.SZ AVGO ORCL NVDA,14.4,43.6,0.86,3,1.35,21.93,-6.7,22.06,38.15,0.02
FLUT 300750.SZ 1810.HK NVDA TSM,14.0,44.8,0.93,2,1.16,21.92,-8.43,22.48,38.08,-0.35
6669.TW AVGO NVDA TSM RDDT,12.2,43.6,0.95,3,1.61,21.92,-8.22,23.82,36.07,-0.08
NU DLO PAX AVGO ADYEN,12.2,30.6,0.77,4,1.24,21.92,-0.61,22.59,35.23,2.58
FLUT PAX RHM UBER ADYEN,11.8,34.1,0.8,2,1.45,21.91,-3.77,23.23,35.46,1.49
NU DLO ORCL RHM UBER,14.7,33.0,0.83,2,1.38,21.91,-4.24,22.38,36.86,1.43
FLUT PAX 1810.HK UBER ADYEN,11.5,32.9,0.79,2,1.16,21.91,-5.36,22.75,36.7,0.62
NU DLO 1810.HK ORCL UBER,14.3,31.8,0.82,2,1.09,21.91,-5.85,21.9,38.06,0.56
6669.TW 300750.SZ RHM NVDA UBER,10.8,44.5,0.85,2,1.39,21.9,-7.4,23.44,36.32,-0.21
1810.HK AVGO ORCL RHM RDDT,18.0,38.5,0.93,2,1.6,21.9,-8.43,21.57,39.26,0.99
VTEX PAX NVDA TSM RDDT,14.0,34.8,0.94,2,1.52,21.9,-5.96,22.38,37.4,0.58
VTEX NVDA TSM ADYEN RDDT,19.1,36.5,1.03,2,1.7,21.9,-6.69,21.91,38.29,1.19
NU DLO AVGO TSM RDDT,16.6,35.2,0.93,2,1.35,21.9,-3.62,22.51,36.43,2.33
NU 300750.SZ PAX 1810.HK RHM,11.7,34.0,0.77,2,1.04,21.9,-3.54,22.55,36.34,1.63
NU 300750.SZ 1810.HK RHM ADYEN,15.0,35.7,0.86,2,1.21,21.9,-4.23,22.08,37.25,2.22
6669.TW PAX ORCL RHM TSM,9.6,29.1,0.8,2,1.45,21.9,-5.76,25.04,33.26,0.18
6669.TW ORCL RHM TSM ADYEN,11.8,30.8,0.89,2,1.63,21.9,-6.49,24.6,34.24,0.8
6669.TW 300750.SZ 1810.HK NVDA UBER,10.5,43.2,0.84,2,1.1,21.9,-9.19,22.97,37.54,-1.12
FLUT RHM UBER TSM RDDT,15.9,38.8,0.95,1,1.56,21.9,-7.11,23.15,36.65,1.24
NU AVGO ORCL UBER RDDT,15.9,36.3,0.87,2,1.46,21.9,-7.13,22.26,37.92,0.73
6669.TW PAX 1810.HK ORCL TSM,9.4,27.8,0.79,2,1.16,21.9,-7.45,24.59,34.56,-0.72
6669.TW 1810.HK ORCL TSM ADYEN,11.5,29.5,0.88,2,1.34,21.9,-8.23,24.14,35.51,-0.08
FLUT 1810.HK UBER TSM RDDT,15.5,37.5,0.94,2,1.27,21.89,-8.88,22.68,37.85,0.36
NU 300750.SZ DLO RHM UBER,14.1,36.1,0.82,2,1.12,21.88,-2.9,22.13,36.68,2.22
NU ORCL RHM NVDA RDDT,16.2,40.2,0.9,2,1.81,21.88,-7.72,22.24,38.08,-0.02
NU 300750.SZ DLO 1810.HK UBER,13.7,34.9,0.81,2,0.83,21.88,-4.45,21.64,37.88,1.37
6669.TW DLO ORCL UBER TSM,10.9,30.0,0.85,2,1.25,21.88,-6.73,24.18,34.91,-0.08
NU 1810.HK ORCL NVDA RDDT,15.7,38.9,0.89,2,1.52,21.88,-9.53,21.76,39.25,-0.93
VTEX PAX AVGO NVDA TSM,13.7,39.6,0.93,2,1.41,21.88,-4.36,22.27,36.96,1.35
VTEX AVGO NVDA TSM ADYEN,18.6,41.2,1.02,2,1.58,21.88,-5.06,21.8,37.85,1.95
FLUT AVGO RHM UBER TSM,15.6,43.5,0.94,1,1.44,21.87,-5.46,23.05,36.19,1.99
300750.SZ 1810.HK AVGO RHM RDDT,17.1,41.5,0.93,1,1.34,21.87,-6.91,21.31,39.08,1.78
FLUT 300750.SZ ORCL UBER TSM,13.6,35.7,0.88,1,1.16,21.87,-8.25,23.22,36.83,-0.18
6669.TW 300750.SZ PAX RHM TSM,9.3,32.1,0.8,1,1.19,21.87,-4.36,24.8,33.07,1.0
6669.TW 300750.SZ RHM TSM ADYEN,11.4,33.8,0.89,1,1.37,21.87,-5.06,24.36,34.05,1.6
NU 300750.SZ AVGO UBER RDDT,15.2,39.4,0.87,1,1.2,21.87,-5.67,22.01,37.75,1.53
FLUT 1810.HK AVGO UBER TSM,15.1,42.2,0.93,2,1.15,21.87,-7.14,22.57,37.41,1.14
6669.TW 300750.SZ PAX 1810.HK TSM,9.2,30.9,0.79,1,0.9,21.87,-5.98,24.34,34.38,0.12
6669.TW 300750.SZ 1810.HK TSM ADYEN,11.1,32.6,0.88,1,1.08,21.87,-6.72,23.89,35.33,0.74
6669.TW PAX ORCL NVDA ADYEN,9.3,32.4,0.77,3,1.57,21.86,-6.82,24.12,34.99,-1.33
FLUT PAX NVDA UBER RDDT,11.8,40.5,0.83,1,1.5,21.86,-7.45,22.66,37.36,-0.87
FLUT NVDA UBER ADYEN RDDT,15.2,42.1,0.92,1,1.67,21.86,-8.22,22.19,38.25,-0.23
NU AVGO ORCL RHM NVDA,15.8,44.9,0.89,3,1.69,21.86,-6.04,22.14,37.65,0.76
NU 300750.SZ RHM NVDA RDDT,15.4,43.2,0.9,1,1.55,21.85,-6.24,21.99,37.91,0.8
FLUT 1810.HK RHM NVDA TSM,15.4,46.1,0.96,2,1.5,21.85,-7.73,22.55,37.58,0.4
NU 1810.HK AVGO ORCL NVDA,15.4,43.6,0.88,3,1.41,21.85,-7.75,21.65,38.83,-0.12
6669.TW 300750.SZ DLO UBER TSM,10.6,33.0,0.85,1,0.98,21.85,-5.29,23.94,34.73,0.74
NU FLUT NVDA UBER TSM,13.8,43.9,0.9,1,1.36,21.85,-6.46,23.23,36.19,0.14
NU 300750.SZ 1810.HK NVDA RDDT,15.0,42.0,0.89,1,1.26,21.85,-7.96,21.5,39.08,-0.08
6669.TW ORCL NVDA TSM RDDT,11.7,37.1,0.92,3,1.67,21.85,-10.53,24.05,36.19,-1.6
NU DLO PAX ORCL ADYEN,11.7,24.1,0.75,4,1.3,21.85,-2.4,22.83,35.36,1.18
FLUT PAX AVGO NVDA UBER,11.6,45.2,0.82,2,1.38,21.84,-5.78,22.56,36.92,-0.06
FLUT AVGO NVDA UBER ADYEN,14.9,46.9,0.91,2,1.56,21.84,-6.51,22.09,37.82,0.56
6669.TW 300750.SZ PAX NVDA ADYEN,9.1,35.5,0.77,2,1.31,21.84,-5.38,23.88,34.81,-0.47
FLUT PAX TSM ADYEN RDDT,12.5,29.8,0.87,2,1.47,21.83,-5.1,23.59,35.14,0.98
NU DLO ORCL TSM RDDT,15.8,28.7,0.9,2,1.41,21.83,-5.59,22.75,36.55,0.92
6669.TW 1810.HK RHM NVDA UBER,11.3,44.5,0.87,2,1.44,21.83,-8.47,23.04,37.03,-0.35
NU 300750.SZ AVGO RHM NVDA,15.1,48.0,0.89,2,1.43,21.83,-4.63,21.88,37.47,1.57
NU 300750.SZ 1810.HK AVGO NVDA,14.7,46.7,0.88,2,1.14,21.83,-6.26,21.39,38.66,0.7
6669.TW AVGO ORCL NVDA TSM,11.6,41.8,0.92,4,1.56,21.83,-8.69,23.95,35.74,-0.78
6669.TW 300750.SZ NVDA TSM RDDT,11.3,40.2,0.92,2,1.41,21.82,-8.9,23.81,36.01,-0.74
DLO PAX AVGO ORCL RDDT,13.0,30.0,0.82,2,1.43,21.82,-4.93,22.08,37.27,0.73
DLO AVGO ORCL ADYEN RDDT,17.2,31.7,0.91,2,1.6,21.82,-5.64,21.6,38.16,1.34
NU 300750.SZ DLO PAX ADYEN,11.3,27.2,0.75,4,1.04,21.82,-1.14,22.58,35.17,1.97
NU DLO 1810.HK RHM UBER,15.0,36.1,0.84,2,1.17,21.81,-3.83,21.72,37.38,2.08
6669.TW PAX UBER ADYEN RDDT,9.7,28.2,0.78,2,1.41,21.81,-5.79,24.07,34.57,0.24
FLUT PAX AVGO TSM ADYEN,12.3,34.5,0.86,2,1.36,21.81,-3.55,23.49,34.67,1.74
VTEX PAX ORCL NVDA TSM,13.2,33.1,0.9,2,1.47,21.81,-6.39,22.52,37.08,-0.1
VTEX ORCL NVDA TSM ADYEN,17.6,34.7,0.99,2,1.64,21.81,-7.14,22.05,37.97,0.52
NU DLO AVGO ORCL TSM,15.5,33.5,0.89,2,1.29,21.81,-4.02,22.65,36.1,1.68
FLUT ORCL RHM UBER TSM,14.9,37.0,0.92,1,1.5,21.8,-7.56,23.29,36.32,0.57
300750.SZ 1810.HK ORCL RHM RDDT,16.2,35.1,0.9,1,1.4,21.8,-9.11,21.56,39.2,0.35
NU 300750.SZ DLO TSM RDDT,15.1,31.8,0.9,2,1.14,21.8,-4.2,22.5,36.37,1.72
NU AVGO RHM UBER RDDT,16.8,40.6,0.9,1,1.54,21.8,-5.03,22.08,37.24,2.24
NU 300750.SZ ORCL UBER RDDT,14.5,32.9,0.84,1,1.26,21.8,-7.78,22.25,37.87,0.09
FLUT 1810.HK ORCL UBER TSM,14.5,35.7,0.91,2,1.21,21.8,-9.36,22.82,37.53,-0.32
6669.TW PAX 1810.HK RHM TSM,9.7,32.2,0.82,1,1.24,21.8,-5.33,24.42,33.83,0.86
6669.TW 1810.HK RHM TSM ADYEN,11.9,33.8,0.91,1,1.42,21.8,-6.06,23.97,34.79,1.47
NU 1810.HK AVGO UBER RDDT,16.3,39.4,0.89,1,1.25,21.8,-6.68,21.59,38.43,1.39
6669.TW 300750.SZ AVGO NVDA TSM,11.2,44.9,0.91,3,1.3,21.8,-7.15,23.7,35.55,0.06
6669.TW NU PAX UBER TSM,9.1,30.0,0.76,2,1.1,21.8,-4.15,25.06,32.33,0.6
6669.TW NU UBER TSM ADYEN,11.0,31.7,0.85,2,1.27,21.8,-4.85,24.62,33.32,1.21
300750.SZ DLO PAX AVGO RDDT,12.5,33.1,0.82,2,1.17,21.79,-3.57,21.82,37.09,1.53
300750.SZ DLO AVGO ADYEN RDDT,16.4,34.8,0.91,2,1.34,21.79,-4.25,21.34,37.99,2.12
6669.TW PAX AVGO UBER ADYEN,9.5,32.9,0.77,2,1.3,21.78,-4.2,23.97,34.09,1.02
6669.TW DLO RHM UBER TSM,11.3,34.3,0.88,1,1.32,21.78,-4.66,24.01,34.19,1.47
NU 1810.HK RHM NVDA RDDT,16.5,43.3,0.92,1,1.6,21.78,-7.27,21.57,38.59,0.66
300750.SZ 1810.HK AVGO ORCL RHM,15.9,39.8,0.89,2,1.29,21.78,-7.36,21.46,38.77,1.13
VTEX 300750.SZ PAX NVDA TSM,12.7,36.1,0.9,1,1.21,21.78,-4.96,22.26,36.9,0.72
VTEX 300750.SZ NVDA TSM ADYEN,16.7,37.8,0.99,1,1.38,21.78,-5.68,21.79,37.8,1.33
6669.TW DLO 1810.HK UBER TSM,11.1,33.1,0.87,1,1.04,21.78,-6.29,23.55,35.46,0.6
NU 300750.SZ DLO AVGO TSM,14.8,36.5,0.89,2,1.03,21.78,-2.69,22.4,35.91,2.47
FLUT 300750.SZ RHM UBER TSM,14.2,40.1,0.91,1,1.24,21.78,-6.08,23.04,36.14,1.37
NU 300750.SZ AVGO ORCL UBER,14.3,37.6,0.83,2,1.14,21.78,-6.1,22.15,37.43,0.87
FLUT 300750.SZ 1810.HK UBER TSM,13.9,38.8,0.9,2,0.95,21.77,-7.79,22.56,37.36,0.51
FLUT DLO PAX NVDA TSM,11.5,37.6,0.85,2,1.33,21.77,-4.31,23.04,35.51,0.14
FLUT DLO NVDA TSM ADYEN,14.8,39.3,0.94,2,1.5,21.77,-5.0,22.58,36.44,0.76
6669.TW AVGO UBER TSM RDDT,12.1,37.6,0.92,2,1.4,21.77,-7.59,23.9,35.32,0.76
FLUT PAX ORCL NVDA UBER,11.2,38.7,0.8,2,1.44,21.77,-7.9,22.8,37.04,-1.58
FLUT ORCL NVDA UBER ADYEN,14.2,40.4,0.89,2,1.62,21.77,-8.69,22.33,37.94,-0.93
6669.TW PAX RHM NVDA ADYEN,9.6,36.8,0.8,2,1.65,21.77,-4.74,23.95,34.27,0.28
6669.TW PAX 1810.HK NVDA ADYEN,9.5,35.5,0.79,2,1.36,21.76,-6.38,23.48,35.54,-0.62
NU 300750.SZ ORCL RHM NVDA,14.4,41.5,0.86,2,1.49,21.76,-6.67,22.13,37.59,0.12
NU 1810.HK AVGO RHM NVDA,16.2,48.0,0.91,2,1.48,21.76,-5.61,21.47,38.16,1.43
NU 300750.SZ 1810.HK ORCL NVDA,14.1,40.2,0.85,2,1.2,21.76,-8.42,21.64,38.77,-0.78
6669.TW RHM NVDA TSM RDDT,12.2,41.4,0.95,2,1.75,21.75,-8.19,23.88,35.49,0.01
VTEX PAX UBER TSM RDDT,13.8,28.8,0.91,2,1.31,21.75,-5.37,22.46,36.67,1.41
VTEX UBER TSM ADYEN RDDT,18.8,30.5,1.0,2,1.49,21.75,-6.09,21.99,37.57,2.01
NU DLO PAX RHM ADYEN,12.2,28.4,0.78,4,1.38,21.75,-0.58,22.65,34.64,2.67
6669.TW 1810.HK NVDA TSM RDDT,11.9,40.2,0.94,2,1.46,21.75,-10.03,23.41,36.72,-0.89
6669.TW DLO PAX NVDA UBER,9.1,36.0,0.76,2,1.26,21.75,-4.97,23.53,34.94,-0.62
6669.TW DLO NVDA UBER ADYEN,11.0,37.7,0.85,2,1.44,21.75,-5.68,23.07,35.88,0.01
NU DLO PAX 1810.HK ADYEN,11.9,27.2,0.77,4,1.09,21.75,-2.02,22.17,35.9,1.83
FLUT 300750.SZ PAX NVDA UBER,10.8,41.8,0.79,1,1.18,21.74,-6.4,22.55,36.86,-0.72
FLUT 300750.SZ NVDA UBER ADYEN,13.7,43.4,0.88,1,1.35,21.74,-7.15,22.07,37.76,-0.08
FLUT PAX ORCL TSM ADYEN,11.9,28.0,0.84,2,1.42,21.74,-5.53,23.73,34.8,0.31
NU PAX AVGO ADYEN RDDT,13.0,31.7,0.82,3,1.46,21.74,-3.15,22.53,35.76,1.99
NU DLO RHM TSM RDDT,16.6,33.1,0.93,2,1.48,21.73,-3.59,22.58,35.85,2.42
NU ORCL RHM UBER RDDT,15.9,34.1,0.87,1,1.6,21.73,-7.1,22.33,37.36,0.82
NU DLO 1810.HK TSM RDDT,16.1,31.8,0.92,2,1.2,21.73,-5.17,22.09,37.08,1.58
6669.TW AVGO RHM NVDA TSM,12.0,46.1,0.94,3,1.64,21.73,-6.48,23.78,35.02,0.8
NU 1810.HK ORCL UBER RDDT,15.5,32.9,0.86,1,1.31,21.73,-8.87,21.84,38.55,-0.06
VTEX PAX AVGO UBER TSM,13.6,33.5,0.9,1,1.2,21.73,-3.8,22.36,36.22,2.17
6669.TW 300750.SZ ORCL NVDA TSM,10.8,38.4,0.89,3,1.36,21.73,-9.38,23.94,35.68,-1.45
VTEX AVGO UBER TSM ADYEN,18.3,35.2,0.99,1,1.37,21.73,-4.49,21.89,37.13,2.75
6669.TW 1810.HK AVGO NVDA TSM,11.7,44.9,0.93,3,1.35,21.72,-8.22,23.31,36.27,-0.08
DLO PAX AVGO RHM RDDT,13.5,34.3,0.85,2,1.51,21.72,-2.97,21.89,36.58,2.24
DLO AVGO RHM ADYEN RDDT,18.2,36.0,0.94,2,1.68,21.72,-3.64,21.42,37.48,2.82
300750.SZ DLO PAX ORCL RDDT,12.0,26.6,0.79,2,1.23,21.72,-5.54,22.07,37.21,0.09
300750.SZ DLO ORCL ADYEN RDDT,15.6,28.3,0.88,2,1.4,21.72,-6.27,21.59,38.1,0.71
DLO PAX 1810.HK AVGO RDDT,13.2,33.1,0.84,2,1.22,21.72,-4.52,21.4,37.79,1.39
DLO 1810.HK AVGO ADYEN RDDT,17.6,34.8,0.93,2,1.39,21.72,-5.22,20.92,38.67,1.99
6669.TW DLO PAX TSM ADYEN,9.5,25.4,0.8,3,1.24,21.72,-2.8,24.44,32.59,1.21
6669.TW PAX ORCL UBER ADYEN,9.3,26.4,0.74,2,1.36,21.71,-6.22,24.2,34.22,-0.45
VTEX PAX RHM NVDA TSM,13.8,37.4,0.93,1,1.55,21.71,-4.34,22.34,36.39,1.45
VTEX RHM NVDA TSM ADYEN,18.7,39.1,1.02,1,1.72,21.71,-5.04,21.87,37.3,2.04
FLUT 300750.SZ PAX TSM ADYEN,11.5,31.1,0.84,2,1.16,21.71,-4.14,23.48,34.61,1.12
NU DLO AVGO RHM TSM,16.3,37.8,0.92,2,1.37,21.71,-2.11,22.47,35.39,3.15
NU 300750.SZ DLO ORCL TSM,14.2,30.0,0.86,2,1.09,21.71,-4.61,22.64,36.04,1.06
NU AVGO ORCL RHM UBER,15.6,38.8,0.87,2,1.48,21.71,-5.45,22.22,36.92,1.59
VTEX PAX 1810.HK NVDA TSM,13.4,36.2,0.92,1,1.26,21.71,-5.96,21.85,37.6,0.58
VTEX 1810.HK NVDA TSM ADYEN,18.1,37.8,1.01,1,1.43,21.71,-6.69,21.37,38.49,1.19
NU DLO 1810.HK AVGO TSM,15.8,36.5,0.91,2,1.08,21.71,-3.62,21.99,36.63,2.33
NU 300750.SZ RHM UBER RDDT,15.2,37.2,0.87,1,1.34,21.7,-5.64,22.07,37.19,1.63
FLUT 1810.HK RHM UBER TSM,15.2,40.1,0.93,2,1.29,21.7,-7.11,22.64,36.85,1.24
NU 1810.HK AVGO ORCL UBER,15.2,37.6,0.85,2,1.19,21.7,-7.13,21.73,38.12,0.73
NU 300750.SZ 1810.HK UBER RDDT,14.8,36.0,0.86,1,1.05,21.7,-7.33,21.58,38.38,0.76
6669.TW ORCL UBER TSM RDDT,11.6,31.1,0.89,2,1.46,21.7,-9.85,24.13,35.44,-0.72
NU DLO PAX NVDA RDDT,12.2,34.8,0.81,3,1.42,21.7,-3.89,22.08,36.58,0.4
NU DLO NVDA ADYEN RDDT,15.8,36.5,0.9,3,1.6,21.7,-4.58,21.6,37.48,1.01
300750.SZ DLO PAX AVGO ORCL,11.8,31.3,0.78,2,1.11,21.7,-3.97,21.96,36.76,0.87
300750.SZ DLO AVGO ORCL ADYEN,15.3,33.0,0.87,2,1.29,21.7,-4.66,21.48,37.67,1.47
VTEX DLO NVDA UBER TSM,16.7,38.3,0.98,1,1.34,21.69,-5.27,21.42,37.93,1.19
6669.TW 300750.SZ PAX UBER ADYEN,9.0,29.5,0.74,2,1.09,21.69,-4.8,23.96,34.03,0.38
NU 1810.HK ORCL RHM NVDA,15.4,41.5,0.88,2,1.54,21.69,-7.72,21.72,38.28,-0.02
NU 300750.SZ AVGO RHM UBER,14.9,41.9,0.86,1,1.22,21.68,-4.06,21.97,36.74,2.37
NU 300750.SZ 1810.HK AVGO UBER,14.5,40.7,0.85,1,0.93,21.68,-5.67,21.47,37.94,1.53
6669.TW AVGO ORCL UBER TSM,11.5,35.8,0.89,3,1.35,21.68,-8.04,24.03,34.98,0.08
NU DLO PAX AVGO NVDA,12.0,39.5,0.8,3,1.31,21.68,-2.4,21.97,36.12,1.17
NU DLO AVGO NVDA ADYEN,15.5,41.2,0.89,3,1.48,21.68,-3.05,21.49,37.04,1.77
FLUT PAX RHM NVDA UBER,11.6,43.0,0.83,1,1.52,21.67,-5.75,22.62,36.35,0.04
FLUT RHM NVDA UBER ADYEN,14.9,44.7,0.91,1,1.69,21.67,-6.48,22.15,37.26,0.66
6669.TW 300750.SZ UBER TSM RDDT,11.2,34.1,0.89,1,1.2,21.67,-8.25,23.89,35.26,0.12
FLUT PAX 1810.HK NVDA UBER,11.4,41.8,0.81,2,1.23,21.67,-7.45,22.14,37.56,-0.87
FLUT 1810.HK NVDA UBER ADYEN,14.5,43.5,0.9,2,1.41,21.67,-8.22,21.66,38.45,-0.23
NU PAX ORCL ADYEN RDDT,12.5,25.2,0.79,3,1.52,21.67,-5.1,22.77,35.88,0.56
NU 300750.SZ 1810.HK RHM NVDA,14.7,44.6,0.88,1,1.28,21.66,-6.24,21.46,38.11,0.8
6669.TW ORCL RHM NVDA TSM,11.6,39.6,0.92,3,1.7,21.66,-8.66,24.01,35.15,-0.68
VTEX PAX ORCL UBER TSM,13.1,27.0,0.88,1,1.26,21.66,-5.79,22.6,36.34,0.75
VTEX ORCL UBER TSM ADYEN,17.4,28.7,0.96,1,1.43,21.66,-6.52,22.13,37.25,1.36
6669.TW 1810.HK ORCL NVDA TSM,11.3,38.4,0.91,3,1.41,21.65,-10.53,23.55,36.4,-1.6
DLO PAX ORCL RHM RDDT,13.0,27.8,0.82,2,1.57,21.65,-4.91,22.14,36.7,0.82
DLO ORCL RHM ADYEN RDDT,17.2,29.5,0.91,2,1.74,21.65,-5.62,21.67,37.6,1.43
DLO PAX 1810.HK ORCL RDDT,12.7,26.6,0.81,2,1.28,21.65,-6.55,21.65,37.91,-0.06
DLO 1810.HK ORCL ADYEN RDDT,16.7,28.3,0.9,2,1.45,21.65,-7.31,21.17,38.79,0.56
6669.TW 300750.SZ AVGO UBER TSM,11.1,38.9,0.88,2,1.08,21.65,-6.54,23.78,34.79,0.9
FLUT PAX RHM TSM ADYEN,12.3,32.4,0.87,2,1.5,21.64,-3.53,23.55,34.07,1.83
NU PAX AVGO ORCL ADYEN,12.3,29.9,0.79,3,1.4,21.64,-3.54,22.67,35.42,1.34
NU DLO ORCL RHM TSM,15.5,31.3,0.89,2,1.43,21.64,-3.99,22.71,35.51,1.78
NU 300750.SZ PAX ADYEN RDDT,12.1,28.3,0.79,3,1.25,21.64,-3.73,22.52,35.7,1.37
FLUT PAX 1810.HK TSM ADYEN,12.1,31.1,0.86,2,1.21,21.64,-5.1,23.08,35.35,0.98
NU DLO 1810.HK ORCL TSM,15.1,30.1,0.88,2,1.14,21.64,-5.59,22.23,36.75,0.92
NU 1810.HK RHM UBER RDDT,16.3,37.2,0.89,1,1.39,21.63,-6.66,21.66,37.88,1.49
6669.TW 300750.SZ RHM NVDA TSM,11.2,42.7,0.91,2,1.43,21.63,-7.13,23.77,34.96,0.16
VTEX 300750.SZ PAX UBER TSM,12.6,30.1,0.87,1,0.99,21.63,-4.39,22.35,36.16,1.55
VTEX 300750.SZ UBER TSM ADYEN,16.5,31.8,0.96,1,1.17,21.63,-5.09,21.87,37.07,2.14
DLO PAX AVGO ORCL RHM,12.8,32.5,0.81,2,1.45,21.63,-3.36,22.03,36.25,1.59
DLO AVGO ORCL RHM ADYEN,16.9,34.2,0.9,2,1.63,21.63,-4.04,21.56,37.16,2.18
6669.TW 300750.SZ 1810.HK NVDA TSM,11.0,41.5,0.9,2,1.15,21.63,-8.9,23.3,36.22,-0.74
NU AVGO ORCL TSM RDDT,16.9,34.6,0.94,2,1.51,21.63,-6.86,22.59,36.61,1.08
300750.SZ DLO PAX RHM RDDT,12.5,30.9,0.82,2,1.3,21.63,-3.54,21.88,36.52,1.63
300750.SZ DLO RHM ADYEN RDDT,16.4,32.6,0.91,2,1.48,21.63,-4.23,21.41,37.43,2.22
DLO PAX 1810.HK AVGO ORCL,12.5,31.3,0.8,2,1.16,21.62,-4.93,21.54,37.47,0.73
DLO 1810.HK AVGO ORCL ADYEN,16.3,33.0,0.89,2,1.34,21.62,-5.64,21.06,38.35,1.34
FLUT DLO PAX UBER TSM,11.4,31.6,0.82,2,1.11,21.62,-3.75,23.13,34.75,0.98
FLUT DLO UBER TSM ADYEN,14.6,33.3,0.91,2,1.29,21.62,-4.43,22.66,35.69,1.58
300750.SZ DLO PAX 1810.HK RDDT,12.2,29.7,0.81,2,1.02,21.62,-5.12,21.39,37.73,0.76
300750.SZ DLO 1810.HK ADYEN RDDT,15.9,31.4,0.9,2,1.19,21.62,-5.84,20.91,38.61,1.37
6669.TW PAX RHM UBER ADYEN,9.5,30.8,0.77,2,1.43,21.62,-4.18,24.03,33.48,1.11
6669.TW PAX 1810.HK UBER ADYEN,9.4,29.5,0.76,2,1.15,21.61,-5.79,23.56,34.78,0.24
NU 300750.SZ PAX AVGO ADYEN,11.9,33.0,0.78,3,1.14,21.61,-2.24,22.41,35.24,2.12
NU 300750.SZ DLO RHM TSM,14.8,34.4,0.89,2,1.17,21.61,-2.67,22.46,35.33,2.56
NU 300750.SZ ORCL RHM UBER,14.3,35.4,0.84,1,1.28,21.61,-6.07,22.21,36.86,0.97
NU 300750.SZ DLO 1810.HK TSM,14.4,33.1,0.88,2,0.88,21.61,-4.2,21.98,36.57,1.72
NU 1810.HK AVGO RHM UBER,15.9,41.9,0.88,1,1.27,21.61,-5.03,21.55,37.44,2.24
NU 300750.SZ 1810.HK ORCL UBER,13.9,34.2,0.83,1,0.99,21.61,-7.78,21.72,38.06,0.09
NU DLO PAX ORCL NVDA,11.6,33.0,0.77,3,1.37,21.6,-4.3,22.22,36.25,-0.29
NU DLO ORCL NVDA ADYEN,14.8,34.7,0.86,3,1.54,21.6,-5.0,21.74,37.16,0.34
6669.TW RHM UBER TSM RDDT,12.1,35.4,0.92,1,1.54,21.6,-7.56,23.96,34.72,0.86
300750.SZ DLO PAX AVGO RHM,12.3,35.6,0.81,2,1.19,21.6,-2.06,21.78,36.07,2.37
300750.SZ DLO AVGO RHM ADYEN,16.0,37.3,0.9,2,1.36,21.6,-2.71,21.3,36.98,2.95
6669.TW 1810.HK UBER TSM RDDT,11.8,34.2,0.91,1,1.25,21.6,-9.36,23.49,35.98,-0.02
NU 300750.SZ AVGO TSM RDDT,16.1,37.6,0.94,1,1.24,21.6,-5.41,22.34,36.43,1.88
300750.SZ DLO PAX 1810.HK AVGO,12.0,34.4,0.8,2,0.9,21.6,-3.57,21.28,37.29,1.53
300750.SZ DLO 1810.HK AVGO ADYEN,15.6,36.1,0.89,2,1.08,21.6,-4.25,20.8,38.18,2.12
FLUT PAX NVDA TSM RDDT,12.3,38.7,0.9,1,1.54,21.59,-7.17,22.99,36.04,-0.49
FLUT NVDA TSM ADYEN RDDT,16.1,40.4,0.99,1,1.72,21.59,-7.94,22.52,36.95,0.14
6669.TW AVGO RHM UBER TSM,11.9,40.1,0.92,2,1.42,21.58,-5.89,23.86,34.25,1.62
DLO AVGO ORCL NVDA RDDT,16.8,40.6,0.93,3,1.67,21.58,-7.75,20.97,39.0,-0.12
6669.TW 300750.SZ ORCL UBER TSM,10.7,32.4,0.86,2,1.14,21.58,-8.72,24.02,34.92,-0.57
NU 300750.SZ DLO PAX NVDA,11.2,36.1,0.77,3,1.11,21.58,-2.96,21.96,36.07,0.54
NU 300750.SZ DLO NVDA ADYEN,14.2,37.8,0.86,3,1.28,21.58,-3.63,21.48,36.98,1.15
6669.TW 1810.HK AVGO UBER TSM,11.6,38.9,0.9,2,1.14,21.57,-7.59,23.39,35.52,0.76
NU PAX RHM ADYEN RDDT,13.1,29.5,0.82,3,1.59,21.57,-3.13,22.6,35.17,2.08
6669.TW PAX NVDA UBER RDDT,9.5,37.1,0.8,2,1.48,21.57,-7.9,23.48,35.47,-1.27
6669.TW NVDA UBER ADYEN RDDT,11.7,38.8,0.89,2,1.66,21.57,-8.69,23.02,36.4,-0.62
FLUT PAX AVGO NVDA TSM,12.1,43.4,0.89,2,1.43,21.57,-5.52,22.89,35.58,0.3
FLUT AVGO NVDA TSM ADYEN,15.8,45.1,0.98,2,1.6,21.57,-6.25,22.42,36.5,0.92
NU PAX 1810.HK ADYEN RDDT,12.7,28.3,0.81,3,1.31,21.57,-4.68,22.11,36.42,1.23
VTEX PAX RHM UBER TSM,13.6,31.4,0.9,1,1.33,21.56,-3.78,22.42,35.64,2.26
VTEX RHM UBER TSM ADYEN,18.4,33.1,0.99,1,1.51,21.56,-4.47,21.95,36.56,2.84
6669.TW 1810.HK RHM NVDA TSM,11.8,42.7,0.94,2,1.49,21.56,-8.19,23.37,35.69,0.01
VTEX PAX 1810.HK UBER TSM,13.3,30.1,0.89,1,1.05,21.56,-5.37,21.94,36.87,1.41
VTEX 1810.HK UBER TSM ADYEN,17.8,31.8,0.98,1,1.22,21.56,-6.09,21.46,37.77,2.01
6669.TW NU NVDA UBER TSM,10.8,40.6,0.88,2,1.34,21.55,-6.9,24.03,34.25,-0.25
DLO PAX 1810.HK RHM RDDT,13.2,30.9,0.84,2,1.36,21.55,-4.49,21.47,37.23,1.49
DLO 1810.HK RHM ADYEN RDDT,17.6,32.6,0.93,2,1.53,21.55,-5.2,20.99,38.12,2.08
300750.SZ DLO AVGO NVDA RDDT,16.0,43.7,0.93,2,1.41,21.55,-6.26,20.7,38.83,0.7
NU DLO PAX UBER RDDT,12.1,28.7,0.78,3,1.21,21.55,-3.34,22.16,35.83,1.23
NU DLO UBER ADYEN RDDT,15.6,30.4,0.87,3,1.39,21.55,-4.02,21.68,36.75,1.83
NU PAX AVGO RHM ADYEN,12.8,34.2,0.82,3,1.48,21.54,-1.66,22.49,34.7,2.82
6669.TW PAX AVGO NVDA UBER,9.4,41.8,0.8,3,1.36,21.54,-6.21,23.37,35.01,-0.45
6669.TW AVGO NVDA UBER ADYEN,11.5,43.5,0.88,3,1.54,21.54,-6.95,22.91,35.94,0.18
NU 300750.SZ PAX ORCL ADYEN,11.5,26.5,0.76,3,1.2,21.54,-4.13,22.66,35.36,0.71
NU PAX 1810.HK AVGO ADYEN,12.5,33.0,0.8,3,1.19,21.54,-3.15,22.01,35.96,1.99
NU DLO 1810.HK RHM TSM,15.8,34.4,0.91,2,1.22,21.54,-3.59,22.05,36.05,2.42
6669.TW PAX TSM ADYEN RDDT,10.0,26.5,0.84,2,1.46,21.54,-5.53,24.39,33.15,0.6
NU 1810.HK ORCL RHM UBER,15.2,35.4,0.86,1,1.33,21.54,-7.1,21.8,37.56,0.82
300750.SZ DLO PAX ORCL RHM,11.8,29.1,0.79,2,1.25,21.53,-3.94,22.02,36.19,0.97
300750.SZ DLO ORCL RHM ADYEN,15.3,30.8,0.87,2,1.42,21.53,-4.64,21.55,37.1,1.57
NU AVGO RHM TSM RDDT,17.9,38.9,0.97,1,1.58,21.53,-4.78,22.42,35.91,2.58
DLO PAX 1810.HK AVGO RHM,13.0,35.6,0.83,2,1.24,21.53,-2.97,21.36,36.78,2.24
DLO 1810.HK AVGO RHM ADYEN,17.2,37.3,0.92,2,1.42,21.53,-3.64,20.88,37.68,2.82
NU 300750.SZ ORCL TSM RDDT,15.3,31.1,0.91,1,1.3,21.53,-7.51,22.58,36.55,0.45
300750.SZ DLO PAX 1810.HK ORCL,11.6,27.9,0.77,2,0.96,21.53,-5.54,21.53,37.41,0.09
300750.SZ DLO 1810.HK ORCL ADYEN,14.9,29.6,0.86,2,1.14,21.53,-6.27,21.05,38.3,0.71
NU 1810.HK AVGO TSM RDDT,17.3,37.6,0.96,1,1.3,21.53,-6.42,21.93,37.14,1.74
VTEX PAX NVDA UBER ADYEN,13.1,34.7,0.87,2,1.45,21.53,-4.77,21.44,37.28,0.84
NU DLO PAX AVGO UBER,11.9,33.5,0.77,3,1.1,21.52,-1.87,22.05,35.37,1.99
NU DLO AVGO UBER ADYEN,15.3,35.1,0.86,3,1.27,21.52,-2.52,21.58,36.3,2.58
300750.SZ PAX AVGO ORCL RDDT,12.6,32.4,0.83,2,1.33,21.52,-6.8,21.9,37.27,0.25
300750.SZ AVGO ORCL ADYEN RDDT,16.7,34.1,0.92,2,1.5,21.52,-7.56,21.42,38.16,0.87
6669.TW PAX AVGO TSM ADYEN,9.9,31.2,0.84,2,1.34,21.51,-3.96,24.29,32.66,1.37
VTEX NVDA UBER TSM RDDT,18.4,39.4,1.02,2,1.56,21.51,-8.23,21.37,38.42,0.58
NU 300750.SZ 1810.HK RHM UBER,14.6,38.5,0.85,1,1.07,21.51,-5.64,21.54,37.38,1.63
6669.TW ORCL RHM UBER TSM,11.5,33.6,0.89,2,1.48,21.51,-8.02,24.09,34.38,0.18
NU DLO PAX RHM NVDA,12.0,37.3,0.8,3,1.45,21.51,-2.37,22.03,35.54,1.27
NU DLO RHM NVDA ADYEN,15.6,39.0,0.89,3,1.62,21.51,-3.03,21.56,36.47,1.87
6669.TW 1810.HK ORCL UBER TSM,11.2,32.4,0.88,2,1.2,21.5,-9.85,23.63,35.65,-0.72
NU DLO PAX 1810.HK NVDA,11.7,36.1,0.79,3,1.16,21.5,-3.89,21.54,36.78,0.4
NU DLO 1810.HK NVDA ADYEN,15.1,37.8,0.88,3,1.33,21.5,-4.58,21.06,37.68,1.01
NU 300750.SZ AVGO ORCL TSM,15.0,35.8,0.9,2,1.19,21.5,-5.84,22.48,36.1,1.22
FLUT PAX ORCL NVDA TSM,11.7,36.9,0.86,2,1.49,21.5,-7.62,23.13,35.7,-1.2
FLUT ORCL NVDA TSM ADYEN,15.0,38.6,0.95,2,1.66,21.5,-8.4,22.66,36.63,-0.55
NU PAX AVGO NVDA RDDT,12.8,40.6,0.85,2,1.52,21.49,-5.09,21.91,36.64,0.56
NU AVGO NVDA ADYEN RDDT,17.0,42.3,0.94,2,1.7,21.49,-5.81,21.44,37.54,1.17
VTEX AVGO NVDA UBER TSM,17.9,44.1,1.02,2,1.44,21.49,-6.52,21.26,37.99,1.35
DLO AVGO RHM NVDA RDDT,17.8,44.9,0.96,2,1.75,21.48,-5.61,20.78,38.33,1.43
6669.TW 300750.SZ RHM UBER TSM,11.1,36.7,0.89,1,1.22,21.48,-6.52,23.85,34.19,1.0
300750.SZ DLO ORCL NVDA RDDT,15.3,37.2,0.91,2,1.47,21.48,-8.42,20.96,38.94,-0.78
DLO 1810.HK AVGO NVDA RDDT,17.2,43.7,0.95,2,1.46,21.48,-7.3,20.28,39.5,0.56
6669.TW 300750.SZ 1810.HK UBER TSM,10.9,35.5,0.88,1,0.93,21.48,-8.25,23.38,35.46,0.12
6669.TW DLO PAX NVDA TSM,9.4,34.3,0.82,2,1.31,21.48,-4.72,23.85,33.54,-0.25
6669.TW DLO NVDA TSM ADYEN,11.4,35.9,0.91,2,1.49,21.48,-5.43,23.39,34.51,0.37
NU PAX ORCL RHM ADYEN,12.4,27.7,0.79,3,1.54,21.47,-3.52,22.73,34.83,1.43
6669.TW PAX ORCL NVDA UBER,9.2,35.3,0.77,3,1.42,21.47,-8.36,23.61,35.13,-1.99
6669.TW ORCL NVDA UBER ADYEN,11.1,37.0,0.86,3,1.6,21.47,-9.16,23.15,36.07,-1.33
NU PAX 1810.HK ORCL ADYEN,12.1,26.5,0.78,3,1.25,21.47,-5.1,22.25,36.09,0.56
FLUT 300750.SZ PAX NVDA TSM,11.3,40.0,0.86,1,1.22,21.47,-6.14,22.88,35.52,-0.35
FLUT 300750.SZ NVDA TSM ADYEN,14.4,41.7,0.95,1,1.4,21.47,-6.88,22.41,36.45,0.28
NU ORCL RHM TSM RDDT,16.9,32.4,0.94,1,1.64,21.46,-6.83,22.66,36.04,1.18
DLO PAX 1810.HK ORCL RHM,12.5,29.1,0.81,2,1.3,21.46,-4.91,21.61,36.9,0.82
DLO 1810.HK ORCL RHM ADYEN,16.4,30.8,0.89,2,1.48,21.46,-5.62,21.13,37.8,1.43
300750.SZ DLO AVGO ORCL NVDA,15.0,41.9,0.9,3,1.35,21.46,-6.7,20.85,38.51,0.02
NU 1810.HK ORCL TSM RDDT,16.4,31.2,0.93,1,1.36,21.45,-8.59,22.18,37.26,0.31
NU DLO PAX ORCL UBER,11.5,27.0,0.75,3,1.16,21.45,-3.74,22.3,35.5,0.56
NU DLO ORCL UBER ADYEN,14.6,28.7,0.83,3,1.33,21.45,-4.43,21.83,36.42,1.18
PAX AVGO ORCL RHM RDDT,13.7,33.6,0.86,2,1.67,21.45,-6.14,21.98,36.76,0.99
AVGO ORCL RHM ADYEN RDDT,18.6,35.3,0.95,2,1.84,21.45,-6.88,21.5,37.66,1.59
NU 300750.SZ PAX RHM ADYEN,11.9,30.8,0.79,3,1.28,21.45,-2.21,22.48,34.64,2.22
6669.TW 300750.SZ PAX NVDA UBER,8.9,38.4,0.77,2,1.16,21.45,-6.85,23.36,34.95,-1.12
6669.TW 300750.SZ NVDA UBER ADYEN,10.7,40.1,0.86,2,1.34,21.45,-7.61,22.9,35.89,-0.47
PAX 1810.HK AVGO ORCL RDDT,13.4,32.4,0.85,2,1.38,21.44,-7.86,21.49,37.97,0.11
1810.HK AVGO ORCL ADYEN RDDT,17.9,34.1,0.94,2,1.55,21.44,-8.64,21.0,38.85,0.73
NU 300750.SZ PAX 1810.HK ADYEN,11.7,29.6,0.78,3,0.99,21.44,-3.73,21.99,35.9,1.37
6669.TW PAX ORCL TSM ADYEN,9.6,24.7,0.81,2,1.4,21.44,-5.96,24.52,32.8,-0.08
FLUT PAX UBER TSM RDDT,12.2,32.7,0.87,1,1.33,21.44,-6.56,23.07,35.28,0.36
FLUT UBER TSM ADYEN RDDT,15.9,34.4,0.96,1,1.51,21.44,-7.31,22.61,36.21,0.98
NU AVGO ORCL RHM TSM,16.6,37.1,0.93,2,1.53,21.43,-5.19,22.55,35.58,1.94
NU 300750.SZ RHM TSM RDDT,16.1,35.5,0.94,1,1.38,21.43,-5.39,22.41,35.85,1.97
NU 1810.HK AVGO ORCL TSM,16.1,35.9,0.92,2,1.24,21.43,-6.86,22.07,36.81,1.08
300750.SZ DLO PAX 1810.HK RHM,12.0,32.2,0.8,2,1.04,21.43,-3.54,21.35,36.72,1.63
300750.SZ DLO 1810.HK RHM ADYEN,15.6,33.9,0.89,2,1.21,21.43,-4.23,20.86,37.62,2.22
DLO AVGO ORCL UBER RDDT,16.6,34.5,0.91,2,1.46,21.43,-7.13,21.05,38.29,0.73
NU 300750.SZ 1810.HK TSM RDDT,15.7,34.2,0.93,1,1.09,21.43,-7.06,21.92,37.08,1.12
NU 300750.SZ DLO PAX UBER,11.1,30.0,0.74,3,0.89,21.43,-2.42,22.04,35.31,1.37
NU 300750.SZ DLO UBER ADYEN,14.0,31.7,0.83,3,1.07,21.43,-3.08,21.57,36.24,1.97
NU PAX ORCL NVDA RDDT,12.3,34.1,0.82,2,1.58,21.42,-7.17,22.16,36.76,-0.93
NU ORCL NVDA ADYEN RDDT,16.1,35.8,0.91,2,1.76,21.42,-7.93,21.68,37.66,-0.29
300750.SZ PAX AVGO RHM RDDT,13.2,36.7,0.86,1,1.4,21.42,-4.73,21.72,36.58,1.78
300750.SZ AVGO RHM ADYEN RDDT,17.6,38.4,0.95,1,1.58,21.42,-5.44,21.24,37.49,2.37
FLUT PAX AVGO UBER TSM,12.0,37.4,0.86,1,1.21,21.42,-4.94,22.97,34.82,1.14
FLUT AVGO UBER TSM ADYEN,15.6,39.1,0.95,1,1.39,21.42,-5.65,22.5,35.76,1.74
300750.SZ PAX 1810.HK AVGO RDDT,12.9,35.5,0.85,1,1.12,21.42,-6.37,21.23,37.79,0.93
300750.SZ 1810.HK AVGO ADYEN RDDT,17.0,37.2,0.94,1,1.29,21.42,-7.11,20.74,38.67,1.53
VTEX ORCL NVDA UBER TSM,17.0,37.6,0.99,2,1.5,21.41,-8.69,21.51,38.11,-0.1
6669.TW 300750.SZ PAX TSM ADYEN,9.3,27.8,0.81,2,1.14,21.41,-4.55,24.28,32.6,0.74
DLO ORCL RHM NVDA RDDT,16.9,38.4,0.94,2,1.81,21.41,-7.72,21.03,38.45,-0.02
6669.TW 1810.HK RHM UBER TSM,11.7,36.7,0.91,1,1.27,21.41,-7.56,23.45,34.93,0.86
DLO 1810.HK ORCL NVDA RDDT,16.4,37.2,0.93,2,1.52,21.41,-9.53,20.53,39.61,-0.93
NU 300750.SZ AVGO RHM TSM,15.8,40.2,0.93,1,1.27,21.41,-3.82,22.3,35.39,2.71
NU 300750.SZ 1810.HK AVGO TSM,15.4,38.9,0.92,1,0.98,21.4,-5.41,21.81,36.63,1.88
300750.SZ DLO AVGO UBER RDDT,15.8,37.6,0.9,1,1.2,21.4,-5.67,20.79,38.12,1.53
FLUT PAX RHM NVDA TSM,12.1,41.3,0.89,1,1.56,21.4,-5.49,22.95,34.99,0.4
FLUT RHM NVDA TSM ADYEN,15.8,43.0,0.98,1,1.74,21.4,-6.22,22.48,35.93,1.02
NU PAX AVGO ORCL NVDA,12.1,38.8,0.81,3,1.47,21.4,-5.51,22.05,36.31,-0.12
NU AVGO ORCL NVDA ADYEN,15.8,40.5,0.9,3,1.64,21.4,-6.24,21.58,37.22,0.5
NU 300750.SZ PAX NVDA RDDT,11.9,37.2,0.82,2,1.32,21.4,-5.7,21.9,36.58,-0.08
NU 300750.SZ NVDA ADYEN RDDT,15.4,38.9,0.91,2,1.5,21.4,-6.44,21.42,37.49,0.54
FLUT PAX 1810.HK NVDA TSM,11.9,40.0,0.88,2,1.28,21.4,-7.17,22.47,36.24,-0.49
FLUT 1810.HK NVDA TSM ADYEN,15.3,41.7,0.97,2,1.45,21.4,-7.94,22.0,37.15,0.14
VTEX 300750.SZ NVDA UBER TSM,16.2,40.7,0.99,1,1.24,21.39,-7.16,21.25,37.93,0.72
DLO AVGO ORCL RHM NVDA,16.5,43.1,0.93,3,1.69,21.39,-6.04,20.93,38.02,0.76
300750.SZ DLO RHM NVDA RDDT,16.1,41.5,0.93,1,1.55,21.38,-6.24,20.77,38.28,0.8
DLO 1810.HK AVGO ORCL NVDA,16.0,41.9,0.92,3,1.41,21.38,-7.75,20.42,39.19,-0.12
FLUT DLO NVDA UBER TSM,14.4,42.2,0.94,1,1.36,21.38,-6.46,22.05,36.58,0.14
300750.SZ DLO 1810.HK NVDA RDDT,15.6,40.3,0.92,1,1.26,21.38,-7.96,20.26,39.44,-0.08
6669.TW PAX RHM NVDA UBER,9.4,39.6,0.8,2,1.5,21.38,-6.18,23.44,34.41,-0.35
6669.TW RHM NVDA UBER ADYEN,11.5,41.3,0.89,2,1.68,21.38,-6.93,22.97,35.36,0.28
NU PAX 1810.HK RHM ADYEN,12.6,30.8,0.81,3,1.33,21.37,-3.13,22.07,35.38,2.08
6669.TW PAX 1810.HK NVDA UBER,9.3,38.4,0.79,2,1.21,21.37,-7.9,22.96,35.68,-1.27
6669.TW 1810.HK NVDA UBER ADYEN,11.3,40.1,0.88,2,1.39,21.37,-8.69,22.5,36.6,-0.62
NU 300750.SZ PAX AVGO NVDA,11.7,41.9,0.81,2,1.21,21.37,-4.12,21.8,36.13,0.7
NU 300750.SZ AVGO NVDA ADYEN,15.1,43.6,0.9,2,1.38,21.37,-4.82,21.32,37.04,1.31
300750.SZ DLO AVGO RHM NVDA,15.7,46.2,0.93,2,1.43,21.36,-4.63,20.66,37.84,1.57
NU 1810.HK RHM TSM RDDT,17.3,35.5,0.96,1,1.43,21.36,-6.39,22.0,36.57,1.83
NU DLO PAX RHM UBER,11.9,31.3,0.77,3,1.23,21.36,-1.85,22.12,34.78,2.08
NU DLO RHM UBER ADYEN,15.4,33.0,0.86,3,1.41,21.36,-2.49,21.64,35.72,2.67
300750.SZ DLO 1810.HK AVGO NVDA,15.3,45.0,0.92,2,1.14,21.35,-6.26,20.15,39.02,0.7
NU DLO PAX 1810.HK UBER,11.6,30.1,0.76,3,0.95,21.35,-3.34,21.63,36.04,1.23
NU DLO 1810.HK UBER ADYEN,14.9,31.7,0.85,3,1.12,21.35,-4.02,21.15,36.95,1.83
300750.SZ PAX ORCL RHM RDDT,12.7,30.2,0.83,1,1.46,21.35,-6.78,21.97,36.71,0.35
300750.SZ ORCL RHM ADYEN RDDT,16.7,31.9,0.92,1,1.64,21.35,-7.54,21.49,37.61,0.97
PAX 1810.HK AVGO RHM RDDT,14.0,36.7,0.88,1,1.46,21.35,-5.71,21.3,37.29,1.65
1810.HK AVGO RHM ADYEN RDDT,19.0,38.4,0.97,1,1.63,21.35,-6.44,20.82,38.18,2.24
FLUT PAX ORCL UBER TSM,11.6,30.9,0.84,1,1.27,21.35,-7.0,23.21,34.94,-0.32
FLUT ORCL UBER TSM ADYEN,14.9,32.6,0.92,1,1.45,21.35,-7.77,22.74,35.88,0.31
300750.SZ PAX 1810.HK ORCL RDDT,12.4,29.0,0.82,1,1.18,21.35,-8.53,21.48,37.91,-0.55
300750.SZ 1810.HK ORCL ADYEN RDDT,16.2,30.7,0.91,1,1.35,21.35,-9.33,20.99,38.79,0.09
6669.TW PAX RHM TSM ADYEN,9.9,29.0,0.84,2,1.48,21.34,-3.93,24.35,32.03,1.47
NU PAX AVGO UBER RDDT,12.7,34.6,0.82,2,1.31,21.34,-4.52,22.0,35.9,1.39
NU AVGO UBER ADYEN RDDT,16.7,36.2,0.91,2,1.49,21.34,-5.22,21.52,36.81,1.99
6669.TW PAX 1810.HK TSM ADYEN,9.7,27.8,0.83,2,1.19,21.34,-5.53,23.88,33.37,0.6
NU 300750.SZ ORCL RHM TSM,15.1,33.7,0.9,1,1.33,21.34,-5.81,22.54,35.52,1.32
NU 1810.HK AVGO RHM TSM,16.9,40.2,0.95,1,1.32,21.33,-4.78,21.89,36.12,2.58
NU 300750.SZ 1810.HK ORCL TSM,14.7,32.5,0.89,1,1.04,21.33,-7.51,22.06,36.75,0.45
DLO AVGO RHM UBER RDDT,17.5,38.9,0.94,1,1.54,21.33,-5.03,20.87,37.62,2.24
300750.SZ DLO ORCL UBER RDDT,15.1,31.1,0.88,1,1.26,21.33,-7.78,21.04,38.24,0.09
NU PAX RHM NVDA RDDT,12.8,38.4,0.85,2,1.66,21.33,-5.07,21.98,36.06,0.66
DLO 1810.HK AVGO UBER RDDT,17.0,37.6,0.92,1,1.25,21.33,-6.68,20.36,38.8,1.39
NU RHM NVDA ADYEN RDDT,17.0,40.1,0.94,2,1.84,21.33,-5.78,21.5,36.98,1.27
300750.SZ PAX AVGO ORCL RHM,12.5,34.9,0.82,2,1.35,21.32,-5.14,21.86,36.25,1.13
300750.SZ AVGO ORCL RHM ADYEN,16.3,36.6,0.91,2,1.52,21.32,-5.86,21.38,37.17,1.73
6669.TW DLO PAX UBER TSM,9.3,28.2,0.8,2,1.1,21.32,-4.15,23.93,32.74,0.6
6669.TW DLO UBER TSM ADYEN,11.3,29.9,0.89,2,1.27,21.32,-4.85,23.48,33.73,1.21
NU PAX 1810.HK NVDA RDDT,12.5,37.2,0.84,2,1.37,21.32,-6.72,21.49,37.29,-0.23
NU 1810.HK NVDA ADYEN RDDT,16.5,38.9,0.93,2,1.55,21.32,-7.48,21.0,38.18,0.4
300750.SZ PAX 1810.HK AVGO ORCL,12.2,33.7,0.81,2,1.06,21.32,-6.8,21.37,37.47,0.25
300750.SZ 1810.HK AVGO ORCL ADYEN,15.9,35.4,0.9,2,1.24,21.32,-7.56,20.88,38.36,0.87
VTEX RHM NVDA UBER TSM,18.0,41.9,1.02,1,1.58,21.32,-6.49,21.32,37.43,1.45
FLUT 300750.SZ PAX UBER TSM,11.2,34.0,0.83,1,1.01,21.32,-5.55,22.96,34.76,0.51
FLUT 300750.SZ UBER TSM ADYEN,14.2,35.7,0.92,1,1.19,21.32,-6.28,22.49,35.7,1.12
VTEX 1810.HK NVDA UBER TSM,17.4,40.7,1.01,1,1.29,21.31,-8.23,20.83,38.62,0.58
DLO 1810.HK RHM NVDA RDDT,17.3,41.5,0.95,1,1.6,21.31,-7.27,20.34,38.96,0.66
NU DLO NVDA UBER RDDT,15.3,39.3,0.9,2,1.46,21.31,-6.02,21.05,37.62,0.4
300750.SZ DLO AVGO ORCL UBER,14.8,35.8,0.87,2,1.14,21.3,-6.1,20.93,37.8,0.87
NU PAX AVGO RHM NVDA,12.6,43.1,0.84,2,1.55,21.3,-3.51,21.87,35.61,1.43
NU AVGO RHM NVDA ADYEN,16.6,44.8,0.93,2,1.72,21.3,-4.2,21.39,36.53,2.02
NU 300750.SZ PAX ORCL NVDA,11.3,35.4,0.78,2,1.27,21.3,-6.13,22.04,36.25,-0.78
NU 300750.SZ ORCL NVDA ADYEN,14.4,37.1,0.87,2,1.44,21.3,-6.88,21.57,37.16,-0.14
NU PAX 1810.HK AVGO NVDA,12.3,41.9,0.83,2,1.26,21.3,-5.09,21.38,36.84,0.56
NU 1810.HK AVGO NVDA ADYEN,16.1,43.6,0.92,2,1.43,21.3,-5.81,20.9,37.74,1.17
6669.TW PAX NVDA TSM RDDT,9.9,35.4,0.87,2,1.53,21.29,-7.63,23.8,34.09,-0.89
6669.TW NVDA TSM ADYEN RDDT,12.2,37.0,0.96,2,1.7,21.29,-8.41,23.34,35.04,-0.25
300750.SZ DLO ORCL RHM NVDA,15.0,39.7,0.9,2,1.49,21.29,-6.67,20.91,37.96,0.12
DLO 1810.HK AVGO RHM NVDA,16.9,46.2,0.95,2,1.48,21.29,-5.61,20.23,38.53,1.43
300750.SZ DLO 1810.HK ORCL NVDA,14.6,38.5,0.89,2,1.2,21.28,-8.42,20.41,39.13,-0.78
NU DLO AVGO NVDA UBER,15.0,44.0,0.89,2,1.34,21.28,-4.42,20.95,37.17,1.17
PAX 1810.HK ORCL RHM RDDT,13.4,30.2,0.85,1,1.52,21.28,-7.83,21.55,37.41,0.21
1810.HK ORCL RHM ADYEN RDDT,18.0,31.9,0.94,1,1.69,21.28,-8.62,21.07,38.3,0.82
NU DLO PAX TSM RDDT,12.6,27.0,0.85,3,1.26,21.28,-3.1,22.49,34.46,1.58
NU DLO TSM ADYEN RDDT,16.6,28.7,0.94,3,1.43,21.28,-3.78,22.02,35.41,2.18
300750.SZ AVGO ORCL NVDA RDDT,16.3,43.0,0.94,3,1.57,21.27,-9.81,20.79,39.0,-0.61
NU PAX ORCL UBER RDDT,12.2,28.1,0.79,2,1.37,21.27,-6.55,22.24,36.02,-0.06
NU ORCL UBER ADYEN RDDT,15.9,29.8,0.88,2,1.55,21.27,-7.31,21.77,36.94,0.56
6669.TW PAX AVGO NVDA TSM,9.8,40.1,0.86,3,1.41,21.27,-5.95,23.7,33.61,-0.08
6669.TW AVGO NVDA TSM ADYEN,12.0,41.8,0.95,3,1.59,21.27,-6.69,23.24,34.57,0.54
DLO PAX AVGO ADYEN RDDT,13.5,29.9,0.86,3,1.46,21.26,-3.15,21.33,36.14,1.99
NU 1810.HK ORCL RHM TSM,16.1,33.7,0.92,1,1.38,21.26,-6.83,22.14,36.24,1.18
DLO ORCL RHM UBER RDDT,16.6,32.4,0.91,1,1.6,21.26,-7.1,21.12,37.74,0.82
DLO 1810.HK ORCL UBER RDDT,16.1,31.1,0.9,1,1.31,21.26,-8.87,20.62,38.92,-0.06
PAX 1810.HK AVGO ORCL RHM,13.2,34.9,0.84,2,1.4,21.25,-6.14,21.45,36.96,0.99
1810.HK AVGO ORCL RHM ADYEN,17.6,36.6,0.93,2,1.58,21.25,-6.88,20.96,37.86,1.59
VTEX PAX NVDA TSM ADYEN,13.8,33.0,0.94,2,1.5,21.25,-4.53,21.78,35.95,1.19
NU DLO PAX AVGO TSM,12.4,31.7,0.84,3,1.14,21.25,-1.64,22.39,33.98,2.33
NU DLO AVGO TSM ADYEN,16.3,33.4,0.93,3,1.32,21.25,-2.28,21.91,34.94,2.91
FLUT PAX RHM UBER TSM,12.0,35.2,0.86,1,1.35,21.25,-4.91,23.03,34.22,1.24
FLUT RHM UBER TSM ADYEN,15.6,36.9,0.95,1,1.53,21.25,-5.63,22.57,35.17,1.83
300750.SZ PAX 1810.HK RHM RDDT,12.9,33.3,0.85,1,1.25,21.25,-6.34,21.29,37.23,1.02
300750.SZ 1810.HK RHM ADYEN RDDT,17.1,35.0,0.94,1,1.43,21.25,-7.09,20.81,38.12,1.63
NU PAX AVGO ORCL UBER,12.0,32.8,0.78,2,1.26,21.25,-4.93,22.14,35.56,0.73
NU AVGO ORCL UBER ADYEN,15.6,34.5,0.87,2,1.43,21.25,-5.64,21.66,36.49,1.34
NU 300750.SZ PAX UBER RDDT,11.8,31.1,0.79,2,1.11,21.24,-5.12,21.99,35.84,0.76
NU 300750.SZ UBER ADYEN RDDT,15.2,32.8,0.88,2,1.29,21.24,-5.84,21.51,36.76,1.37
FLUT PAX 1810.HK UBER TSM,11.8,34.0,0.85,2,1.06,21.24,-6.56,22.55,35.49,0.36
FLUT 1810.HK UBER TSM ADYEN,15.2,35.7,0.94,2,1.24,21.24,-7.31,22.08,36.42,0.98
DLO AVGO ORCL RHM UBER,16.3,37.1,0.9,2,1.48,21.24,-5.45,21.01,37.29,1.59
NU 300750.SZ 1810.HK RHM TSM,15.4,36.8,0.92,1,1.12,21.23,-5.39,21.88,36.06,1.97
300750.SZ DLO RHM UBER RDDT,15.9,35.5,0.91,1,1.34,21.23,-5.64,20.86,37.56,1.63
NU PAX ORCL RHM NVDA,12.2,36.6,0.82,2,1.61,21.23,-5.49,22.12,35.73,-0.02
DLO 1810.HK AVGO ORCL UBER,15.8,35.9,0.89,2,1.19,21.23,-7.13,20.51,38.48,0.73
NU ORCL RHM NVDA ADYEN,15.8,38.3,0.9,2,1.78,21.23,-6.21,21.64,36.65,0.6
300750.SZ DLO 1810.HK UBER RDDT,15.4,34.2,0.9,1,1.05,21.23,-7.33,20.35,38.74,0.76
NU PAX 1810.HK ORCL NVDA,11.9,35.4,0.8,2,1.32,21.23,-7.17,21.63,36.96,-0.93
NU 1810.HK ORCL NVDA ADYEN,15.4,37.1,0.89,2,1.49,21.23,-7.93,21.15,37.86,-0.29
300750.SZ PAX 1810.HK AVGO RHM,12.7,38.0,0.84,1,1.14,21.22,-4.73,21.18,36.78,1.78
300750.SZ 1810.HK AVGO RHM ADYEN,16.7,39.7,0.93,1,1.31,21.22,-5.44,20.7,37.69,2.37
NU 300750.SZ PAX AVGO UBER,11.6,35.9,0.78,2,0.99,21.22,-3.57,21.88,35.38,1.53
NU 300750.SZ AVGO UBER ADYEN,14.9,37.5,0.87,2,1.17,21.22,-4.25,21.4,36.31,2.12
DLO 1810.HK ORCL RHM NVDA,16.1,39.7,0.92,2,1.54,21.21,-7.72,20.49,38.64,-0.02
FLUT PAX NVDA UBER ADYEN,11.6,38.6,0.83,2,1.47,21.21,-5.95,22.07,35.91,-0.23
NU DLO ORCL NVDA UBER,14.4,37.5,0.86,2,1.4,21.21,-6.45,21.2,37.29,-0.29
300750.SZ DLO AVGO RHM UBER,15.5,40.2,0.9,1,1.22,21.21,-4.06,20.75,37.12,2.37
AVGO ORCL RHM NVDA RDDT,18.1,44.2,0.98,3,1.91,21.2,-9.08,20.87,38.51,0.15
NU 300750.SZ PAX RHM NVDA,11.7,39.7,0.81,2,1.34,21.2,-4.1,21.86,35.55,0.8
300750.SZ DLO 1810.HK AVGO UBER,15.1,38.9,0.89,1,0.93,21.2,-5.67,20.24,38.31,1.53
NU 300750.SZ RHM NVDA ADYEN,15.1,41.4,0.9,2,1.52,21.2,-4.79,21.38,36.47,1.41
1810.HK AVGO ORCL NVDA RDDT,17.6,43.0,0.97,3,1.62,21.2,-10.98,20.36,39.67,-0.76
NU 300750.SZ PAX 1810.HK NVDA,11.5,38.5,0.8,2,1.06,21.2,-5.7,21.37,36.78,-0.08
NU 300750.SZ 1810.HK NVDA ADYEN,14.7,40.2,0.89,2,1.23,21.2,-6.44,20.88,37.69,0.54
6669.TW PAX ORCL NVDA TSM,9.5,33.6,0.84,3,1.47,21.2,-8.08,23.93,33.74,-1.6
6669.TW ORCL NVDA TSM ADYEN,11.6,35.3,0.93,3,1.65,21.2,-8.88,23.48,34.7,-0.95
FLUT NVDA UBER TSM RDDT,15.6,43.3,0.99,1,1.57,21.2,-9.54,21.99,37.09,-0.49
DLO PAX ORCL ADYEN RDDT,13.0,23.4,0.83,3,1.52,21.19,-5.1,21.58,36.27,0.56
300750.SZ DLO 1810.HK RHM NVDA,15.3,42.8,0.92,1,1.28,21.19,-6.24,20.22,38.47,0.8
NU 300750.SZ DLO NVDA UBER,13.8,40.6,0.86,2,1.14,21.18,-5.02,20.93,37.12,0.54
NU DLO PAX ORCL TSM,12.0,25.2,0.81,3,1.2,21.18,-3.5,22.63,34.11,0.92
NU DLO ORCL TSM ADYEN,15.5,26.9,0.9,3,1.38,21.18,-4.18,22.16,35.07,1.53
300750.SZ AVGO RHM NVDA RDDT,17.2,47.3,0.97,2,1.65,21.18,-7.53,20.6,38.34,0.96
NU PAX RHM UBER RDDT,12.7,32.4,0.82,2,1.45,21.18,-4.49,22.06,35.31,1.49
NU RHM UBER ADYEN RDDT,16.8,34.1,0.91,2,1.63,21.18,-5.2,21.59,36.24,2.08
FLUT AVGO NVDA UBER TSM,15.3,48.0,0.98,2,1.46,21.17,-7.76,21.88,36.64,0.3
300750.SZ 1810.HK AVGO NVDA RDDT,16.7,46.1,0.96,2,1.36,21.17,-9.33,20.09,39.5,0.08
NU PAX 1810.HK UBER RDDT,12.4,31.2,0.81,2,1.16,21.17,-6.12,21.57,36.55,0.62
NU 1810.HK UBER ADYEN RDDT,16.3,32.8,0.9,2,1.34,21.17,-6.86,21.09,37.46,1.23
6669.TW 300750.SZ PAX NVDA TSM,9.2,36.7,0.83,2,1.21,21.17,-6.58,23.69,33.54,-0.74
6669.TW 300750.SZ NVDA TSM ADYEN,11.2,38.3,0.92,2,1.38,21.17,-7.33,23.23,34.51,-0.11
DLO PAX AVGO ORCL ADYEN,12.7,28.2,0.82,3,1.4,21.17,-3.54,21.47,35.81,1.34
300750.SZ DLO PAX ADYEN RDDT,12.5,26.5,0.83,3,1.25,21.17,-3.73,21.32,36.09,1.37
DLO 1810.HK RHM UBER RDDT,17.0,35.5,0.93,1,1.39,21.16,-6.66,20.43,38.25,1.49
DLO AVGO ORCL TSM RDDT,17.7,32.8,0.97,2,1.51,21.15,-6.86,21.4,36.99,1.08
300750.SZ PAX 1810.HK ORCL RHM,12.2,31.5,0.82,1,1.2,21.15,-6.78,21.44,36.91,0.35
300750.SZ 1810.HK ORCL RHM ADYEN,15.9,33.2,0.9,1,1.37,21.15,-7.54,20.95,37.81,0.97
NU 300750.SZ DLO PAX TSM,11.6,28.3,0.81,3,0.94,21.15,-2.19,22.38,33.92,1.72
NU 300750.SZ DLO TSM ADYEN,14.8,30.0,0.9,3,1.12,21.15,-2.85,21.9,34.88,2.31
NU PAX AVGO RHM UBER,12.5,37.1,0.81,2,1.33,21.15,-2.97,21.96,34.84,2.24
NU AVGO RHM UBER ADYEN,16.4,38.8,0.9,2,1.51,21.15,-3.64,21.48,35.78,2.82
NU 300750.SZ PAX ORCL UBER,11.2,29.4,0.76,2,1.05,21.15,-5.54,22.13,35.5,0.09
NU 300750.SZ ORCL UBER ADYEN,14.3,31.0,0.84,2,1.23,21.15,-6.27,21.65,36.43,0.71
NU PAX 1810.HK AVGO UBER,12.2,35.9,0.8,2,1.05,21.15,-4.52,21.47,36.1,1.39
NU 1810.HK AVGO UBER ADYEN,15.9,37.6,0.89,2,1.22,21.15,-5.22,20.98,37.02,1.99
6669.TW PAX UBER TSM RDDT,9.8,29.3,0.84,1,1.31,21.14,-7.01,23.88,33.3,-0.02
6669.TW UBER TSM ADYEN RDDT,12.1,31.0,0.93,1,1.49,21.14,-7.77,23.42,34.27,0.6
300750.SZ DLO PAX AVGO ADYEN,12.3,31.2,0.82,3,1.14,21.14,-2.24,21.21,35.63,2.12
300750.SZ DLO ORCL RHM UBER,14.8,33.7,0.87,1,1.28,21.14,-6.07,21.0,37.24,0.97
DLO 1810.HK AVGO RHM UBER,16.6,40.2,0.92,1,1.27,21.13,-5.03,20.32,37.81,2.24
300750.SZ DLO 1810.HK ORCL UBER,14.4,32.4,0.86,1,0.99,21.13,-7.78,20.5,38.43,0.09
NU PAX 1810.HK RHM NVDA,12.4,39.7,0.83,2,1.4,21.13,-5.07,21.45,36.27,0.66
NU 1810.HK RHM NVDA ADYEN,16.2,41.4,0.92,2,1.57,21.13,-5.78,20.96,37.18,1.27
300750.SZ DLO AVGO TSM RDDT,16.8,35.9,0.97,1,1.24,21.13,-5.41,21.13,36.81,1.88
300750.SZ AVGO ORCL UBER RDDT,16.1,36.9,0.92,2,1.36,21.12,-9.14,20.88,38.29,0.25
6669.TW PAX AVGO UBER TSM,9.7,34.0,0.84,2,1.2,21.12,-5.36,23.78,32.81,0.76
6669.TW AVGO UBER TSM ADYEN,11.9,35.7,0.92,2,1.37,21.12,-6.08,23.32,33.79,1.37
NU DLO RHM NVDA UBER,15.1,41.9,0.89,2,1.48,21.11,-4.39,21.01,36.6,1.27
NU DLO 1810.HK NVDA UBER,14.7,40.6,0.88,2,1.19,21.11,-6.02,20.51,37.81,0.4
300750.SZ ORCL RHM NVDA RDDT,16.4,40.8,0.95,2,1.71,21.11,-9.78,20.86,38.46,-0.51
1810.HK AVGO RHM NVDA RDDT,18.6,47.3,0.99,2,1.7,21.1,-8.61,20.17,39.02,0.82
FLUT ORCL NVDA UBER TSM,14.6,41.5,0.95,2,1.52,21.1,-10.03,22.13,36.76,-1.2
300750.SZ 1810.HK ORCL NVDA RDDT,15.9,39.6,0.94,2,1.42,21.1,-11.72,20.35,39.62,-1.43
6669.TW PAX RHM NVDA TSM,9.8,37.9,0.87,2,1.55,21.1,-5.92,23.76,32.99,0.01
6669.TW RHM NVDA TSM ADYEN,12.0,39.6,0.95,2,1.72,21.1,-6.66,23.3,33.97,0.64
NU AVGO NVDA UBER RDDT,16.4,45.1,0.93,2,1.56,21.1,-7.3,20.89,37.68,0.56
VTEX PAX UBER TSM ADYEN,13.6,27.0,0.91,2,1.28,21.1,-3.96,21.87,35.19,2.01
6669.TW PAX 1810.HK NVDA TSM,9.6,36.7,0.86,2,1.26,21.1,-7.63,23.29,34.3,-0.89
6669.TW 1810.HK NVDA TSM ADYEN,11.8,38.4,0.94,2,1.44,21.1,-8.41,22.83,35.25,-0.25
DLO PAX RHM ADYEN RDDT,13.5,27.8,0.86,3,1.59,21.1,-3.13,21.4,35.56,2.08
DLO PAX 1810.HK ADYEN RDDT,13.2,26.5,0.85,3,1.31,21.09,-4.68,20.9,36.8,1.23
NU DLO PAX RHM TSM,12.4,29.6,0.84,3,1.28,21.08,-1.62,22.45,33.37,2.42
NU DLO RHM TSM ADYEN,16.3,31.2,0.93,3,1.46,21.08,-2.26,21.98,34.34,3.0
300750.SZ AVGO ORCL RHM NVDA,16.0,45.5,0.94,3,1.59,21.08,-7.98,20.75,38.02,0.29
6669.TW DLO NVDA UBER TSM,11.2,38.8,0.91,2,1.34,21.08,-6.9,22.87,34.65,-0.25
NU PAX ORCL RHM UBER,12.0,30.6,0.79,2,1.39,21.08,-4.91,22.2,34.97,0.82
NU ORCL RHM UBER ADYEN,15.6,32.3,0.88,2,1.57,21.08,-5.62,21.73,35.91,1.43
NU DLO PAX 1810.HK TSM,12.2,28.3,0.83,3,0.99,21.08,-3.1,21.97,34.67,1.58
NU DLO 1810.HK TSM ADYEN,15.8,30.0,0.92,3,1.17,21.08,-3.78,21.49,35.61,2.18
300750.SZ 1810.HK AVGO ORCL NVDA,15.6,44.3,0.93,3,1.3,21.08,-9.81,20.24,39.19,-0.61
NU PAX 1810.HK ORCL UBER,11.8,29.4,0.78,2,1.11,21.07,-6.55,21.72,36.22,-0.06
NU 1810.HK ORCL UBER ADYEN,15.2,31.1,0.87,2,1.28,21.07,-7.31,21.23,37.14,0.56
FLUT 300750.SZ NVDA UBER TSM,14.0,44.6,0.95,1,1.26,21.07,-8.43,21.87,36.58,-0.35
DLO PAX AVGO RHM ADYEN,13.3,32.5,0.85,3,1.48,21.07,-1.66,21.29,35.1,2.82
300750.SZ DLO PAX ORCL ADYEN,11.8,24.7,0.79,3,1.2,21.07,-4.13,21.46,35.75,0.71
NU PAX AVGO TSM RDDT,13.3,32.8,0.89,2,1.36,21.07,-4.27,22.33,34.52,1.74
NU AVGO TSM ADYEN RDDT,17.8,34.5,0.98,2,1.53,21.07,-4.97,21.86,35.47,2.33
DLO PAX 1810.HK AVGO ADYEN,13.0,31.2,0.84,3,1.19,21.07,-3.15,20.79,36.35,1.99
DLO 1810.HK ORCL RHM UBER,15.8,33.7,0.89,1,1.33,21.06,-7.1,20.58,37.93,0.82
DLO AVGO RHM TSM RDDT,18.7,37.1,1.0,1,1.58,21.06,-4.78,21.21,36.29,2.58
300750.SZ DLO ORCL TSM RDDT,16.0,29.4,0.94,1,1.3,21.05,-7.51,21.39,36.93,0.45
AVGO ORCL RHM UBER RDDT,17.9,38.2,0.95,2,1.7,21.05,-8.43,20.95,37.8,0.99
DLO 1810.HK AVGO TSM RDDT,18.1,35.9,0.99,1,1.3,21.05,-6.42,20.71,37.51,1.74
NU 300750.SZ PAX RHM UBER,11.6,33.7,0.78,2,1.13,21.05,-3.54,21.95,34.78,1.63
NU 300750.SZ RHM UBER ADYEN,14.9,35.4,0.87,2,1.31,21.05,-4.23,21.47,35.73,2.22
1810.HK AVGO ORCL UBER RDDT,17.3,37.0,0.94,2,1.41,21.05,-10.28,20.45,38.97,0.11
NU 300750.SZ PAX 1810.HK UBER,11.4,32.5,0.77,2,0.84,21.05,-5.12,21.45,36.04,0.76
NU 300750.SZ 1810.HK UBER ADYEN,14.5,34.1,0.86,2,1.02,21.05,-5.84,20.97,36.96,1.37
6669.TW PAX ORCL UBER TSM,9.4,27.5,0.81,2,1.26,21.05,-7.45,24.01,32.94,-0.72
6669.TW ORCL UBER TSM ADYEN,11.5,29.2,0.9,2,1.43,21.05,-8.23,23.56,33.92,-0.08
NU DLO PAX NVDA ADYEN,12.0,32.9,0.81,4,1.4,21.05,-2.55,21.47,35.1,1.01
300750.SZ DLO 1810.HK RHM UBER,15.1,36.8,0.89,1,1.07,21.03,-5.64,20.31,37.76,1.63
1810.HK ORCL RHM NVDA RDDT,17.6,40.8,0.97,2,1.76,21.03,-10.95,20.43,39.13,-0.65
NU DLO NVDA TSM RDDT,16.3,37.6,0.96,2,1.5,21.03,-5.76,21.4,36.29,0.76
300750.SZ DLO AVGO ORCL TSM,15.7,34.1,0.94,2,1.19,21.03,-5.84,21.28,36.48,1.22
NU ORCL NVDA UBER RDDT,15.6,38.6,0.91,2,1.62,21.03,-9.53,21.14,37.8,-0.93
300750.SZ AVGO RHM UBER RDDT,17.0,41.3,0.94,1,1.44,21.02,-6.91,20.69,37.62,1.78
300750.SZ 1810.HK AVGO UBER RDDT,16.5,40.0,0.93,1,1.15,21.02,-8.67,20.18,38.8,0.93
DLO PAX AVGO NVDA RDDT,13.3,38.8,0.88,2,1.52,21.02,-5.09,20.69,37.02,0.56
DLO AVGO NVDA ADYEN RDDT,17.7,40.5,0.97,2,1.7,21.02,-5.81,20.2,37.91,1.17
6669.TW 300750.SZ PAX UBER TSM,9.2,30.6,0.81,1,1.0,21.02,-5.98,23.77,32.75,0.12
6669.TW 300750.SZ UBER TSM ADYEN,11.1,32.3,0.89,1,1.17,21.02,-6.72,23.31,33.73,0.74
1810.HK AVGO ORCL RHM NVDA,17.2,45.5,0.96,3,1.64,21.01,-9.08,20.32,38.7,0.15
NU DLO AVGO NVDA TSM,15.9,42.3,0.96,2,1.39,21.01,-4.17,21.29,35.84,1.52
FLUT RHM NVDA UBER TSM,15.3,45.8,0.98,1,1.6,21.0,-7.73,21.95,36.06,0.4
300750.SZ 1810.HK RHM NVDA RDDT,16.7,43.9,0.96,1,1.5,21.0,-9.3,20.16,38.96,0.18
NU AVGO ORCL NVDA UBER,15.3,43.4,0.9,3,1.5,21.0,-7.75,21.03,37.35,-0.12
NU 300750.SZ NVDA UBER RDDT,14.9,41.7,0.9,1,1.35,21.0,-7.96,20.88,37.62,-0.08
FLUT 1810.HK NVDA UBER TSM,14.9,44.6,0.97,2,1.31,21.0,-9.54,21.46,37.29,-0.49
DLO PAX ORCL RHM ADYEN,12.8,26.0,0.83,3,1.54,21.0,-3.52,21.54,35.23,1.43
NU PAX ORCL TSM RDDT,12.8,26.3,0.86,2,1.42,21.0,-6.29,22.58,34.65,0.31
NU ORCL TSM ADYEN RDDT,16.9,28.0,0.95,2,1.59,21.0,-7.04,22.1,35.6,0.92
DLO PAX 1810.HK ORCL ADYEN,12.5,24.8,0.81,3,1.25,20.99,-5.1,21.04,36.47,0.56
PAX AVGO ORCL ADYEN RDDT,13.7,29.3,0.87,2,1.62,20.99,-6.34,21.42,36.33,0.73
DLO ORCL RHM TSM RDDT,17.7,30.6,0.98,1,1.64,20.98,-6.83,21.46,36.42,1.18
DLO 1810.HK ORCL TSM RDDT,17.2,29.4,0.97,1,1.36,20.98,-8.59,20.96,37.63,0.31
300750.SZ 1810.HK AVGO RHM NVDA,16.4,48.6,0.96,2,1.38,20.98,-7.53,20.05,38.53,0.96
NU PAX 1810.HK RHM UBER,12.2,33.7,0.81,2,1.18,20.98,-4.49,21.53,35.52,1.49
NU 1810.HK RHM UBER ADYEN,16.0,35.4,0.89,2,1.36,20.98,-5.2,21.05,36.44,2.08
NU 300750.SZ AVGO NVDA UBER,14.6,46.4,0.9,2,1.24,20.98,-6.26,20.77,37.18,0.7
NU PAX AVGO ORCL TSM,12.6,31.0,0.85,2,1.3,20.97,-4.68,22.47,34.18,1.08
NU AVGO ORCL TSM ADYEN,16.6,32.7,0.94,2,1.48,20.97,-5.39,22.0,35.13,1.68
300750.SZ DLO PAX RHM ADYEN,12.3,29.1,0.82,3,1.28,20.97,-2.21,21.28,35.04,2.22
NU 300750.SZ PAX TSM RDDT,12.3,29.4,0.86,2,1.16,20.97,-4.87,22.32,34.46,1.12
NU 300750.SZ TSM ADYEN RDDT,16.1,31.1,0.95,2,1.33,20.97,-5.58,21.85,35.41,1.72
300750.SZ DLO PAX 1810.HK ADYEN,12.0,27.8,0.81,3,0.99,20.97,-3.73,20.78,36.29,1.37
DLO AVGO ORCL RHM TSM,17.3,35.4,0.97,2,1.53,20.96,-5.19,21.35,35.96,1.94
300750.SZ PAX AVGO ADYEN RDDT,13.2,32.3,0.87,2,1.35,20.96,-4.92,21.15,36.15,1.53
300750.SZ DLO RHM TSM RDDT,16.8,33.7,0.97,1,1.38,20.96,-5.39,21.2,36.24,1.97
DLO 1810.HK AVGO ORCL TSM,16.8,34.1,0.96,2,1.24,20.95,-6.86,20.86,37.19,1.08
300750.SZ ORCL RHM UBER RDDT,16.1,34.8,0.92,1,1.5,20.95,-9.11,20.94,37.74,0.35
300750.SZ DLO 1810.HK TSM RDDT,16.3,32.5,0.96,1,1.09,20.95,-7.06,20.7,37.45,1.12
1810.HK AVGO RHM UBER RDDT,18.3,41.3,0.97,1,1.49,20.95,-7.97,20.26,38.31,1.65
300750.SZ 1810.HK ORCL UBER RDDT,15.7,33.5,0.91,1,1.21,20.95,-11.01,20.44,38.92,-0.55
6669.TW PAX RHM UBER TSM,9.7,31.9,0.84,1,1.34,20.95,-5.33,23.84,32.18,0.86
6669.TW RHM UBER TSM ADYEN,11.9,33.6,0.93,1,1.51,20.95,-6.06,23.38,33.18,1.47
DLO PAX ORCL NVDA RDDT,12.8,32.3,0.86,2,1.58,20.95,-7.17,20.95,37.14,-0.93
DLO ORCL NVDA ADYEN RDDT,16.8,34.0,0.95,2,1.76,20.95,-7.93,20.46,38.03,-0.29
6669.TW PAX 1810.HK UBER TSM,9.5,30.6,0.83,1,1.05,20.94,-7.01,23.37,33.51,-0.02
6669.TW 1810.HK UBER TSM ADYEN,11.6,32.3,0.92,1,1.22,20.94,-7.77,22.91,34.48,0.6
NU 300750.SZ PAX AVGO TSM,12.1,34.1,0.85,2,1.04,20.94,-3.33,22.22,33.99,1.88
NU 300750.SZ AVGO TSM ADYEN,15.8,35.8,0.94,2,1.22,20.94,-4.0,21.74,34.95,2.47
FLUT PAX NVDA TSM ADYEN,12.1,36.9,0.9,2,1.51,20.94,-5.69,22.4,34.54,0.14
NU DLO ORCL NVDA TSM,15.2,35.8,0.93,2,1.45,20.93,-6.19,21.54,35.96,0.08
300750.SZ DLO AVGO RHM TSM,16.5,38.4,0.97,1,1.27,20.93,-3.82,21.09,35.78,2.71
NU RHM NVDA UBER RDDT,16.4,43.0,0.94,1,1.69,20.93,-7.27,20.95,37.11,0.66
300750.SZ AVGO ORCL RHM UBER,15.8,39.5,0.91,2,1.38,20.93,-7.36,20.83,37.3,1.13
300750.SZ DLO 1810.HK AVGO TSM,16.0,37.2,0.96,1,0.98,20.93,-5.41,20.59,37.01,1.88
NU 1810.HK NVDA UBER RDDT,15.9,41.7,0.93,1,1.41,20.93,-9.05,20.45,38.31,-0.23
300750.SZ 1810.HK AVGO ORCL UBER,15.4,38.2,0.9,2,1.09,20.92,-9.14,20.33,38.49,0.25
DLO PAX AVGO ORCL NVDA,12.5,37.1,0.85,3,1.47,20.92,-5.51,20.84,36.69,-0.12
DLO AVGO ORCL NVDA ADYEN,16.5,38.7,0.94,3,1.64,20.92,-6.24,20.35,37.6,0.5
300750.SZ DLO PAX NVDA RDDT,12.3,35.4,0.85,2,1.32,20.92,-5.7,20.68,36.96,-0.08
300750.SZ DLO NVDA ADYEN RDDT,16.0,37.1,0.94,2,1.5,20.92,-6.44,20.19,37.86,0.54
6669.TW PAX NVDA UBER ADYEN,9.4,35.3,0.81,2,1.45,20.91,-6.38,22.89,33.95,-0.62
300750.SZ 1810.HK ORCL RHM NVDA,15.6,42.1,0.93,2,1.44,20.91,-9.78,20.31,38.65,-0.51
NU 300750.SZ DLO NVDA TSM,14.5,38.9,0.93,2,1.18,20.91,-4.77,21.28,35.78,0.9
NU AVGO RHM NVDA UBER,16.1,47.7,0.93,2,1.58,20.91,-5.61,20.85,36.67,1.43
NU 300750.SZ ORCL NVDA UBER,14.0,39.9,0.87,2,1.3,20.9,-8.42,21.02,37.3,-0.78
NU 1810.HK AVGO NVDA UBER,15.6,46.4,0.92,2,1.29,20.9,-7.3,20.34,37.87,0.56
NU PAX RHM TSM RDDT,13.3,30.7,0.89,2,1.5,20.9,-4.25,22.4,33.92,1.83
NU RHM TSM ADYEN RDDT,17.9,32.3,0.98,2,1.67,20.9,-4.94,21.92,34.88,2.42
6669.TW NVDA UBER TSM RDDT,11.9,39.9,0.96,2,1.56,20.9,-10.03,22.82,35.18,-0.89
DLO PAX 1810.HK RHM ADYEN,13.0,29.1,0.84,3,1.33,20.9,-3.13,20.86,35.77,2.08
300750.SZ DLO PAX AVGO NVDA,12.1,40.1,0.85,2,1.21,20.9,-4.12,20.57,36.51,0.7
300750.SZ DLO AVGO NVDA ADYEN,15.7,41.8,0.94,2,1.38,20.9,-4.82,20.08,37.42,1.31
NU PAX 1810.HK TSM RDDT,13.0,29.4,0.88,2,1.21,20.89,-5.86,21.91,35.2,0.98
NU 1810.HK TSM ADYEN RDDT,17.3,31.1,0.97,2,1.38,20.89,-6.59,21.43,36.13,1.58
NU DLO PAX UBER ADYEN,11.9,26.9,0.78,4,1.18,20.89,-2.02,21.56,34.33,1.83
PAX AVGO RHM ADYEN RDDT,14.3,33.6,0.9,2,1.69,20.89,-4.29,21.23,35.63,2.24
300750.SZ PAX ORCL ADYEN RDDT,12.7,25.8,0.84,2,1.41,20.89,-6.98,21.4,36.27,0.09
PAX 1810.HK AVGO ADYEN RDDT,13.9,32.3,0.89,2,1.41,20.88,-5.91,20.73,36.86,1.39
DLO 1810.HK RHM TSM RDDT,18.2,33.7,0.99,1,1.43,20.88,-6.39,20.78,36.95,1.83
1810.HK ORCL RHM UBER RDDT,17.3,34.8,0.94,1,1.55,20.88,-10.25,20.52,38.43,0.21
NU DLO UBER TSM RDDT,16.1,31.6,0.93,2,1.29,20.88,-5.17,21.48,35.54,1.58
NU PAX AVGO RHM TSM,13.1,35.4,0.88,2,1.38,20.87,-2.73,22.29,33.44,2.58
NU AVGO RHM TSM ADYEN,17.5,37.1,0.97,2,1.56,20.87,-3.4,21.82,34.41,3.15
6669.TW AVGO NVDA UBER TSM,11.7,44.6,0.95,3,1.44,20.87,-8.22,22.71,34.71,-0.08
NU 300750.SZ PAX ORCL TSM,11.7,27.6,0.82,2,1.1,20.87,-5.29,22.46,34.12,0.45
NU 300750.SZ ORCL TSM ADYEN,15.1,29.3,0.91,2,1.28,20.87,-6.01,21.99,35.07,1.06
NU PAX 1810.HK AVGO TSM,12.8,34.1,0.87,2,1.09,20.87,-4.27,21.8,34.73,1.74
NU 1810.HK AVGO TSM ADYEN,16.9,35.8,0.96,2,1.27,20.87,-4.97,21.32,35.68,2.33
DLO PAX AVGO UBER RDDT,13.1,32.8,0.85,2,1.31,20.87,-4.52,20.78,36.28,1.39
DLO AVGO UBER ADYEN RDDT,17.5,34.5,0.94,2,1.49,20.87,-5.22,20.29,37.19,1.99
NU PAX NVDA ADYEN RDDT,12.8,34.0,0.86,3,1.61,20.86,-5.26,21.42,35.62,0.4
300750.SZ PAX AVGO ORCL ADYEN,12.4,30.5,0.83,2,1.3,20.86,-5.34,21.3,35.82,0.87
300750.SZ DLO ORCL RHM TSM,15.7,31.9,0.94,1,1.33,20.86,-5.81,21.34,35.91,1.32
DLO 1810.HK AVGO RHM TSM,17.7,38.4,0.99,1,1.32,20.86,-4.78,20.67,36.5,2.58
300750.SZ DLO 1810.HK ORCL TSM,15.3,30.7,0.93,1,1.04,20.86,-7.51,20.84,37.13,0.45
1810.HK AVGO ORCL RHM UBER,17.0,39.5,0.93,2,1.43,20.85,-8.43,20.41,37.99,0.99
VTEX PAX NVDA UBER TSM,13.4,35.9,0.94,1,1.35,20.85,-5.96,21.24,36.09,0.58
VTEX NVDA UBER TSM ADYEN,17.9,37.6,1.03,1,1.53,20.85,-6.69,20.75,37.0,1.19
NU DLO AVGO UBER TSM,15.7,36.3,0.93,2,1.17,20.85,-3.62,21.37,35.08,2.33
300750.SZ 1810.HK RHM UBER RDDT,16.5,37.9,0.94,1,1.29,20.85,-8.64,20.25,38.25,1.02
DLO PAX RHM NVDA RDDT,13.3,36.7,0.89,2,1.66,20.85,-5.07,20.76,36.45,0.66
DLO RHM NVDA ADYEN RDDT,17.8,38.4,0.97,2,1.84,20.85,-5.78,20.27,37.36,1.27
DLO PAX 1810.HK NVDA RDDT,13.0,35.4,0.87,2,1.37,20.85,-6.72,20.26,37.66,-0.23
DLO 1810.HK NVDA ADYEN RDDT,17.2,37.1,0.96,2,1.55,20.85,-7.48,19.76,38.54,0.4
300750.SZ AVGO ORCL TSM RDDT,17.1,35.2,0.98,2,1.4,20.85,-8.86,21.22,36.99,0.61
NU PAX AVGO NVDA ADYEN,12.6,38.8,0.85,3,1.5,20.84,-3.7,21.31,35.16,1.17
NU DLO RHM NVDA TSM,16.0,40.1,0.96,2,1.52,20.84,-4.15,21.35,35.25,1.62
NU ORCL RHM NVDA UBER,15.3,41.2,0.9,2,1.64,20.83,-7.72,21.1,36.79,-0.02
NU DLO 1810.HK NVDA TSM,15.5,38.9,0.95,2,1.24,20.83,-5.76,20.86,36.5,0.76
NU 1810.HK ORCL NVDA UBER,14.9,40.0,0.89,2,1.35,20.83,-9.53,20.6,37.99,-0.93
300750.SZ 1810.HK AVGO RHM UBER,16.1,42.6,0.93,1,1.17,20.83,-6.91,20.14,37.82,1.78
DLO PAX AVGO RHM NVDA,13.1,41.4,0.88,2,1.55,20.83,-3.51,20.65,35.99,1.43
DLO AVGO RHM NVDA ADYEN,17.4,43.1,0.97,2,1.72,20.83,-4.2,20.16,36.91,2.02
300750.SZ DLO PAX ORCL NVDA,11.7,33.6,0.82,2,1.27,20.82,-6.13,20.83,36.63,-0.78
300750.SZ DLO ORCL NVDA ADYEN,15.0,35.3,0.91,2,1.44,20.82,-6.88,20.34,37.54,-0.14
NU AVGO NVDA TSM RDDT,17.4,43.4,1.0,2,1.6,20.82,-7.03,21.23,36.36,0.92
DLO PAX 1810.HK AVGO NVDA,12.8,40.1,0.87,2,1.26,20.82,-5.09,20.14,37.22,0.56
DLO 1810.HK AVGO NVDA ADYEN,16.8,41.8,0.96,2,1.43,20.82,-5.81,19.64,38.11,1.17
PAX ORCL RHM ADYEN RDDT,13.7,27.1,0.87,2,1.75,20.82,-6.32,21.48,35.75,0.82
PAX 1810.HK ORCL ADYEN RDDT,13.4,25.9,0.86,2,1.47,20.81,-8.04,20.98,36.98,-0.06
NU 300750.SZ RHM NVDA UBER,14.7,44.3,0.9,1,1.38,20.81,-6.24,20.83,36.61,0.8
NU PAX ORCL RHM TSM,12.6,28.9,0.85,2,1.44,20.8,-4.66,22.53,33.57,1.18
NU ORCL RHM TSM ADYEN,16.6,30.6,0.94,2,1.62,20.8,-5.36,22.06,34.54,1.78
NU 300750.SZ 1810.HK NVDA UBER,14.3,43.0,0.89,1,1.09,20.8,-7.96,20.33,37.82,-0.08
6669.TW ORCL NVDA UBER TSM,11.3,38.1,0.92,3,1.5,20.8,-10.53,22.96,34.84,-1.6
NU PAX 1810.HK ORCL TSM,12.3,27.6,0.84,2,1.15,20.8,-6.29,22.05,34.86,0.31
NU 1810.HK ORCL TSM ADYEN,16.1,29.3,0.93,2,1.33,20.8,-7.04,21.57,35.8,0.92
DLO PAX ORCL UBER RDDT,12.6,26.3,0.83,2,1.37,20.8,-6.55,21.03,36.4,-0.06
DLO ORCL UBER ADYEN RDDT,16.6,28.0,0.92,2,1.55,20.79,-7.31,20.55,37.31,0.56
PAX AVGO ORCL RHM ADYEN,13.5,31.8,0.86,2,1.64,20.79,-4.7,21.37,35.29,1.59
300750.SZ PAX RHM ADYEN RDDT,13.2,30.2,0.87,2,1.49,20.79,-4.89,21.22,35.57,1.63
PAX 1810.HK AVGO ORCL ADYEN,13.2,30.6,0.85,2,1.35,20.79,-6.34,20.88,36.53,0.73
DLO 1810.HK ORCL RHM TSM,16.8,32.0,0.96,1,1.38,20.78,-6.83,20.92,36.62,1.18
FLUT PAX UBER TSM ADYEN,12.0,30.9,0.87,2,1.3,20.78,-5.1,22.48,33.76,0.98
300750.SZ PAX 1810.HK ADYEN RDDT,12.9,28.9,0.86,2,1.2,20.78,-6.54,20.72,36.8,0.76
NU DLO ORCL UBER TSM,15.0,29.8,0.9,2,1.23,20.78,-5.59,21.62,35.21,0.92
AVGO ORCL RHM TSM RDDT,19.1,36.5,1.02,2,1.74,20.78,-8.15,21.3,36.48,1.34
NU 300750.SZ PAX RHM TSM,12.2,32.0,0.85,2,1.18,20.77,-3.3,22.28,33.38,1.97
NU 300750.SZ RHM TSM ADYEN,15.8,33.6,0.94,2,1.35,20.77,-3.98,21.81,34.35,2.56
6669.TW 300750.SZ NVDA UBER TSM,10.9,41.2,0.92,2,1.24,20.77,-8.9,22.7,34.65,-0.74
1810.HK AVGO ORCL TSM RDDT,18.5,35.2,1.0,2,1.46,20.77,-9.99,20.8,37.69,0.47
DLO PAX AVGO ORCL UBER,12.4,31.0,0.82,2,1.26,20.77,-4.93,20.93,35.95,0.73
DLO AVGO ORCL UBER ADYEN,16.3,32.7,0.91,2,1.43,20.77,-5.64,20.43,36.87,1.34
NU 300750.SZ PAX 1810.HK TSM,11.9,30.7,0.84,2,0.89,20.77,-4.87,21.79,34.67,1.12
NU 300750.SZ 1810.HK TSM ADYEN,15.4,32.4,0.93,2,1.07,20.77,-5.58,21.31,35.62,1.72
300750.SZ DLO PAX UBER RDDT,12.2,29.4,0.83,2,1.11,20.77,-5.12,20.77,36.22,0.76
300750.SZ DLO UBER ADYEN RDDT,15.8,31.1,0.91,2,1.29,20.77,-5.84,20.28,37.13,1.37
NU PAX ORCL NVDA ADYEN,12.2,32.3,0.82,3,1.56,20.77,-5.68,21.56,35.29,-0.29
300750.SZ PAX AVGO RHM ADYEN,13.0,34.9,0.86,2,1.38,20.76,-3.35,21.11,35.1,2.37
300750.SZ PAX 1810.HK AVGO ADYEN,12.7,33.6,0.85,2,1.09,20.76,-4.92,20.61,36.35,1.53
300750.SZ DLO 1810.HK RHM TSM,16.0,35.0,0.96,1,1.12,20.76,-5.39,20.66,36.44,1.97
300750.SZ 1810.HK ORCL RHM UBER,15.4,36.1,0.9,1,1.23,20.75,-9.11,20.4,37.94,0.35
DLO PAX ORCL RHM NVDA,12.6,34.9,0.85,2,1.61,20.75,-5.49,20.91,36.12,-0.02
NU 300750.SZ DLO UBER TSM,14.4,32.9,0.9,2,0.97,20.75,-4.2,21.36,35.02,1.72
DLO ORCL RHM NVDA ADYEN,16.5,36.6,0.94,2,1.78,20.75,-6.21,20.41,37.03,0.6
NU ORCL NVDA TSM RDDT,16.6,36.9,0.98,2,1.66,20.75,-9.24,21.48,36.48,-0.55
DLO PAX 1810.HK ORCL NVDA,12.3,33.7,0.84,2,1.32,20.75,-7.17,20.4,37.34,-0.93
DLO 1810.HK ORCL NVDA ADYEN,16.0,35.3,0.93,2,1.49,20.75,-7.93,19.9,38.23,-0.29
300750.SZ AVGO RHM TSM RDDT,18.1,39.5,1.01,1,1.48,20.75,-6.64,21.03,36.3,2.13
300750.SZ 1810.HK AVGO TSM RDDT,17.5,38.3,1.0,1,1.19,20.74,-8.39,20.53,37.52,1.28
300750.SZ DLO PAX AVGO UBER,12.0,34.1,0.82,2,0.99,20.74,-3.57,20.66,35.77,1.53
300750.SZ DLO AVGO UBER ADYEN,15.5,35.8,0.91,2,1.17,20.74,-4.25,20.17,36.69,2.12
PAX AVGO ORCL NVDA RDDT,13.5,38.2,0.9,3,1.68,20.74,-8.5,20.78,37.2,-0.76
AVGO ORCL NVDA ADYEN RDDT,18.1,39.8,0.98,3,1.86,20.74,-9.3,20.29,38.09,-0.12
NU 300750.SZ PAX NVDA ADYEN,11.7,35.3,0.82,3,1.29,20.74,-4.29,21.3,35.1,0.54
NU 1810.HK RHM NVDA UBER,15.6,44.3,0.92,1,1.43,20.73,-7.27,20.41,37.31,0.66
NU AVGO ORCL NVDA TSM,16.2,41.6,0.97,3,1.55,20.73,-7.48,21.37,36.03,0.24
300750.SZ DLO PAX RHM NVDA,12.1,38.0,0.85,2,1.34,20.73,-4.1,20.64,35.93,0.8
300750.SZ DLO RHM NVDA ADYEN,15.7,39.7,0.94,2,1.52,20.73,-4.79,20.15,36.85,1.41
NU 300750.SZ NVDA TSM RDDT,15.8,40.0,0.97,1,1.4,20.72,-7.68,21.22,36.3,0.28
300750.SZ DLO PAX 1810.HK NVDA,11.8,36.7,0.84,2,1.06,20.72,-5.7,20.13,37.16,-0.08
300750.SZ DLO 1810.HK NVDA ADYEN,15.3,38.4,0.93,2,1.23,20.72,-6.44,19.63,38.05,0.54
PAX 1810.HK RHM ADYEN RDDT,14.0,30.2,0.89,2,1.54,20.71,-5.88,20.8,36.29,1.49
300750.SZ PAX AVGO NVDA RDDT,12.9,41.2,0.89,2,1.42,20.71,-6.97,20.51,37.02,0.08
300750.SZ AVGO NVDA ADYEN RDDT,17.2,42.9,0.98,2,1.6,20.71,-7.74,20.02,37.92,0.7
NU PAX UBER ADYEN RDDT,12.7,28.0,0.83,3,1.4,20.71,-4.68,21.5,34.86,1.23
6669.TW RHM NVDA UBER TSM,11.7,42.5,0.95,2,1.58,20.7,-8.19,22.78,34.11,0.01
NU PAX 1810.HK RHM TSM,12.8,32.0,0.87,2,1.23,20.7,-4.25,21.87,34.13,1.83
NU 1810.HK RHM TSM ADYEN,17.0,33.7,0.96,2,1.41,20.7,-4.94,21.39,35.09,2.42
6669.TW 1810.HK NVDA UBER TSM,11.5,41.2,0.94,2,1.29,20.7,-10.03,22.3,35.39,-0.89
NU 300750.SZ AVGO NVDA TSM,15.5,44.7,0.96,2,1.28,20.7,-6.0,21.11,35.84,1.06
DLO PAX RHM UBER RDDT,13.1,30.6,0.86,2,1.45,20.7,-4.49,20.85,35.7,1.49
DLO RHM UBER ADYEN RDDT,17.5,32.3,0.95,2,1.63,20.7,-5.2,20.36,36.62,2.08
DLO PAX 1810.HK UBER RDDT,12.8,29.4,0.85,2,1.16,20.69,-6.12,20.34,36.93,0.62
DLO 1810.HK UBER ADYEN RDDT,17.0,31.1,0.94,2,1.34,20.69,-6.86,19.85,37.83,1.23
300750.SZ PAX ORCL RHM ADYEN,12.5,28.4,0.83,2,1.44,20.69,-5.31,21.36,35.23,0.97
PAX 1810.HK AVGO RHM ADYEN,13.7,34.9,0.88,2,1.43,20.69,-4.29,20.69,35.83,2.24
300750.SZ PAX 1810.HK ORCL ADYEN,12.2,27.1,0.82,2,1.15,20.69,-6.98,20.86,36.48,0.09
NU PAX AVGO UBER ADYEN,12.5,32.7,0.82,3,1.28,20.68,-3.15,21.39,34.39,1.99
NU DLO RHM UBER TSM,15.8,34.1,0.93,2,1.31,20.68,-3.59,21.44,34.49,2.42
NU DLO 1810.HK UBER TSM,15.3,32.9,0.92,2,1.02,20.68,-5.17,20.94,35.75,1.58
300750.SZ ORCL RHM TSM RDDT,17.2,33.0,0.99,1,1.54,20.68,-8.83,21.29,36.42,0.71
1810.HK AVGO RHM TSM RDDT,19.6,39.5,1.03,1,1.53,20.67,-7.69,20.61,37.01,1.99
DLO PAX AVGO RHM UBER,12.9,35.4,0.85,2,1.33,20.67,-2.97,20.74,35.24,2.24
DLO AVGO RHM UBER ADYEN,17.1,37.0,0.94,2,1.51,20.67,-3.64,20.25,36.17,2.82
300750.SZ 1810.HK ORCL TSM RDDT,16.6,31.8,0.98,1,1.25,20.67,-10.71,20.79,37.64,-0.18
300750.SZ DLO PAX ORCL UBER,11.6,27.6,0.79,2,1.05,20.67,-5.54,20.91,35.89,0.09
300750.SZ DLO ORCL UBER ADYEN,14.8,29.3,0.88,2,1.23,20.67,-6.27,20.42,36.81,0.71
NU AVGO UBER TSM RDDT,17.2,37.4,0.97,1,1.39,20.67,-6.42,21.32,35.61,1.74
DLO PAX 1810.HK AVGO UBER,12.6,34.1,0.84,2,1.05,20.67,-4.52,20.23,36.48,1.39
NU PAX RHM NVDA ADYEN,12.6,36.6,0.85,3,1.63,20.67,-3.67,21.37,34.57,1.27
DLO 1810.HK AVGO UBER ADYEN,16.6,35.8,0.93,2,1.22,20.67,-5.22,19.73,37.39,1.99
NU PAX 1810.HK NVDA ADYEN,12.3,35.4,0.84,3,1.35,20.66,-5.26,20.88,35.83,0.4
NU RHM NVDA TSM RDDT,17.5,41.2,1.0,1,1.74,20.65,-7.0,21.3,35.78,1.02
DLO PAX 1810.HK RHM NVDA,12.8,38.0,0.87,2,1.4,20.65,-5.07,20.21,36.65,0.66
DLO 1810.HK RHM NVDA ADYEN,16.9,39.7,0.96,2,1.57,20.65,-5.78,19.71,37.55,1.27
300750.SZ AVGO ORCL RHM TSM,16.8,37.7,0.98,2,1.43,20.65,-7.08,21.18,35.97,1.48
NU 1810.HK NVDA TSM RDDT,16.9,40.0,0.99,1,1.45,20.65,-8.77,20.8,37.01,0.14
NU DLO PAX NVDA UBER,11.7,35.8,0.81,3,1.25,20.65,-3.89,20.93,35.24,0.4
NU DLO NVDA UBER ADYEN,15.1,37.5,0.9,3,1.43,20.65,-4.58,20.43,36.17,1.01
300750.SZ 1810.HK AVGO ORCL TSM,16.3,36.5,0.97,2,1.14,20.65,-8.86,20.68,37.19,0.61
PAX AVGO RHM NVDA RDDT,14.1,42.5,0.92,2,1.76,20.64,-6.31,20.59,36.51,0.82
AVGO RHM NVDA ADYEN RDDT,19.2,44.2,1.01,2,1.94,20.64,-7.05,20.1,37.42,1.43
300750.SZ PAX ORCL NVDA RDDT,12.5,34.7,0.87,2,1.48,20.64,-9.18,20.77,37.14,-1.43
300750.SZ ORCL NVDA ADYEN RDDT,16.3,36.4,0.96,2,1.66,20.64,-10.01,20.28,38.04,-0.78
PAX 1810.HK AVGO NVDA RDDT,13.7,41.2,0.91,2,1.47,20.64,-8.03,20.09,37.72,-0.06
1810.HK AVGO NVDA ADYEN RDDT,18.6,42.9,1.0,2,1.65,20.64,-8.82,19.58,38.6,0.56
6669.TW PAX NVDA TSM ADYEN,9.8,33.5,0.87,2,1.5,20.63,-6.12,23.22,32.52,-0.25
NU AVGO RHM NVDA TSM,17.1,45.9,1.0,2,1.62,20.63,-5.36,21.19,35.32,1.78
NU 300750.SZ ORCL NVDA TSM,14.8,38.2,0.94,2,1.34,20.63,-8.14,21.36,35.97,-0.41
NU 1810.HK AVGO NVDA TSM,16.6,44.7,0.99,2,1.34,20.62,-7.03,20.69,36.56,0.92
DLO AVGO NVDA UBER RDDT,17.1,43.4,0.97,2,1.56,20.62,-7.3,19.64,38.05,0.56
PAX 1810.HK ORCL RHM ADYEN,13.2,28.4,0.86,2,1.49,20.62,-6.32,20.94,35.96,0.82
NU DLO PAX TSM ADYEN,12.4,25.2,0.85,4,1.23,20.61,-1.79,21.89,32.91,2.18
300750.SZ PAX AVGO ORCL NVDA,12.3,39.4,0.86,3,1.37,20.61,-7.42,20.66,36.7,-0.61
300750.SZ AVGO ORCL NVDA ADYEN,16.0,41.1,0.95,3,1.54,20.61,-8.19,20.17,37.6,0.02
NU PAX ORCL UBER ADYEN,12.0,26.2,0.8,3,1.34,20.61,-5.1,21.64,34.52,0.56
1810.HK ORCL RHM TSM RDDT,18.5,33.1,1.01,1,1.59,20.6,-9.96,20.87,37.13,0.57
DLO PAX ORCL RHM UBER,12.4,28.9,0.82,2,1.39,20.6,-4.91,20.99,35.36,0.82
DLO ORCL RHM UBER ADYEN,16.3,30.5,0.91,2,1.57,20.6,-5.62,20.5,36.29,1.43
NU ORCL UBER TSM RDDT,16.3,30.9,0.95,1,1.45,20.6,-8.59,21.57,35.73,0.31
DLO PAX 1810.HK ORCL UBER,12.2,27.6,0.81,2,1.11,20.6,-6.55,20.49,36.61,-0.06
DLO 1810.HK ORCL UBER ADYEN,15.8,29.3,0.9,2,1.28,20.6,-7.31,19.99,37.51,0.56
DLO PAX AVGO TSM RDDT,13.8,31.1,0.92,2,1.36,20.59,-4.27,21.12,34.92,1.74
DLO AVGO TSM ADYEN RDDT,18.7,32.8,1.01,2,1.53,20.59,-4.97,20.64,35.86,2.33
300750.SZ PAX 1810.HK RHM ADYEN,12.7,31.5,0.85,2,1.23,20.59,-4.89,20.68,35.77,1.63
PAX AVGO ORCL UBER RDDT,13.3,32.1,0.87,2,1.47,20.59,-7.86,20.87,36.47,0.11
AVGO ORCL UBER ADYEN RDDT,17.8,33.8,0.96,2,1.65,20.59,-8.64,20.38,37.37,0.73
NU 300750.SZ PAX UBER ADYEN,11.6,29.3,0.79,3,1.08,20.58,-3.73,21.38,34.33,1.37
1810.HK AVGO ORCL RHM TSM,18.1,37.8,1.0,2,1.48,20.58,-8.15,20.76,36.68,1.34
300750.SZ 1810.HK RHM TSM RDDT,17.6,36.1,1.0,1,1.33,20.57,-8.36,20.6,36.95,1.37
NU AVGO ORCL UBER TSM,16.0,35.6,0.94,2,1.33,20.57,-6.86,21.46,35.27,1.08
300750.SZ DLO PAX RHM UBER,12.0,31.9,0.82,2,1.13,20.57,-3.54,20.73,35.18,1.63
300750.SZ DLO RHM UBER ADYEN,15.5,33.6,0.91,2,1.31,20.57,-4.23,20.23,36.11,2.22
PAX ORCL RHM NVDA RDDT,13.5,36.0,0.9,2,1.82,20.57,-8.47,20.85,36.63,-0.65
NU 300750.SZ UBER TSM RDDT,15.6,34.0,0.94,1,1.19,20.57,-7.06,21.31,35.55,1.12
ORCL RHM NVDA ADYEN RDDT,18.1,37.7,0.99,2,2.0,20.57,-9.27,20.36,37.54,-0.02
300750.SZ DLO PAX 1810.HK UBER,11.7,30.7,0.81,2,0.84,20.57,-5.12,20.22,36.43,0.76
300750.SZ DLO 1810.HK UBER ADYEN,15.1,32.4,0.9,2,1.02,20.57,-5.84,19.72,37.33,1.37
PAX 1810.HK ORCL NVDA RDDT,13.2,34.8,0.89,2,1.53,20.56,-10.33,20.34,37.84,-1.58
1810.HK ORCL NVDA ADYEN RDDT,17.6,36.4,0.98,2,1.71,20.56,-11.18,19.85,38.72,-0.93
300750.SZ PAX AVGO UBER RDDT,12.8,35.2,0.86,1,1.21,20.56,-6.37,20.6,36.28,0.93
300750.SZ AVGO UBER ADYEN RDDT,16.9,36.9,0.95,1,1.39,20.56,-7.11,20.11,37.2,1.53
NU ORCL RHM NVDA TSM,16.2,39.5,0.97,2,1.68,20.55,-7.45,21.44,35.44,0.34
NU 1810.HK ORCL NVDA TSM,15.8,38.2,0.96,2,1.4,20.55,-9.24,20.94,36.68,-0.55
DLO ORCL NVDA UBER RDDT,16.3,36.9,0.94,2,1.62,20.55,-9.53,19.9,38.16,-0.93
300750.SZ 1810.HK AVGO RHM TSM,17.2,40.8,1.0,1,1.22,20.55,-6.64,20.49,36.5,2.13
PAX AVGO ORCL RHM NVDA,13.3,40.7,0.89,3,1.71,20.54,-6.75,20.74,36.18,0.15
NU 300750.SZ AVGO UBER TSM,15.3,38.7,0.94,1,1.07,20.54,-5.41,21.2,35.09,1.88
AVGO ORCL RHM NVDA ADYEN,17.7,42.4,0.98,3,1.88,20.54,-7.5,20.25,37.09,0.76
300750.SZ PAX RHM NVDA RDDT,13.0,39.1,0.9,1,1.56,20.54,-6.95,20.58,36.45,0.18
300750.SZ RHM NVDA ADYEN RDDT,17.2,40.8,0.98,1,1.74,20.54,-7.71,20.09,37.36,0.8
PAX 1810.HK AVGO ORCL NVDA,12.9,39.5,0.88,3,1.42,20.54,-8.5,20.23,37.4,-0.76
1810.HK AVGO ORCL NVDA ADYEN,17.2,41.1,0.97,3,1.59,20.54,-9.3,19.73,38.29,-0.12
FLUT PAX NVDA UBER TSM,11.8,39.8,0.9,1,1.37,20.54,-7.17,21.86,34.68,-0.49
FLUT NVDA UBER TSM ADYEN,15.3,41.4,0.99,1,1.55,20.54,-7.94,21.39,35.62,0.14
300750.SZ PAX 1810.HK NVDA RDDT,12.7,37.8,0.88,1,1.27,20.54,-8.71,20.07,37.66,-0.72
300750.SZ 1810.HK NVDA ADYEN RDDT,16.7,39.5,0.97,1,1.45,20.54,-9.52,19.57,38.55,-0.08
NU 300750.SZ RHM NVDA TSM,15.5,42.5,0.97,1,1.42,20.53,-5.98,21.18,35.26,1.15
DLO AVGO ORCL NVDA UBER,15.9,41.6,0.94,3,1.5,20.52,-7.75,19.78,37.73,-0.12
NU 300750.SZ 1810.HK NVDA TSM,15.1,41.3,0.96,1,1.13,20.52,-7.68,20.68,36.5,0.28
300750.SZ DLO NVDA UBER RDDT,15.5,40.0,0.94,1,1.35,20.52,-7.96,19.62,37.99,-0.08
DLO PAX ORCL TSM RDDT,13.2,24.6,0.9,2,1.42,20.52,-6.29,21.38,35.05,0.31
DLO ORCL TSM ADYEN RDDT,17.7,26.3,0.98,2,1.59,20.52,-7.04,20.89,35.98,0.92
300750.SZ PAX AVGO RHM NVDA,12.7,43.8,0.89,2,1.44,20.52,-5.3,20.47,36.0,0.96
300750.SZ AVGO RHM NVDA ADYEN,16.8,45.5,0.98,2,1.62,20.52,-6.03,19.98,36.91,1.57
NU PAX RHM UBER ADYEN,12.5,30.6,0.82,3,1.42,20.51,-3.13,21.46,33.79,2.08
300750.SZ PAX 1810.HK AVGO NVDA,12.5,42.5,0.88,2,1.16,20.51,-6.97,19.96,37.22,0.08
300750.SZ 1810.HK AVGO NVDA ADYEN,16.3,44.2,0.97,2,1.33,20.51,-7.74,19.46,38.11,0.7
NU PAX 1810.HK UBER ADYEN,12.2,29.3,0.81,3,1.13,20.51,-4.68,20.96,35.07,1.23
NU RHM UBER TSM RDDT,17.2,35.2,0.98,1,1.53,20.5,-6.39,21.38,35.02,1.83
DLO PAX 1810.HK RHM UBER,12.6,32.0,0.84,2,1.18,20.5,-4.49,20.3,35.91,1.49
DLO 1810.HK RHM UBER ADYEN,16.7,33.6,0.93,2,1.36,20.5,-5.2,19.8,36.82,2.08
300750.SZ DLO AVGO NVDA UBER,15.2,44.7,0.93,2,1.24,20.49,-6.26,19.51,37.55,0.7
NU 1810.HK UBER TSM RDDT,16.7,34.0,0.96,1,1.24,20.49,-8.12,20.88,36.27,0.98
DLO PAX AVGO ORCL TSM,13.0,29.3,0.89,2,1.3,20.49,-4.68,21.27,34.58,1.08
DLO AVGO ORCL TSM ADYEN,17.3,31.0,0.98,2,1.48,20.49,-5.39,20.78,35.52,1.68
300750.SZ DLO PAX TSM RDDT,12.7,27.7,0.89,2,1.16,20.49,-4.87,21.11,34.86,1.12
300750.SZ DLO TSM ADYEN RDDT,16.8,29.3,0.98,2,1.33,20.49,-5.58,20.63,35.8,1.72
PAX AVGO RHM UBER RDDT,13.9,36.5,0.9,1,1.55,20.49,-5.71,20.68,35.76,1.65
AVGO RHM UBER ADYEN RDDT,18.9,38.1,0.98,1,1.73,20.49,-6.44,20.19,36.69,2.24
300750.SZ PAX ORCL UBER RDDT,12.3,28.7,0.84,1,1.27,20.48,-8.53,20.86,36.41,-0.55
300750.SZ ORCL UBER ADYEN RDDT,16.1,30.4,0.93,1,1.45,20.48,-9.33,20.37,37.32,0.09
PAX 1810.HK AVGO UBER RDDT,13.6,35.2,0.89,1,1.26,20.48,-7.41,20.17,36.99,0.78
1810.HK AVGO UBER ADYEN RDDT,18.3,36.9,0.97,1,1.44,20.48,-8.18,19.67,37.89,1.39
6669.TW PAX UBER TSM ADYEN,9.7,27.5,0.85,2,1.29,20.48,-5.53,23.3,31.7,0.6
300750.SZ 1810.HK ORCL RHM TSM,16.3,34.3,0.97,1,1.28,20.47,-8.83,20.74,36.63,0.71
NU AVGO RHM UBER TSM,16.9,39.9,0.97,1,1.41,20.47,-4.78,21.27,34.55,2.58
NU 300750.SZ ORCL UBER TSM,14.6,32.2,0.91,1,1.13,20.47,-7.51,21.45,35.21,0.45
NU 1810.HK AVGO UBER TSM,16.4,38.7,0.96,1,1.12,20.47,-6.42,20.77,35.81,1.74
PAX 1810.HK RHM NVDA RDDT,13.7,39.1,0.92,1,1.61,20.47,-8.01,20.15,37.16,0.04
1810.HK RHM NVDA ADYEN RDDT,18.6,40.8,1.0,1,1.79,20.47,-8.8,19.65,38.05,0.66
300750.SZ DLO PAX AVGO TSM,12.5,32.4,0.89,2,1.04,20.46,-3.33,21.0,34.39,1.88
300750.SZ DLO AVGO TSM ADYEN,16.5,34.0,0.97,2,1.22,20.46,-4.0,20.52,35.34,2.47
NU PAX NVDA UBER RDDT,12.5,36.9,0.86,2,1.47,20.46,-6.72,20.87,35.76,-0.23
NU NVDA UBER ADYEN RDDT,16.4,38.6,0.94,2,1.64,20.46,-7.48,20.38,36.68,0.4
300750.SZ PAX AVGO ORCL UBER,12.1,33.4,0.83,2,1.15,20.46,-6.8,20.75,35.95,0.25
300750.SZ AVGO ORCL UBER ADYEN,15.8,35.1,0.92,2,1.33,20.46,-7.56,20.25,36.87,0.87
NU 1810.HK RHM NVDA TSM,16.6,42.6,0.99,1,1.47,20.45,-7.0,20.76,35.98,1.02
DLO RHM NVDA UBER RDDT,17.2,41.2,0.97,1,1.69,20.45,-7.27,19.71,37.49,0.66
DLO 1810.HK NVDA UBER RDDT,16.6,40.0,0.96,1,1.41,20.44,-9.05,19.19,38.67,-0.23
300750.SZ PAX ORCL RHM NVDA,12.3,37.3,0.86,2,1.5,20.44,-7.39,20.73,36.12,-0.51
300750.SZ ORCL RHM NVDA ADYEN,16.0,39.0,0.95,2,1.68,20.44,-8.17,20.23,37.04,0.12
PAX 1810.HK AVGO RHM NVDA,13.5,43.8,0.91,2,1.5,20.44,-6.31,20.04,36.71,0.82
1810.HK AVGO RHM NVDA ADYEN,18.2,45.5,1.0,2,1.67,20.44,-7.05,19.54,37.61,1.43
300750.SZ PAX 1810.HK ORCL NVDA,12.0,36.0,0.85,2,1.22,20.44,-9.18,20.22,37.34,-1.43
300750.SZ 1810.HK ORCL NVDA ADYEN,15.6,37.7,0.94,2,1.39,20.44,-10.01,19.72,38.23,-0.78
NU PAX AVGO NVDA UBER,12.3,41.6,0.85,2,1.35,20.44,-5.09,20.76,35.3,0.56
NU AVGO NVDA UBER ADYEN,16.1,43.3,0.94,2,1.53,20.44,-5.81,20.27,36.23,1.17
NU PAX TSM ADYEN RDDT,13.3,26.3,0.9,3,1.45,20.43,-4.43,21.84,33.46,1.58
DLO AVGO RHM NVDA UBER,16.8,45.9,0.96,2,1.58,20.42,-5.61,19.59,37.04,1.43
300750.SZ DLO ORCL NVDA UBER,14.5,38.2,0.91,2,1.3,20.42,-8.42,19.77,37.67,-0.78
DLO 1810.HK AVGO NVDA UBER,16.3,44.7,0.95,2,1.29,20.42,-7.3,19.07,38.24,0.56
DLO PAX RHM TSM RDDT,13.8,28.9,0.92,2,1.5,20.42,-4.25,21.19,34.32,1.83
DLO RHM TSM ADYEN RDDT,18.8,30.6,1.01,2,1.67,20.42,-4.94,20.7,35.27,2.42
PAX ORCL RHM UBER RDDT,13.3,30.0,0.87,1,1.61,20.41,-7.83,20.94,35.89,0.21
ORCL RHM UBER ADYEN RDDT,17.9,31.6,0.96,1,1.79,20.41,-8.62,20.44,36.81,0.82
DLO PAX 1810.HK TSM RDDT,13.5,27.7,0.91,2,1.21,20.41,-5.86,20.69,35.59,0.98
DLO 1810.HK TSM ADYEN RDDT,18.1,29.4,1.0,2,1.38,20.41,-6.59,20.2,36.52,1.58
PAX 1810.HK ORCL UBER RDDT,13.0,28.7,0.86,1,1.32,20.41,-9.65,20.43,37.12,-0.69
1810.HK ORCL UBER ADYEN RDDT,17.3,30.4,0.95,1,1.5,20.41,-10.48,19.93,38.01,-0.06
NU PAX AVGO TSM ADYEN,13.1,31.0,0.89,3,1.33,20.4,-2.91,21.73,32.97,2.33
NU ORCL RHM UBER TSM,16.0,33.4,0.94,1,1.47,20.4,-6.83,21.52,34.68,1.18
NU 1810.HK ORCL UBER TSM,15.6,32.2,0.93,1,1.18,20.4,-8.59,21.03,35.94,0.31
DLO PAX AVGO RHM TSM,13.6,33.6,0.92,2,1.38,20.39,-2.73,21.08,33.84,2.58
DLO AVGO RHM TSM ADYEN,18.3,35.3,1.01,2,1.56,20.39,-3.4,20.59,34.81,3.15
300750.SZ DLO PAX ORCL TSM,12.1,25.9,0.86,2,1.1,20.39,-5.29,21.26,34.52,0.45
300750.SZ DLO ORCL TSM ADYEN,15.7,27.6,0.95,2,1.28,20.39,-6.01,20.77,35.46,1.06
PAX AVGO ORCL RHM UBER,13.1,34.7,0.86,2,1.49,20.39,-6.14,20.83,35.43,0.99
AVGO ORCL RHM UBER ADYEN,17.5,36.4,0.95,2,1.67,20.39,-6.88,20.33,36.36,1.59
DLO PAX 1810.HK AVGO TSM,13.2,32.4,0.91,2,1.09,20.39,-4.27,20.58,35.13,1.74
DLO 1810.HK AVGO TSM ADYEN,17.7,34.1,1.0,2,1.27,20.39,-4.97,20.09,36.06,2.33
300750.SZ PAX RHM UBER RDDT,12.8,33.0,0.87,1,1.35,20.39,-6.34,20.67,35.7,1.02
300750.SZ RHM UBER ADYEN RDDT,17.0,34.7,0.96,1,1.52,20.39,-7.09,20.18,36.63,1.63
PAX 1810.HK AVGO ORCL UBER,12.8,33.4,0.85,2,1.21,20.38,-7.86,20.32,36.67,0.11
1810.HK AVGO ORCL UBER ADYEN,16.9,35.1,0.94,2,1.38,20.38,-8.64,19.82,37.57,0.73
300750.SZ PAX 1810.HK UBER RDDT,12.5,31.8,0.86,1,1.06,20.38,-8.07,20.16,36.94,0.14
300750.SZ 1810.HK UBER ADYEN RDDT,16.5,33.5,0.94,1,1.24,20.38,-8.86,19.66,37.84,0.76
DLO PAX NVDA ADYEN RDDT,13.3,32.3,0.89,3,1.61,20.38,-5.26,20.18,36.01,0.4
NU 300750.SZ RHM UBER TSM,15.3,36.5,0.94,1,1.21,20.37,-5.39,21.26,34.49,1.97
PAX 1810.HK ORCL RHM NVDA,13.0,37.3,0.88,2,1.56,20.37,-8.47,20.3,36.83,-0.65
NU 300750.SZ 1810.HK UBER TSM,14.9,35.3,0.93,1,0.92,20.37,-7.06,20.76,35.76,1.12
1810.HK ORCL RHM NVDA ADYEN,17.2,39.0,0.97,2,1.73,20.37,-9.27,19.8,37.73,-0.02
NU DLO PAX NVDA TSM,12.2,34.1,0.88,3,1.3,20.37,-3.65,21.27,33.84,0.76
NU DLO NVDA TSM ADYEN,15.9,35.8,0.97,3,1.47,20.37,-4.34,20.78,34.81,1.36
NU PAX ORCL NVDA UBER,11.9,35.1,0.82,2,1.41,20.36,-7.17,21.01,35.43,-0.93
NU ORCL NVDA UBER ADYEN,15.3,36.8,0.91,2,1.59,20.36,-7.93,20.52,36.36,-0.29
300750.SZ PAX AVGO RHM UBER,12.6,37.7,0.86,1,1.23,20.36,-4.73,20.56,35.24,1.78
300750.SZ AVGO RHM UBER ADYEN,16.6,39.4,0.95,1,1.41,20.36,-5.44,20.06,36.18,2.37
300750.SZ PAX 1810.HK AVGO UBER,12.3,36.5,0.85,1,0.94,20.36,-6.37,20.05,36.49,0.93
300750.SZ 1810.HK AVGO UBER ADYEN,16.1,38.2,0.94,1,1.12,20.36,-7.11,19.55,37.39,1.53
DLO PAX AVGO NVDA ADYEN,13.0,37.0,0.89,3,1.5,20.36,-3.7,20.07,35.55,1.17
DLO ORCL RHM NVDA UBER,16.0,39.4,0.94,2,1.64,20.35,-7.72,19.85,37.17,-0.02
DLO 1810.HK ORCL NVDA UBER,15.5,38.2,0.93,2,1.35,20.35,-9.53,19.34,38.36,-0.93
DLO AVGO NVDA TSM RDDT,18.3,41.6,1.04,2,1.6,20.34,-7.03,19.99,36.74,0.92
300750.SZ PAX 1810.HK RHM NVDA,12.5,40.4,0.88,1,1.29,20.34,-6.95,20.03,36.65,0.18
300750.SZ 1810.HK RHM NVDA ADYEN,16.4,42.1,0.97,1,1.47,20.34,-7.71,19.53,37.56,0.8
AVGO ORCL NVDA UBER RDDT,17.5,42.7,0.98,3,1.72,20.34,-10.98,19.73,38.22,-0.76
NU 300750.SZ PAX NVDA UBER,11.4,38.2,0.82,2,1.15,20.34,-5.7,20.75,35.24,-0.08
NU 300750.SZ NVDA UBER ADYEN,14.6,39.9,0.91,2,1.33,20.34,-6.44,20.25,36.17,0.54
NU PAX ORCL TSM ADYEN,12.6,24.5,0.86,3,1.39,20.33,-4.85,21.98,33.11,0.92
300750.SZ DLO RHM NVDA UBER,15.2,42.5,0.94,1,1.38,20.32,-6.24,19.58,36.99,0.8
DLO PAX ORCL RHM TSM,13.0,27.1,0.89,2,1.44,20.32,-4.66,21.33,33.98,1.18
DLO ORCL RHM TSM ADYEN,17.3,28.8,0.98,2,1.62,20.32,-5.36,20.85,34.93,1.78
300750.SZ DLO 1810.HK NVDA UBER,14.8,41.3,0.92,1,1.09,20.32,-7.96,19.06,38.19,-0.08
DLO PAX 1810.HK ORCL TSM,12.7,25.9,0.88,2,1.15,20.31,-6.29,20.84,35.25,0.31
DLO 1810.HK ORCL TSM ADYEN,16.8,27.6,0.97,2,1.33,20.31,-7.04,20.34,36.19,0.92
PAX 1810.HK RHM UBER RDDT,13.6,33.1,0.89,1,1.4,20.31,-7.38,20.24,36.42,0.88
1810.HK RHM UBER ADYEN RDDT,18.3,34.7,0.98,1,1.58,20.31,-8.15,19.74,37.33,1.49
300750.SZ AVGO NVDA UBER RDDT,16.6,45.8,0.98,2,1.45,20.31,-9.33,19.45,38.05,0.08
PAX AVGO ORCL TSM RDDT,14.0,30.4,0.93,2,1.52,20.3,-7.58,21.21,35.11,0.47
AVGO ORCL TSM ADYEN RDDT,19.1,32.1,1.02,2,1.69,20.3,-8.36,20.72,36.05,1.08
NU 300750.SZ PAX TSM ADYEN,12.1,27.6,0.86,3,1.13,20.3,-3.49,21.72,32.91,1.72
NU 1810.HK RHM UBER TSM,16.4,36.5,0.96,1,1.26,20.3,-6.39,20.84,35.23,1.83
300750.SZ DLO PAX RHM TSM,12.5,30.2,0.89,2,1.18,20.29,-3.3,21.07,33.78,1.97
300750.SZ DLO RHM TSM ADYEN,16.5,31.9,0.98,2,1.35,20.29,-3.98,20.58,34.75,2.56
300750.SZ PAX ORCL RHM UBER,12.2,31.3,0.83,1,1.29,20.29,-6.78,20.81,35.37,0.35
300750.SZ ORCL RHM UBER ADYEN,15.8,32.9,0.92,1,1.47,20.29,-7.54,20.32,36.3,0.97
300750.SZ DLO PAX 1810.HK TSM,12.3,29.0,0.88,2,0.89,20.29,-4.87,20.57,35.07,1.12
300750.SZ DLO 1810.HK TSM ADYEN,16.0,30.6,0.97,2,1.07,20.29,-5.58,20.07,36.0,1.72
PAX 1810.HK AVGO RHM UBER,13.3,37.8,0.88,1,1.28,20.29,-5.71,20.13,35.97,1.65
1810.HK AVGO RHM UBER ADYEN,17.9,39.4,0.97,1,1.46,20.28,-6.44,19.63,36.89,2.24
300750.SZ PAX 1810.HK ORCL UBER,11.9,30.0,0.82,1,1.0,20.28,-8.53,20.31,36.61,-0.55
300750.SZ 1810.HK ORCL UBER ADYEN,15.4,31.7,0.91,1,1.18,20.28,-9.33,19.81,37.52,0.09
DLO PAX ORCL NVDA ADYEN,12.6,30.5,0.86,3,1.56,20.28,-5.68,20.33,35.68,-0.29
300750.SZ PAX AVGO TSM RDDT,13.4,33.5,0.93,1,1.26,20.28,-6.1,20.95,34.92,1.28
300750.SZ AVGO TSM ADYEN RDDT,18.1,35.1,1.02,1,1.43,20.28,-6.84,20.46,35.86,1.88
DLO ORCL NVDA TSM RDDT,17.3,35.2,1.01,2,1.66,20.27,-9.24,20.25,36.86,-0.55
NU PAX RHM NVDA UBER,12.3,39.5,0.85,2,1.49,20.26,-5.07,20.83,34.71,0.66
NU RHM NVDA UBER ADYEN,16.1,41.1,0.94,2,1.67,20.26,-5.78,20.33,35.65,1.27
NU PAX 1810.HK NVDA UBER,12.0,38.2,0.84,2,1.2,20.26,-6.72,20.32,35.97,-0.23
NU 1810.HK NVDA UBER ADYEN,15.6,39.9,0.93,2,1.38,20.26,-7.48,19.82,36.89,0.4
300750.SZ DLO PAX NVDA ADYEN,12.1,33.6,0.86,3,1.29,20.25,-4.29,20.06,35.49,0.54
DLO 1810.HK RHM NVDA UBER,16.3,42.5,0.96,1,1.43,20.25,-7.27,19.14,37.69,0.66
DLO AVGO ORCL NVDA TSM,16.9,39.9,1.0,3,1.55,20.24,-7.48,20.14,36.41,0.24
300750.SZ DLO NVDA TSM RDDT,16.5,38.2,1.01,1,1.4,20.24,-7.68,19.98,36.68,0.28
AVGO RHM NVDA UBER RDDT,18.5,47.0,1.01,2,1.79,20.24,-8.61,19.53,37.55,0.82
300750.SZ ORCL NVDA UBER RDDT,15.8,39.3,0.95,2,1.51,20.24,-11.72,19.71,38.17,-1.43
1810.HK AVGO NVDA UBER RDDT,17.9,45.8,1.0,2,1.51,20.23,-10.47,19.01,38.73,-0.06
NU PAX RHM TSM ADYEN,13.1,28.8,0.89,3,1.47,20.23,-2.89,21.8,32.35,2.42
6669.TW PAX NVDA UBER TSM,9.6,36.4,0.87,2,1.35,20.23,-7.63,22.69,32.67,-0.89
6669.TW NVDA UBER TSM ADYEN,11.7,38.1,0.96,2,1.53,20.23,-8.41,22.23,33.65,-0.25
NU PAX 1810.HK TSM ADYEN,12.8,27.6,0.88,3,1.18,20.23,-4.43,21.3,33.67,1.58
DLO PAX UBER ADYEN RDDT,13.1,26.3,0.87,3,1.4,20.23,-4.68,20.27,35.26,1.23
DLO PAX 1810.HK RHM TSM,13.3,30.2,0.91,2,1.23,20.22,-4.25,20.65,34.53,1.83
DLO 1810.HK RHM TSM ADYEN,17.7,31.9,1.0,2,1.41,20.21,-4.94,20.15,35.48,2.42
300750.SZ DLO AVGO NVDA TSM,16.1,42.9,1.0,2,1.28,20.21,-6.0,19.87,36.23,1.06
PAX 1810.HK ORCL RHM UBER,12.8,31.3,0.85,1,1.34,20.21,-7.83,20.39,36.09,0.21
1810.HK ORCL RHM UBER ADYEN,17.0,33.0,0.94,1,1.52,20.21,-8.62,19.89,37.01,0.82
NU DLO PAX UBER TSM,12.1,28.0,0.85,3,1.09,20.21,-3.1,21.35,33.05,1.58
NU DLO UBER TSM ADYEN,15.7,29.7,0.94,3,1.26,20.21,-3.78,20.87,34.03,2.18
300750.SZ AVGO ORCL NVDA UBER,15.5,44.0,0.95,3,1.4,20.21,-9.81,19.6,37.73,-0.61
PAX AVGO RHM TSM RDDT,14.7,34.7,0.96,1,1.6,20.21,-5.46,21.03,34.39,1.99
AVGO RHM TSM ADYEN RDDT,20.3,36.4,1.05,1,1.77,20.2,-6.18,20.54,35.34,2.58
300750.SZ PAX ORCL TSM RDDT,12.9,27.0,0.91,1,1.32,20.2,-8.25,21.2,35.05,-0.18
300750.SZ ORCL TSM ADYEN RDDT,17.1,28.7,0.99,1,1.49,20.2,-9.05,20.71,35.99,0.45
PAX 1810.HK AVGO TSM RDDT,14.3,33.5,0.95,1,1.31,20.2,-7.14,20.52,35.65,1.14
1810.HK AVGO TSM ADYEN RDDT,19.6,35.2,1.04,1,1.48,20.2,-7.9,20.03,36.58,1.74
DLO PAX AVGO UBER ADYEN,12.9,31.0,0.86,3,1.28,20.2,-3.15,20.16,34.79,1.99
DLO AVGO UBER TSM RDDT,18.0,35.6,1.01,1,1.39,20.18,-6.42,20.08,35.99,1.74
300750.SZ PAX 1810.HK RHM UBER,12.4,34.3,0.85,1,1.08,20.18,-6.34,20.12,35.91,1.02
300750.SZ 1810.HK RHM UBER ADYEN,16.2,36.0,0.94,1,1.26,20.18,-7.09,19.62,36.83,1.63
DLO PAX RHM NVDA ADYEN,13.1,34.8,0.89,3,1.63,20.18,-3.67,20.14,34.96,1.27
NU PAX NVDA TSM RDDT,13.1,35.2,0.92,2,1.51,20.18,-6.46,21.21,34.39,0.14
NU NVDA TSM ADYEN RDDT,17.5,36.9,1.01,2,1.69,20.18,-7.21,20.72,35.34,0.76
DLO PAX 1810.HK NVDA ADYEN,12.8,33.6,0.88,3,1.35,20.18,-5.26,19.62,36.22,0.4
300750.SZ PAX AVGO ORCL TSM,12.7,31.7,0.9,2,1.2,20.18,-6.54,21.09,34.58,0.61
300750.SZ AVGO ORCL TSM ADYEN,16.8,33.4,0.99,2,1.38,20.18,-7.29,20.6,35.53,1.22
PAX AVGO NVDA ADYEN RDDT,14.0,38.1,0.93,2,1.71,20.17,-6.51,20.01,36.07,0.56
DLO RHM NVDA TSM RDDT,18.3,39.5,1.04,1,1.74,20.17,-7.0,20.06,36.16,1.02
ORCL RHM NVDA UBER RDDT,17.5,40.5,0.98,2,1.85,20.16,-10.95,19.79,37.67,-0.65
DLO 1810.HK NVDA TSM RDDT,17.7,38.2,1.03,1,1.45,20.16,-8.77,19.54,37.38,0.14
1810.HK ORCL NVDA UBER RDDT,16.9,39.3,0.97,2,1.57,20.16,-12.97,19.28,38.85,-1.58
NU PAX AVGO NVDA TSM,12.9,39.9,0.92,2,1.4,20.15,-4.84,21.1,33.91,0.92
NU AVGO NVDA TSM ADYEN,17.1,41.6,1.0,2,1.57,20.15,-5.55,20.61,34.87,1.52
DLO AVGO RHM NVDA TSM,17.9,44.2,1.03,2,1.62,20.14,-5.36,19.95,35.71,1.78
300750.SZ DLO ORCL NVDA TSM,15.4,36.5,0.97,2,1.34,20.14,-8.14,20.13,36.35,-0.41
AVGO ORCL RHM NVDA UBER,17.1,45.3,0.98,3,1.74,20.14,-9.08,19.68,37.23,0.15
DLO 1810.HK AVGO NVDA TSM,17.3,43.0,1.02,2,1.34,20.14,-7.03,19.43,36.94,0.92
300750.SZ RHM NVDA UBER RDDT,16.6,43.6,0.98,1,1.59,20.14,-9.3,19.52,37.49,0.18
1810.HK AVGO ORCL NVDA UBER,16.6,44.0,0.97,3,1.45,20.13,-10.98,19.16,38.42,-0.76
PAX ORCL RHM TSM RDDT,14.0,28.2,0.94,1,1.66,20.13,-7.56,21.28,34.52,0.57
ORCL RHM TSM ADYEN RDDT,19.2,29.9,1.03,1,1.83,20.13,-8.34,20.79,35.46,1.18
300750.SZ 1810.HK NVDA UBER RDDT,16.1,42.4,0.97,1,1.3,20.13,-11.21,19.0,38.68,-0.72
PAX 1810.HK ORCL TSM RDDT,13.7,27.0,0.93,1,1.37,20.13,-9.36,20.78,35.78,-0.32
1810.HK ORCL TSM ADYEN RDDT,18.5,28.7,1.02,1,1.54,20.13,-10.18,20.29,36.7,0.31
DLO PAX ORCL UBER ADYEN,12.4,24.5,0.83,3,1.34,20.13,-5.1,20.41,34.92,0.56
DLO ORCL UBER TSM RDDT,17.1,29.1,0.98,1,1.45,20.11,-8.59,20.34,36.12,0.31
300750.SZ AVGO RHM NVDA UBER,16.3,48.3,0.97,2,1.48,20.11,-7.53,19.41,37.05,0.96
PAX AVGO ORCL RHM TSM,13.8,32.9,0.93,2,1.54,20.11,-5.88,21.17,34.04,1.34
AVGO ORCL RHM TSM ADYEN,18.7,34.6,1.02,2,1.72,20.11,-6.62,20.68,35.0,1.94
300750.SZ 1810.HK AVGO NVDA UBER,15.8,47.1,0.96,2,1.19,20.11,-9.33,18.88,38.25,0.08
300750.SZ PAX RHM TSM RDDT,13.5,31.3,0.93,1,1.39,20.1,-6.08,21.01,34.33,1.37
300750.SZ RHM TSM ADYEN RDDT,18.1,33.0,1.02,1,1.57,20.1,-6.82,20.52,35.28,1.97
PAX 1810.HK AVGO ORCL TSM,13.4,31.7,0.92,2,1.25,20.1,-7.58,20.67,35.32,0.47
1810.HK AVGO ORCL TSM ADYEN,18.1,33.4,1.01,2,1.43,20.1,-8.36,20.17,36.25,1.08
300750.SZ PAX 1810.HK TSM RDDT,13.1,30.1,0.92,1,1.11,20.1,-7.79,20.51,35.6,0.51
300750.SZ 1810.HK TSM ADYEN RDDT,17.5,31.7,1.01,1,1.28,20.1,-8.57,20.02,36.52,1.12
300750.SZ DLO PAX UBER ADYEN,12.0,27.6,0.83,3,1.08,20.1,-3.73,20.15,34.73,1.37
PAX ORCL NVDA ADYEN RDDT,13.5,31.6,0.91,2,1.77,20.1,-8.69,20.27,36.2,-0.93
DLO AVGO ORCL UBER TSM,16.7,33.8,0.98,2,1.33,20.09,-6.86,20.23,35.66,1.08
300750.SZ DLO UBER TSM RDDT,16.3,32.2,0.98,1,1.19,20.08,-7.06,20.07,35.94,1.12
NU PAX ORCL NVDA TSM,12.4,33.4,0.89,2,1.46,20.08,-6.9,21.35,34.04,-0.55
NU ORCL NVDA TSM ADYEN,16.2,35.1,0.98,2,1.63,20.08,-7.66,20.87,35.0,0.08
300750.SZ PAX AVGO RHM TSM,13.2,36.0,0.93,1,1.28,20.08,-4.48,20.91,33.85,2.13
300750.SZ AVGO RHM TSM ADYEN,17.7,37.7,1.02,1,1.45,20.08,-5.18,20.41,34.81,2.71
300750.SZ PAX 1810.HK AVGO TSM,12.9,34.8,0.92,1,0.99,20.07,-6.1,20.4,35.13,1.28
300750.SZ 1810.HK AVGO TSM ADYEN,17.1,36.5,1.0,1,1.17,20.07,-6.84,19.9,36.07,1.88
PAX AVGO ORCL NVDA ADYEN,13.2,36.3,0.9,3,1.66,20.07,-6.95,20.16,35.74,-0.12
DLO ORCL RHM NVDA TSM,17.0,37.7,1.01,2,1.68,20.07,-7.45,20.21,35.83,0.34
300750.SZ PAX NVDA ADYEN RDDT,13.0,34.7,0.9,2,1.51,20.07,-7.15,20.0,36.02,-0.08
DLO 1810.HK ORCL NVDA TSM,16.5,36.5,1.0,2,1.4,20.06,-9.24,19.69,37.06,-0.55
1810.HK RHM NVDA UBER RDDT,17.9,43.6,1.0,1,1.64,20.06,-10.45,19.08,38.18,0.04
300750.SZ DLO AVGO UBER TSM,15.9,36.9,0.97,1,1.07,20.06,-5.41,19.96,35.48,1.88
AVGO ORCL NVDA TSM RDDT,18.7,41.0,1.05,3,1.76,20.05,-10.67,20.08,36.92,-0.38
NU 300750.SZ PAX NVDA TSM,12.0,36.5,0.89,2,1.2,20.05,-5.45,21.09,33.85,0.28
NU 300750.SZ NVDA TSM ADYEN,15.5,38.2,0.98,2,1.37,20.05,-6.17,20.6,34.81,0.9
300750.SZ PAX AVGO NVDA ADYEN,12.7,39.4,0.9,2,1.39,20.04,-5.5,19.89,35.56,0.7
300750.SZ DLO RHM NVDA TSM,16.2,40.8,1.0,1,1.42,20.04,-5.98,19.94,35.65,1.15
300750.SZ ORCL RHM NVDA UBER,15.5,41.8,0.95,2,1.54,20.04,-9.78,19.67,37.17,-0.51
300750.SZ DLO 1810.HK NVDA TSM,15.7,39.5,0.99,1,1.13,20.04,-7.68,19.42,36.88,0.28
1810.HK AVGO RHM NVDA UBER,17.5,48.3,1.0,2,1.53,20.03,-8.61,18.97,37.75,0.82
300750.SZ 1810.HK ORCL NVDA UBER,15.1,40.6,0.94,2,1.25,20.03,-11.72,19.15,38.36,-1.43
PAX 1810.HK RHM TSM RDDT,14.3,31.3,0.96,1,1.45,20.03,-7.11,20.59,35.07,1.24
1810.HK RHM TSM ADYEN RDDT,19.6,33.0,1.04,1,1.62,20.03,-7.87,20.1,36.0,1.83
DLO PAX RHM UBER ADYEN,12.9,28.8,0.86,3,1.42,20.03,-3.13,20.23,34.19,2.08
300750.SZ AVGO NVDA TSM RDDT,17.7,44.0,1.05,2,1.5,20.03,-9.04,19.81,36.74,0.44
NU PAX UBER TSM RDDT,13.0,29.1,0.9,2,1.3,20.02,-5.86,21.3,33.6,0.98
NU UBER TSM ADYEN RDDT,17.2,30.8,0.98,2,1.48,20.02,-6.59,20.81,34.57,1.58
DLO PAX 1810.HK UBER ADYEN,12.6,27.6,0.85,3,1.13,20.02,-4.68,19.71,35.46,1.23
PAX AVGO UBER ADYEN RDDT,13.9,32.1,0.9,2,1.5,20.01,-5.91,20.1,35.32,1.39
DLO RHM UBER TSM RDDT,18.1,33.5,1.01,1,1.53,20.01,-6.39,20.15,35.41,1.83
DLO 1810.HK UBER TSM RDDT,17.5,32.2,1.0,1,1.24,20.01,-8.12,19.63,36.65,0.98
300750.SZ PAX ORCL RHM TSM,12.7,29.5,0.9,1,1.34,20.0,-6.51,21.16,33.98,0.71
300750.SZ ORCL RHM TSM ADYEN,16.8,31.2,0.99,1,1.51,20.0,-7.26,20.67,34.94,1.32
PAX 1810.HK AVGO RHM TSM,14.0,36.0,0.95,1,1.33,20.0,-5.46,20.48,34.6,1.99
1810.HK AVGO RHM TSM ADYEN,19.2,37.7,1.04,1,1.51,20.0,-6.18,19.98,35.54,2.58
300750.SZ PAX 1810.HK ORCL TSM,12.4,28.3,0.89,1,1.05,20.0,-8.25,20.66,35.26,-0.18
300750.SZ 1810.HK ORCL TSM ADYEN,16.3,30.0,0.98,1,1.23,20.0,-9.05,20.16,36.19,0.45
NU PAX AVGO UBER TSM,12.7,33.8,0.89,2,1.19,20.0,-4.27,21.19,33.12,1.74
NU AVGO UBER TSM ADYEN,16.8,35.5,0.98,2,1.36,20.0,-4.97,20.7,34.1,2.33
PAX RHM NVDA ADYEN RDDT,14.1,35.9,0.94,2,1.85,20.0,-6.48,20.08,35.49,0.66
PAX 1810.HK NVDA ADYEN RDDT,13.7,34.7,0.92,2,1.56,19.99,-8.22,19.56,36.73,-0.23
DLO AVGO RHM UBER TSM,17.6,38.2,1.0,1,1.41,19.99,-4.78,20.03,34.95,2.58
300750.SZ DLO ORCL UBER TSM,15.2,30.4,0.95,1,1.13,19.98,-7.51,20.21,35.6,0.45
NU PAX RHM NVDA TSM,12.9,37.7,0.92,2,1.54,19.98,-4.81,21.17,33.3,1.02
DLO 1810.HK AVGO UBER TSM,17.1,36.9,0.99,1,1.12,19.98,-6.42,19.52,36.2,1.74
NU RHM NVDA TSM ADYEN,17.1,39.4,1.01,2,1.71,19.98,-5.53,20.68,34.27,1.62
NU PAX 1810.HK NVDA TSM,12.6,36.5,0.91,2,1.25,19.98,-6.46,20.67,34.6,0.14
NU 1810.HK NVDA TSM ADYEN,16.6,38.2,1.0,2,1.42,19.98,-7.21,20.17,35.54,0.76
DLO PAX NVDA UBER RDDT,12.9,35.2,0.89,2,1.47,19.97,-6.72,19.62,36.15,-0.23
DLO NVDA UBER ADYEN RDDT,17.1,36.8,0.98,2,1.64,19.97,-7.48,19.11,37.06,0.4
PAX AVGO RHM NVDA ADYEN,13.8,40.6,0.93,2,1.73,19.97,-4.86,19.97,35.03,1.43
300750.SZ PAX ORCL NVDA ADYEN,12.3,32.9,0.87,2,1.45,19.97,-7.6,20.15,35.68,-0.78
PAX 1810.HK AVGO NVDA ADYEN,13.5,39.4,0.92,2,1.45,19.97,-6.51,19.45,36.28,0.56
DLO 1810.HK RHM NVDA TSM,17.4,40.8,1.02,1,1.47,19.96,-7.0,19.5,36.37,1.02
1810.HK ORCL RHM NVDA UBER,16.6,41.9,0.97,2,1.59,19.96,-10.95,19.23,37.87,-0.65
NU DLO NVDA UBER TSM,15.4,38.6,0.96,2,1.33,19.96,-5.76,20.22,34.95,0.76
AVGO RHM NVDA TSM RDDT,19.8,45.3,1.08,2,1.84,19.95,-8.33,19.89,36.23,1.18
300750.SZ ORCL NVDA TSM RDDT,16.8,37.6,1.02,2,1.56,19.95,-11.41,20.07,36.86,-1.05
1810.HK AVGO NVDA TSM RDDT,19.1,44.1,1.07,2,1.55,19.95,-10.18,19.37,37.44,0.3
DLO PAX AVGO NVDA UBER,12.7,39.9,0.88,2,1.35,19.95,-5.09,19.5,35.69,0.56
DLO AVGO NVDA UBER ADYEN,16.8,41.6,0.97,2,1.53,19.95,-5.81,18.99,36.61,1.17
DLO PAX TSM ADYEN RDDT,13.8,24.5,0.93,3,1.45,19.94,-4.43,20.62,33.86,1.58
PAX ORCL UBER ADYEN RDDT,13.3,25.6,0.88,2,1.56,19.94,-8.04,20.36,35.45,-0.06
300750.SZ 1810.HK RHM NVDA UBER,15.8,44.9,0.97,1,1.33,19.93,-9.3,18.96,37.69,0.18
PAX 1810.HK ORCL RHM TSM,13.5,29.5,0.92,1,1.39,19.93,-7.56,20.74,34.73,0.57
1810.HK ORCL RHM TSM ADYEN,18.1,31.2,1.01,1,1.57,19.93,-8.34,20.24,35.67,1.18
300750.SZ AVGO ORCL NVDA TSM,16.4,42.3,1.01,3,1.44,19.93,-9.52,19.96,36.41,-0.24
NU PAX ORCL UBER TSM,12.3,27.4,0.86,2,1.25,19.92,-6.29,21.44,33.25,0.31
NU ORCL UBER TSM ADYEN,16.0,29.0,0.95,2,1.42,19.92,-7.04,20.95,34.23,0.92
DLO PAX AVGO TSM ADYEN,13.6,29.2,0.93,3,1.33,19.92,-2.91,20.51,33.38,2.33
PAX AVGO ORCL UBER ADYEN,13.1,30.3,0.87,2,1.44,19.91,-6.34,20.25,34.98,0.73
DLO ORCL RHM UBER TSM,16.7,31.7,0.98,1,1.47,19.91,-6.83,20.29,35.07,1.18
300750.SZ PAX UBER ADYEN RDDT,12.8,28.7,0.88,2,1.3,19.91,-6.54,20.09,35.26,0.76
DLO 1810.HK ORCL UBER TSM,16.2,30.4,0.97,1,1.18,19.91,-8.59,19.78,36.32,0.31
300750.SZ PAX 1810.HK RHM TSM,12.9,32.6,0.92,1,1.13,19.9,-6.08,20.47,34.54,1.37
300750.SZ 1810.HK RHM TSM ADYEN,17.2,34.3,1.01,1,1.3,19.9,-6.82,19.97,35.48,1.97
AVGO ORCL UBER TSM RDDT,18.4,34.9,1.02,2,1.55,19.9,-9.99,20.17,36.18,0.47
NU 300750.SZ PAX UBER TSM,11.8,30.4,0.86,2,0.98,19.9,-4.87,21.18,33.06,1.12
PAX ORCL RHM NVDA ADYEN,13.3,34.2,0.9,2,1.79,19.9,-6.92,20.23,35.16,-0.02
NU 300750.SZ UBER TSM ADYEN,15.3,32.1,0.95,2,1.16,19.9,-5.58,20.69,34.04,1.72
PAX 1810.HK ORCL NVDA ADYEN,12.9,32.9,0.89,2,1.51,19.89,-8.69,19.71,36.4,-0.93
300750.SZ PAX AVGO UBER ADYEN,12.6,33.4,0.87,2,1.18,19.88,-4.92,19.98,34.8,1.53
300750.SZ DLO RHM UBER TSM,15.9,34.8,0.97,1,1.21,19.88,-5.39,20.02,34.89,1.97
ORCL RHM NVDA TSM RDDT,18.7,38.8,1.05,2,1.9,19.88,-10.64,20.15,36.35,-0.28
300750.SZ DLO 1810.HK UBER TSM,15.5,33.5,0.96,1,0.92,19.88,-7.06,19.51,36.14,1.12
1810.HK ORCL NVDA TSM RDDT,18.1,37.6,1.04,2,1.61,19.88,-12.65,19.63,37.57,-1.2
DLO PAX ORCL NVDA UBER,12.2,33.4,0.86,2,1.41,19.88,-7.17,19.76,35.82,-0.93
DLO ORCL NVDA UBER ADYEN,15.9,35.1,0.95,2,1.59,19.88,-7.93,19.26,36.74,-0.29
300750.SZ AVGO UBER TSM RDDT,17.4,38.0,1.02,1,1.29,19.87,-8.39,19.9,36.0,1.28
300750.SZ PAX RHM NVDA ADYEN,12.8,37.2,0.9,2,1.53,19.87,-5.47,19.96,34.97,0.8
300750.SZ PAX 1810.HK NVDA ADYEN,12.5,36.0,0.89,2,1.24,19.86,-7.15,19.44,36.22,-0.08
AVGO ORCL RHM NVDA TSM,18.3,43.5,1.05,3,1.78,19.86,-8.79,20.03,35.89,0.51
300750.SZ RHM NVDA TSM RDDT,17.7,41.9,1.05,1,1.64,19.85,-9.01,19.88,36.17,0.54
1810.HK AVGO ORCL NVDA TSM,17.7,42.3,1.03,3,1.5,19.85,-10.67,19.52,37.12,-0.38
300750.SZ 1810.HK NVDA TSM RDDT,17.2,40.6,1.04,1,1.35,19.85,-10.9,19.36,37.39,-0.35
300750.SZ DLO PAX NVDA UBER,11.8,36.5,0.86,2,1.15,19.85,-5.7,19.49,35.63,-0.08
300750.SZ DLO NVDA UBER ADYEN,15.2,38.1,0.94,2,1.33,19.85,-6.44,18.98,36.56,0.54
DLO PAX ORCL TSM ADYEN,13.0,22.7,0.9,3,1.39,19.84,-4.85,20.76,33.51,0.92
PAX RHM UBER ADYEN RDDT,13.9,29.9,0.91,2,1.64,19.84,-5.88,20.17,34.73,1.49
PAX 1810.HK UBER ADYEN RDDT,13.6,28.7,0.9,2,1.35,19.83,-7.59,19.65,35.99,0.62
300750.SZ AVGO RHM NVDA TSM,17.3,46.6,1.04,2,1.52,19.83,-7.26,19.76,35.71,1.32
NU PAX RHM UBER TSM,12.8,31.7,0.89,2,1.32,19.82,-4.25,21.25,32.5,1.83
NU RHM UBER TSM ADYEN,16.9,33.4,0.98,2,1.5,19.82,-4.94,20.77,33.49,2.42
300750.SZ 1810.HK AVGO NVDA TSM,16.8,45.4,1.03,2,1.23,19.82,-9.04,19.24,36.94,0.44
NU PAX 1810.HK UBER TSM,12.5,30.4,0.88,2,1.04,19.82,-5.86,20.75,33.82,0.98
NU 1810.HK UBER TSM ADYEN,16.4,32.1,0.97,2,1.21,19.82,-6.59,20.26,34.78,1.58
300750.SZ DLO PAX TSM ADYEN,12.5,25.8,0.9,3,1.13,19.81,-3.49,20.5,33.32,1.72
PAX AVGO RHM UBER ADYEN,13.7,34.6,0.9,2,1.52,19.81,-4.29,20.06,34.26,2.24
300750.SZ PAX ORCL UBER ADYEN,12.1,26.9,0.84,2,1.24,19.81,-6.98,20.23,34.92,0.09
PAX 1810.HK AVGO UBER ADYEN,13.3,33.4,0.89,2,1.23,19.81,-5.91,19.54,35.53,1.39
DLO 1810.HK RHM UBER TSM,17.1,34.8,1.0,1,1.26,19.81,-6.39,19.59,35.62,1.83
AVGO RHM UBER TSM RDDT,19.5,39.3,1.05,1,1.63,19.8,-7.69,19.98,35.48,1.99
300750.SZ ORCL UBER TSM RDDT,16.5,31.5,0.99,1,1.35,19.8,-10.71,20.16,36.12,-0.18
1810.HK AVGO UBER TSM RDDT,18.8,38.0,1.04,1,1.34,19.79,-9.5,19.46,36.71,1.14
PAX 1810.HK RHM NVDA ADYEN,13.5,37.2,0.92,2,1.58,19.79,-6.48,19.52,35.7,0.66
NU PAX NVDA UBER ADYEN,12.3,35.1,0.86,3,1.44,19.79,-5.26,20.25,34.26,0.4
1810.HK RHM NVDA TSM RDDT,19.2,41.9,1.07,1,1.69,19.78,-10.15,19.44,36.88,0.4
DLO PAX RHM NVDA UBER,12.7,37.7,0.89,2,1.49,19.77,-5.07,19.57,35.1,0.66
DLO RHM NVDA UBER ADYEN,16.8,39.4,0.98,2,1.67,19.77,-5.78,19.06,36.04,1.27
NU NVDA UBER TSM RDDT,16.8,39.7,1.01,1,1.55,19.77,-8.77,20.17,35.47,0.14
DLO PAX 1810.HK NVDA UBER,12.4,36.5,0.88,2,1.2,19.77,-6.72,19.05,36.35,-0.23
DLO 1810.HK NVDA UBER ADYEN,16.3,38.2,0.96,2,1.38,19.77,-7.48,18.54,37.26,0.4
300750.SZ AVGO ORCL UBER TSM,16.2,36.2,0.99,2,1.23,19.77,-8.86,20.04,35.67,0.61
PAX AVGO NVDA UBER RDDT,13.6,41.0,0.93,2,1.57,19.76,-8.03,19.44,36.21,-0.06
AVGO NVDA UBER ADYEN RDDT,18.4,42.7,1.02,2,1.74,19.76,-8.82,18.93,37.12,0.56
300750.SZ ORCL RHM NVDA TSM,16.5,40.1,1.02,2,1.58,19.75,-9.49,20.02,35.84,-0.14
1810.HK AVGO RHM NVDA TSM,18.7,46.6,1.06,2,1.57,19.75,-8.33,19.33,36.43,1.18
300750.SZ 1810.HK ORCL NVDA TSM,16.0,38.9,1.0,2,1.29,19.75,-11.41,19.51,37.06,-1.05
NU AVGO NVDA UBER TSM,16.5,44.4,1.0,2,1.43,19.75,-7.03,20.05,35.01,0.92
DLO PAX RHM TSM ADYEN,13.6,27.1,0.93,3,1.47,19.74,-2.89,20.57,32.76,2.42
PAX ORCL RHM UBER ADYEN,13.1,28.1,0.87,2,1.58,19.74,-6.32,20.31,34.39,0.82
DLO PAX 1810.HK TSM ADYEN,13.3,25.8,0.92,3,1.18,19.74,-4.43,20.07,34.08,1.58
PAX 1810.HK ORCL UBER ADYEN,12.8,26.9,0.86,2,1.29,19.73,-8.04,19.8,35.65,-0.06
PAX AVGO TSM ADYEN RDDT,14.6,30.3,0.97,2,1.55,19.73,-5.65,20.45,33.93,1.74
ORCL RHM UBER TSM RDDT,18.4,32.8,1.02,1,1.69,19.72,-9.96,20.23,35.6,0.57
1810.HK ORCL UBER TSM RDDT,17.8,31.5,1.01,1,1.4,19.72,-11.91,19.72,36.84,-0.32
300750.SZ PAX RHM UBER ADYEN,12.6,31.2,0.87,2,1.32,19.71,-4.89,20.04,34.2,1.63
300750.SZ PAX 1810.HK UBER ADYEN,12.3,30.0,0.86,2,1.03,19.71,-6.54,19.53,35.47,0.76
AVGO ORCL RHM UBER TSM,18.0,37.5,1.02,2,1.57,19.7,-8.15,20.12,35.14,1.34
300750.SZ RHM UBER TSM RDDT,17.5,35.9,1.02,1,1.43,19.69,-8.36,19.97,35.42,1.37
1810.HK AVGO ORCL UBER TSM,17.4,36.2,1.01,2,1.28,19.69,-9.99,19.61,36.39,0.47
300750.SZ 1810.HK UBER TSM RDDT,16.9,34.6,1.01,1,1.14,19.69,-10.21,19.45,36.66,0.51
DLO PAX NVDA TSM RDDT,13.6,33.4,0.96,2,1.51,19.69,-6.46,19.97,34.78,0.14
DLO NVDA TSM ADYEN RDDT,18.3,35.1,1.05,2,1.69,19.69,-7.21,19.47,35.73,0.76
PAX ORCL NVDA UBER RDDT,13.1,34.5,0.9,2,1.63,19.69,-10.33,19.7,36.34,-1.58
ORCL NVDA UBER ADYEN RDDT,17.5,36.2,0.99,2,1.8,19.69,-11.18,19.2,37.25,-0.93
1810.HK ORCL RHM NVDA TSM,17.7,40.1,1.04,2,1.63,19.68,-10.64,19.59,36.55,-0.28
NU ORCL NVDA UBER TSM,15.7,37.9,0.98,2,1.49,19.67,-9.24,20.31,35.14,-0.55
300750.SZ AVGO RHM UBER TSM,17.1,40.6,1.01,1,1.31,19.67,-6.64,19.85,34.95,2.13
300750.SZ 1810.HK AVGO UBER TSM,16.6,39.3,1.0,1,1.02,19.66,-8.39,19.34,36.2,1.28
DLO PAX AVGO NVDA TSM,13.3,38.1,0.95,2,1.4,19.66,-4.84,19.86,34.31,0.92
DLO AVGO NVDA TSM ADYEN,17.9,39.8,1.04,2,1.57,19.66,-5.55,19.35,35.26,1.52
PAX AVGO ORCL NVDA UBER,12.9,39.2,0.9,3,1.51,19.66,-8.5,19.59,35.88,-0.76
AVGO ORCL NVDA UBER ADYEN,17.1,40.9,0.99,3,1.69,19.66,-9.3,19.08,36.8,-0.12
300750.SZ PAX NVDA UBER RDDT,12.6,37.6,0.9,1,1.37,19.66,-8.71,19.43,36.15,-0.72
300750.SZ NVDA UBER ADYEN RDDT,16.6,39.2,0.99,1,1.54,19.66,-9.52,18.92,37.07,-0.08
PAX ORCL TSM ADYEN RDDT,14.0,23.8,0.95,2,1.61,19.65,-7.77,20.7,34.06,0.31
300750.SZ 1810.HK RHM NVDA TSM,16.8,43.2,1.03,1,1.37,19.65,-9.01,19.31,36.37,0.54
NU 300750.SZ NVDA UBER TSM,15.0,41.0,0.97,1,1.23,19.64,-7.68,20.04,34.95,0.28
PAX 1810.HK RHM UBER ADYEN,13.3,31.2,0.89,2,1.37,19.63,-5.88,19.61,34.94,1.49
300750.SZ PAX AVGO NVDA UBER,12.4,42.3,0.89,2,1.25,19.63,-6.97,19.32,35.7,0.08
300750.SZ AVGO NVDA UBER ADYEN,16.2,43.9,0.98,2,1.43,19.63,-7.74,18.81,36.62,0.7
PAX AVGO ORCL TSM ADYEN,13.8,28.5,0.94,2,1.49,19.63,-6.08,20.59,33.58,1.08
300750.SZ PAX TSM ADYEN RDDT,13.5,26.9,0.94,2,1.34,19.62,-6.28,20.44,33.87,1.12
1810.HK RHM UBER TSM RDDT,18.9,35.9,1.04,1,1.48,19.62,-9.47,19.53,36.14,1.24
300750.SZ PAX AVGO TSM ADYEN,13.2,31.6,0.94,2,1.23,19.6,-4.67,20.33,33.39,1.88
300750.SZ ORCL RHM UBER TSM,16.2,34.1,0.99,1,1.37,19.59,-8.83,20.11,35.08,0.71
1810.HK AVGO RHM UBER TSM,18.4,40.6,1.03,1,1.36,19.59,-7.69,19.42,35.68,1.99
300750.SZ 1810.HK ORCL UBER TSM,15.8,32.8,0.98,1,1.08,19.59,-10.71,19.6,36.33,-0.18
DLO PAX ORCL NVDA TSM,12.8,31.6,0.93,2,1.46,19.59,-6.9,20.12,34.44,-0.55
DLO ORCL NVDA TSM ADYEN,16.9,33.3,1.01,2,1.63,19.59,-7.66,19.62,35.39,0.08
PAX RHM NVDA UBER RDDT,13.7,38.8,0.93,1,1.71,19.59,-8.01,19.51,35.63,0.04
RHM NVDA UBER ADYEN RDDT,18.5,40.5,1.02,1,1.88,19.59,-8.8,19.0,36.55,0.66
PAX 1810.HK NVDA UBER RDDT,13.3,37.6,0.92,1,1.42,19.58,-9.84,18.99,36.86,-0.87
1810.HK NVDA UBER ADYEN RDDT,17.9,39.3,1.01,1,1.59,19.58,-10.67,18.48,37.76,-0.23
NU RHM NVDA UBER TSM,16.5,42.3,1.01,1,1.57,19.57,-7.0,20.12,34.41,1.02
NU 1810.HK NVDA UBER TSM,16.0,41.0,0.99,1,1.28,19.57,-8.77,19.61,35.68,0.14
300750.SZ DLO PAX NVDA TSM,12.3,34.7,0.92,2,1.2,19.56,-5.45,19.85,34.25,0.28
300750.SZ DLO NVDA TSM ADYEN,16.1,36.4,1.01,2,1.37,19.56,-6.17,19.34,35.2,0.9
PAX AVGO RHM NVDA UBER,13.4,43.5,0.93,2,1.59,19.56,-6.31,19.4,35.17,0.82
AVGO RHM NVDA UBER ADYEN,18.0,45.2,1.01,2,1.77,19.56,-7.05,18.89,36.1,1.43
300750.SZ PAX ORCL NVDA UBER,12.0,35.8,0.87,2,1.31,19.56,-9.18,19.58,35.82,-1.43
300750.SZ ORCL NVDA UBER ADYEN,15.5,37.5,0.96,2,1.49,19.56,-10.01,19.07,36.74,-0.78
PAX 1810.HK AVGO NVDA UBER,13.1,42.3,0.92,2,1.3,19.56,-8.03,18.88,36.41,-0.06
1810.HK AVGO NVDA UBER ADYEN,17.5,44.0,1.0,2,1.48,19.56,-8.82,18.36,37.32,0.56
PAX RHM TSM ADYEN RDDT,14.7,28.2,0.97,2,1.68,19.55,-5.63,20.52,33.32,1.83
PAX 1810.HK TSM ADYEN RDDT,14.3,26.9,0.96,2,1.4,19.55,-7.31,20.01,34.62,0.98
DLO PAX UBER TSM RDDT,13.4,27.4,0.93,2,1.3,19.53,-5.86,20.06,34.01,0.98
DLO UBER TSM ADYEN RDDT,18.0,29.1,1.02,2,1.48,19.53,-6.59,19.56,34.97,1.58
PAX AVGO RHM TSM ADYEN,14.4,32.9,0.97,2,1.57,19.53,-4.05,20.41,32.83,2.58
300750.SZ PAX ORCL TSM ADYEN,12.7,25.1,0.91,2,1.29,19.52,-6.71,20.58,33.52,0.45
PAX 1810.HK AVGO TSM ADYEN,14.0,31.6,0.96,2,1.28,19.52,-5.65,19.89,34.14,1.74
1810.HK ORCL RHM UBER TSM,17.4,34.1,1.01,1,1.42,19.52,-9.96,19.68,35.81,0.57
DLO PAX AVGO UBER TSM,13.2,32.1,0.92,2,1.19,19.51,-4.27,19.95,33.53,1.74
DLO AVGO UBER TSM ADYEN,17.6,33.8,1.01,2,1.36,19.51,-4.97,19.44,34.5,2.33
NU PAX NVDA TSM ADYEN,12.9,33.3,0.93,3,1.49,19.5,-5.0,20.59,32.83,0.76
300750.SZ 1810.HK RHM UBER TSM,16.6,37.2,1.01,1,1.16,19.49,-8.36,19.4,35.62,1.37
DLO PAX RHM NVDA TSM,13.4,36.0,0.95,2,1.54,19.49,-4.81,19.93,33.71,1.02
DLO RHM NVDA TSM ADYEN,17.9,37.7,1.04,2,1.71,19.49,-5.53,19.42,34.67,1.62
PAX ORCL RHM NVDA UBER,12.9,37.0,0.9,2,1.65,19.49,-8.47,19.66,35.29,-0.65
ORCL RHM NVDA UBER ADYEN,17.1,38.7,0.99,2,1.83,19.49,-9.27,19.15,36.23,-0.02
DLO PAX 1810.HK NVDA TSM,13.0,34.7,0.94,2,1.25,19.48,-6.46,19.41,34.99,0.14
DLO 1810.HK NVDA TSM ADYEN,17.3,36.4,1.03,2,1.42,19.48,-7.21,18.9,35.93,0.76
PAX 1810.HK ORCL NVDA UBER,12.6,35.8,0.89,2,1.36,19.48,-10.33,19.14,36.54,-1.58
1810.HK ORCL NVDA UBER ADYEN,16.6,37.5,0.98,2,1.54,19.48,-11.18,18.63,37.44,-0.93
PAX AVGO NVDA TSM RDDT,14.4,39.2,1.0,2,1.61,19.47,-7.76,19.8,34.85,0.3
AVGO NVDA TSM ADYEN RDDT,19.8,40.9,1.09,2,1.79,19.47,-8.54,19.29,35.79,0.92
300750.SZ PAX RHM NVDA UBER,12.4,40.1,0.9,1,1.39,19.46,-6.95,19.39,35.11,0.18
300750.SZ RHM NVDA UBER ADYEN,16.3,41.8,0.99,1,1.56,19.46,-7.71,18.88,36.04,0.8
PAX ORCL RHM TSM ADYEN,13.8,26.4,0.94,2,1.63,19.45,-6.05,20.66,32.97,1.18
300750.SZ PAX 1810.HK NVDA UBER,12.2,38.9,0.89,1,1.1,19.45,-8.71,18.86,36.36,-0.72
300750.SZ 1810.HK NVDA UBER ADYEN,15.8,40.5,0.97,1,1.28,19.45,-9.52,18.35,37.27,-0.08
PAX 1810.HK ORCL TSM ADYEN,13.4,25.1,0.93,2,1.34,19.45,-7.77,20.15,34.27,0.31
DLO PAX ORCL UBER TSM,12.7,25.6,0.9,2,1.25,19.43,-6.29,20.2,33.66,0.31
DLO ORCL UBER TSM ADYEN,16.7,27.3,0.99,2,1.42,19.43,-7.04,19.71,34.62,0.92
300750.SZ PAX RHM TSM ADYEN,13.2,29.5,0.94,2,1.37,19.42,-4.64,20.39,32.77,1.97
300750.SZ PAX 1810.HK TSM ADYEN,12.9,28.2,0.93,2,1.08,19.42,-6.28,19.88,34.08,1.12
300750.SZ DLO PAX UBER TSM,12.2,28.7,0.89,2,0.98,19.4,-4.87,19.93,33.47,1.12
300750.SZ DLO UBER TSM ADYEN,15.9,30.4,0.98,2,1.16,19.4,-5.58,19.43,34.44,1.72
PAX ORCL NVDA TSM RDDT,13.8,32.7,0.97,2,1.67,19.4,-10.03,20.06,34.98,-1.2
ORCL NVDA TSM ADYEN RDDT,18.7,34.4,1.06,2,1.85,19.4,-10.87,19.56,35.91,-0.55
PAX 1810.HK RHM NVDA UBER,13.1,40.1,0.92,1,1.44,19.38,-8.01,18.95,35.84,0.04
1810.HK RHM NVDA UBER ADYEN,17.5,41.8,1.01,1,1.62,19.38,-8.8,18.43,36.76,0.66
PAX AVGO ORCL NVDA TSM,13.5,37.4,0.96,3,1.56,19.37,-8.22,19.95,34.51,-0.38
AVGO ORCL NVDA TSM ADYEN,18.2,39.1,1.05,3,1.73,19.37,-9.01,19.44,35.45,0.24
300750.SZ PAX NVDA TSM RDDT,13.2,35.8,0.97,1,1.41,19.37,-8.43,19.79,34.79,-0.35
300750.SZ NVDA TSM ADYEN RDDT,17.7,37.5,1.06,1,1.59,19.37,-9.23,19.28,35.73,0.28
PAX 1810.HK RHM TSM ADYEN,14.0,29.5,0.96,2,1.42,19.35,-5.63,19.96,33.54,1.83
300750.SZ PAX AVGO NVDA TSM,13.0,40.5,0.96,2,1.3,19.34,-6.71,19.67,34.32,0.44
300750.SZ AVGO NVDA TSM ADYEN,17.3,42.2,1.05,2,1.47,19.34,-7.46,19.17,35.27,1.06
NU PAX UBER TSM ADYEN,12.8,27.3,0.9,3,1.27,19.34,-4.43,20.68,32.02,1.58
DLO PAX RHM UBER TSM,13.2,29.9,0.93,2,1.32,19.33,-4.25,20.01,32.91,1.83
DLO RHM UBER TSM ADYEN,17.6,31.6,1.02,2,1.5,19.33,-4.94,19.51,33.89,2.42
DLO PAX 1810.HK UBER TSM,12.9,28.7,0.92,2,1.04,19.33,-5.86,19.5,34.22,0.98
DLO 1810.HK UBER TSM ADYEN,17.1,30.4,1.0,2,1.21,19.32,-6.59,18.99,35.17,1.58
PAX AVGO UBER TSM RDDT,14.2,33.2,0.97,1,1.4,19.31,-7.14,19.89,34.07,1.14
AVGO UBER TSM ADYEN RDDT,19.5,34.9,1.06,1,1.58,19.31,-7.9,19.38,35.03,1.74
PAX RHM NVDA TSM RDDT,14.4,37.1,1.0,1,1.75,19.3,-7.73,19.87,34.25,0.4
RHM NVDA TSM ADYEN RDDT,19.8,38.8,1.09,1,1.93,19.3,-8.51,19.36,35.2,1.02
PAX 1810.HK NVDA TSM RDDT,14.0,35.8,0.99,1,1.46,19.29,-9.54,19.35,35.52,-0.49
1810.HK NVDA TSM ADYEN RDDT,19.1,37.5,1.08,1,1.64,19.29,-10.37,18.84,36.45,0.14
DLO PAX NVDA UBER ADYEN,12.7,33.3,0.9,3,1.44,19.29,-5.26,18.97,34.65,0.4
DLO NVDA UBER TSM RDDT,17.6,38.0,1.05,1,1.55,19.28,-8.77,18.89,35.86,0.14
PAX AVGO RHM NVDA TSM,14.1,41.8,0.99,2,1.64,19.27,-6.05,19.75,33.77,1.18
AVGO RHM NVDA TSM ADYEN,19.3,43.5,1.08,2,1.81,19.27,-6.79,19.25,34.74,1.78
300750.SZ PAX ORCL NVDA TSM,12.5,34.0,0.94,2,1.36,19.27,-8.9,19.93,34.45,-1.05
300750.SZ ORCL NVDA TSM ADYEN,16.4,35.7,1.02,2,1.53,19.27,-9.71,19.43,35.39,-0.41
PAX 1810.HK AVGO NVDA TSM,13.8,40.5,0.98,2,1.35,19.27,-7.76,19.24,35.06,0.3
1810.HK AVGO NVDA TSM ADYEN,18.7,42.2,1.07,2,1.52,19.27,-8.54,18.72,35.99,0.92
DLO AVGO NVDA UBER TSM,17.2,42.7,1.04,2,1.43,19.25,-7.03,18.78,35.4,0.92
PAX ORCL UBER TSM RDDT,13.6,26.7,0.94,1,1.46,19.24,-9.36,20.15,34.2,-0.32
ORCL UBER TSM ADYEN RDDT,18.4,28.4,1.03,1,1.64,19.24,-10.18,19.65,35.16,0.31
PAX AVGO ORCL UBER TSM,13.4,31.4,0.94,2,1.35,19.21,-7.58,20.03,33.73,0.47
AVGO ORCL UBER TSM ADYEN,18.0,33.1,1.03,2,1.52,19.21,-8.36,19.53,34.69,1.08
300750.SZ PAX UBER TSM RDDT,13.1,29.8,0.94,1,1.2,19.21,-7.79,19.88,34.01,0.51
300750.SZ UBER TSM ADYEN RDDT,17.4,31.5,1.03,1,1.38,19.21,-8.57,19.37,34.97,1.12
PAX ORCL RHM NVDA TSM,13.6,35.3,0.97,2,1.7,19.2,-8.19,20.01,33.9,-0.28
ORCL RHM NVDA TSM ADYEN,18.3,37.0,1.06,2,1.87,19.2,-8.98,19.51,34.86,0.34
PAX 1810.HK ORCL NVDA TSM,13.2,34.0,0.96,2,1.41,19.19,-10.03,19.5,35.18,-1.2
1810.HK ORCL NVDA TSM ADYEN,17.7,35.7,1.05,2,1.58,19.19,-10.87,18.99,36.12,-0.55
300750.SZ PAX AVGO UBER TSM,12.9,34.5,0.93,1,1.08,19.19,-6.1,19.76,33.53,1.28
300750.SZ AVGO UBER TSM ADYEN,17.0,36.2,1.02,1,1.26,19.18,-6.84,19.26,34.5,1.88
DLO ORCL NVDA UBER TSM,16.4,36.2,1.01,2,1.49,19.18,-9.24,19.04,35.53,-0.55
300750.SZ PAX RHM NVDA TSM,13.0,38.4,0.96,1,1.43,19.17,-6.68,19.74,33.71,0.54
300750.SZ RHM NVDA TSM ADYEN,17.3,40.0,1.05,1,1.61,19.17,-7.44,19.24,34.68,1.15
300750.SZ PAX 1810.HK NVDA TSM,12.7,37.1,0.95,1,1.15,19.16,-8.43,19.22,35.0,-0.35
300750.SZ 1810.HK NVDA TSM ADYEN,16.8,38.8,1.04,1,1.32,19.16,-9.23,18.71,35.94,0.28
300750.SZ DLO NVDA UBER TSM,15.6,39.3,1.01,1,1.23,19.15,-7.68,18.76,35.34,0.28
PAX RHM UBER TSM RDDT,14.2,31.0,0.97,1,1.54,19.14,-7.11,19.96,33.46,1.24
RHM UBER TSM ADYEN RDDT,19.5,32.7,1.06,1,1.72,19.14,-7.87,19.45,34.43,1.83
PAX 1810.HK UBER TSM RDDT,13.9,29.8,0.96,1,1.25,19.13,-8.88,19.44,34.76,0.36
1810.HK UBER TSM ADYEN RDDT,18.8,31.5,1.05,1,1.43,19.13,-9.69,18.93,35.7,0.98
PAX AVGO RHM UBER TSM,14.0,35.7,0.97,1,1.42,19.11,-5.46,19.84,32.98,1.99
AVGO RHM UBER TSM ADYEN,19.0,37.4,1.05,1,1.6,19.11,-6.18,19.34,33.96,2.58
300750.SZ PAX ORCL UBER TSM,12.4,28.0,0.91,1,1.14,19.11,-8.25,20.02,33.66,-0.18
300750.SZ ORCL UBER TSM ADYEN,16.2,29.7,1.0,1,1.32,19.11,-9.05,19.52,34.63,0.45
PAX 1810.HK AVGO UBER TSM,13.6,34.5,0.95,1,1.14,19.11,-7.14,19.33,34.29,1.14
1810.HK AVGO UBER TSM ADYEN,18.4,36.2,1.04,1,1.31,19.11,-7.9,18.82,35.24,1.74
PAX NVDA UBER ADYEN RDDT,13.7,34.4,0.94,2,1.66,19.1,-8.22,18.91,35.19,-0.23
PAX 1810.HK RHM NVDA TSM,13.8,38.4,0.99,1,1.49,19.09,-7.73,19.31,34.46,0.4
1810.HK RHM NVDA TSM ADYEN,18.7,40.1,1.07,1,1.66,19.09,-8.51,18.79,35.41,1.02
NU PAX NVDA UBER TSM,12.6,36.2,0.93,2,1.34,19.09,-6.46,20.03,32.98,0.14
NU NVDA UBER TSM ADYEN,16.5,37.9,1.01,2,1.52,19.09,-7.21,19.53,33.96,0.76
PAX AVGO NVDA UBER ADYEN,13.4,39.1,0.93,2,1.54,19.07,-6.51,18.8,34.72,0.56
DLO RHM NVDA UBER TSM,17.3,40.5,1.04,1,1.57,19.07,-7.0,18.85,34.81,1.02
DLO 1810.HK NVDA UBER TSM,16.7,39.3,1.03,1,1.28,19.07,-8.77,18.32,36.07,0.14
AVGO NVDA UBER TSM RDDT,19.0,43.8,1.09,2,1.65,19.06,-10.18,18.72,35.93,0.3
PAX ORCL RHM UBER TSM,13.4,29.3,0.94,1,1.48,19.04,-7.56,20.1,33.11,0.57
ORCL RHM UBER TSM ADYEN,18.0,30.9,1.03,1,1.66,19.04,-8.34,19.6,34.09,1.18
PAX 1810.HK ORCL UBER TSM,13.1,28.0,0.93,1,1.2,19.03,-9.36,19.59,34.42,-0.32
1810.HK ORCL UBER TSM ADYEN,17.4,29.7,1.02,1,1.37,19.03,-10.18,19.08,35.37,0.31
300750.SZ PAX RHM UBER TSM,12.9,32.3,0.94,1,1.22,19.01,-6.08,19.83,32.92,1.37
300750.SZ RHM UBER TSM ADYEN,17.1,34.0,1.02,1,1.4,19.01,-6.82,19.33,33.9,1.97
300750.SZ PAX 1810.HK UBER TSM,12.6,31.1,0.93,1,0.93,19.0,-7.79,19.31,34.23,0.51
300750.SZ 1810.HK UBER TSM ADYEN,16.6,32.8,1.01,1,1.11,19.0,-8.57,18.8,35.18,1.12
DLO PAX NVDA TSM ADYEN,13.3,31.6,0.96,3,1.49,19.0,-5.0,19.33,33.24,0.76
PAX ORCL NVDA UBER ADYEN,12.9,32.6,0.91,2,1.6,19.0,-8.69,19.06,34.85,-0.93
ORCL NVDA UBER TSM RDDT,18.0,37.3,1.06,2,1.71,18.98,-12.65,18.98,36.05,-1.2
300750.SZ PAX NVDA UBER ADYEN,12.4,35.7,0.91,2,1.34,18.97,-7.15,18.79,34.66,-0.08
AVGO ORCL NVDA UBER TSM,17.6,42.0,1.05,3,1.59,18.96,-10.67,18.87,35.59,-0.38
300750.SZ NVDA UBER TSM RDDT,17.1,40.4,1.06,1,1.44,18.95,-10.9,18.7,35.87,-0.35
PAX 1810.HK RHM UBER TSM,13.6,32.3,0.96,1,1.27,18.93,-7.11,19.4,33.68,1.24
1810.HK RHM UBER TSM ADYEN,18.4,34.0,1.05,1,1.45,18.93,-7.87,18.89,34.65,1.83
300750.SZ AVGO NVDA UBER TSM,16.7,45.1,1.05,2,1.33,18.93,-9.04,18.59,35.41,0.44
PAX RHM NVDA UBER ADYEN,13.4,37.0,0.94,2,1.68,18.9,-6.48,18.87,34.12,0.66
PAX 1810.HK NVDA UBER ADYEN,13.1,35.7,0.93,2,1.39,18.89,-8.22,18.34,35.39,-0.23
RHM NVDA UBER TSM RDDT,19.1,41.6,1.09,1,1.78,18.88,-10.15,18.79,35.34,0.4
1810.HK NVDA UBER TSM RDDT,18.4,40.4,1.08,1,1.5,18.88,-12.11,18.25,36.58,-0.49
AVGO RHM NVDA UBER TSM,18.6,46.3,1.08,2,1.67,18.85,-8.33,18.67,34.88,1.18
300750.SZ ORCL NVDA UBER TSM,15.9,38.6,1.02,2,1.39,18.85,-11.41,18.86,35.53,-1.05
1810.HK AVGO NVDA UBER TSM,18.0,45.1,1.07,2,1.38,18.85,-10.18,18.14,36.13,0.3
DLO PAX UBER TSM ADYEN,13.2,25.6,0.93,3,1.27,18.84,-4.43,19.42,32.44,1.58
PAX NVDA TSM ADYEN RDDT,14.4,32.7,1.01,2,1.7,18.81,-7.94,19.27,33.79,0.14
PAX AVGO NVDA TSM ADYEN,14.1,37.4,1.0,2,1.59,18.78,-6.25,19.16,33.31,0.92
ORCL RHM NVDA UBER TSM,17.6,39.8,1.05,2,1.73,18.78,-10.64,18.94,35.0,-0.28
1810.HK ORCL NVDA UBER TSM,17.1,38.6,1.04,2,1.44,18.77,-12.65,18.41,36.25,-1.2
300750.SZ RHM NVDA UBER TSM,16.7,42.9,1.05,1,1.47,18.75,-9.01,18.66,34.82,0.54
300750.SZ 1810.HK NVDA UBER TSM,16.2,41.7,1.04,1,1.18,18.74,-10.9,18.13,36.07,-0.35
PAX ORCL NVDA TSM ADYEN,13.5,30.9,0.98,2,1.65,18.71,-8.4,19.42,33.44,-0.55
300750.SZ PAX NVDA TSM ADYEN,13.0,34.0,0.97,2,1.38,18.68,-6.88,19.15,33.25,0.28
1810.HK RHM NVDA UBER TSM,18.0,42.9,1.07,1,1.52,18.67,-10.15,18.21,35.55,0.4
PAX UBER TSM ADYEN RDDT,14.2,26.6,0.98,2,1.49,18.65,-7.31,19.36,33.0,0.98
PAX AVGO UBER TSM ADYEN,14.0,31.4,0.97,2,1.37,18.62,-5.65,19.25,32.51,1.74
PAX RHM NVDA TSM ADYEN,14.1,35.2,1.0,2,1.72,18.6,-6.22,19.23,32.69,1.02
PAX 1810.HK NVDA TSM ADYEN,13.8,34.0,0.99,2,1.44,18.6,-7.94,18.7,34.01,0.14
DLO PAX NVDA UBER TSM,13.0,34.4,0.96,2,1.34,18.58,-6.46,18.76,33.39,0.14
DLO NVDA UBER TSM ADYEN,17.2,36.1,1.05,2,1.52,18.58,-7.21,18.24,34.36,0.76
PAX ORCL UBER TSM ADYEN,13.4,24.9,0.95,2,1.43,18.55,-7.77,19.51,32.64,0.31
300750.SZ PAX UBER TSM ADYEN,12.9,27.9,0.94,2,1.17,18.52,-6.28,19.24,32.44,1.12
PAX RHM UBER TSM ADYEN,14.0,29.2,0.98,2,1.51,18.44,-5.63,19.32,31.88,1.83
PAX 1810.HK UBER TSM ADYEN,13.6,28.0,0.97,2,1.22,18.44,-7.31,18.79,33.22,0.98
PAX NVDA UBER TSM RDDT,14.0,35.5,1.01,1,1.56,18.39,-9.54,18.69,33.94,-0.49
NVDA UBER TSM ADYEN RDDT,19.0,37.2,1.1,1,1.73,18.39,-10.37,18.18,34.9,0.14
PAX AVGO NVDA UBER TSM,13.7,40.3,1.0,2,1.44,18.36,-7.76,18.58,33.45,0.3
AVGO NVDA UBER TSM ADYEN,18.6,41.9,1.09,2,1.62,18.36,-8.54,18.06,34.42,0.92
PAX ORCL NVDA UBER TSM,13.2,33.8,0.97,2,1.5,18.28,-10.03,18.85,33.59,-1.2
ORCL NVDA UBER TSM ADYEN,17.6,35.4,1.06,2,1.68,18.28,-10.87,18.33,34.55,-0.55
300750.SZ PAX NVDA UBER TSM,12.7,36.8,0.97,1,1.24,18.25,-8.43,18.57,33.39,-0.35
300750.SZ NVDA UBER TSM ADYEN,16.7,38.5,1.06,1,1.42,18.25,-9.23,18.05,34.36,0.28
PAX RHM NVDA UBER TSM,13.7,38.1,1.0,1,1.58,18.18,-7.73,18.65,32.84,0.4
RHM NVDA UBER TSM ADYEN,18.6,39.8,1.09,1,1.76,18.18,-8.51,18.13,33.82,1.02
PAX 1810.HK NVDA UBER TSM,13.4,36.9,0.99,1,1.29,18.17,-9.54,18.12,34.15,-0.49
1810.HK NVDA UBER TSM ADYEN,18.0,38.5,1.08,1,1.47,18.17,-10.37,17.59,35.1,0.14
PAX NVDA UBER TSM ADYEN,13.7,33.7,1.01,2,1.53,17.68,-7.94,18.04,32.37,0.14
