valeurs,P/E NTM,croiss. N+1 %,PEG LT,n thème dominant,bêta,rdt espéré %,rdt pess %,rdt central %,rdt opt %,"pire cas % (pess, −5 pts, multiples figés)"
6669.TW NU VTEX FLUT DLO,9.2,36.6,0.55,2,0.99,28.72,1.09,31.57,40.92,1.89
6669.TW NU VTEX FLUT AVGO,9.6,42.4,0.59,2,1.09,28.55,0.06,31.44,40.98,2.05
6669.TW NU VTEX FLUT ORCL,9.3,35.9,0.56,2,1.15,28.49,-1.7,31.64,41.09,0.62
6669.TW NU VTEX FLUT 300750.SZ,9.1,39.0,0.56,1,0.89,28.46,-0.46,31.43,40.93,1.43
6669.TW NU VTEX FLUT RHM,9.6,40.3,0.59,1,1.23,28.41,0.08,31.49,40.46,2.14
6669.TW NU VTEX FLUT 1810.HK,9.4,39.0,0.58,2,0.94,28.4,-1.32,31.1,41.57,1.29
6669.TW VTEX FLUT DLO AVGO,9.9,40.7,0.63,2,1.09,28.15,0.06,30.47,41.32,2.05
6669.TW VTEX FLUT DLO ORCL,9.6,34.2,0.6,2,1.15,28.09,-1.7,30.67,41.44,0.62
6669.TW VTEX FLUT 300750.SZ DLO,9.3,37.3,0.6,1,0.89,28.06,-0.46,30.46,41.27,1.43
6669.TW NU VTEX FLUT PAX,8.1,34.2,0.51,2,1.0,28.01,0.52,31.42,39.2,1.29
6669.TW VTEX FLUT DLO RHM,9.9,38.5,0.63,1,1.23,28.0,0.08,30.52,40.81,2.14
6669.TW VTEX FLUT DLO 1810.HK,9.7,37.3,0.62,2,0.94,28.0,-1.32,30.12,41.91,1.29
6669.TW VTEX FLUT AVGO ORCL,10.0,40.0,0.64,3,1.25,27.91,-2.82,30.54,41.49,0.79
6669.TW VTEX FLUT 300750.SZ AVGO,9.7,43.1,0.64,2,0.99,27.89,-1.54,30.33,41.33,1.59
6669.TW VTEX FLUT AVGO RHM,10.3,44.3,0.67,2,1.33,27.83,-0.98,30.39,40.86,2.3
6669.TW VTEX FLUT 300750.SZ ORCL,9.4,36.6,0.61,2,1.05,27.83,-3.39,30.53,41.44,0.15
6669.TW VTEX FLUT 1810.HK AVGO,10.1,43.1,0.66,2,1.04,27.82,-2.43,29.99,41.97,1.45
6669.TW VTEX FLUT ORCL RHM,10.0,37.8,0.64,2,1.39,27.77,-2.79,30.59,40.97,0.88
6669.TW VTEX FLUT 1810.HK ORCL,9.8,36.6,0.63,2,1.1,27.76,-4.33,30.19,42.08,0.0
6669.TW VTEX FLUT 300750.SZ RHM,9.7,40.9,0.64,1,1.13,27.74,-1.52,30.38,40.81,1.68
6669.TW VTEX FLUT 300750.SZ 1810.HK,9.5,39.7,0.63,2,0.84,27.74,-2.99,29.98,41.91,0.82
6669.TW VTEX FLUT 1810.HK RHM,10.1,40.9,0.66,2,1.18,27.68,-2.41,30.04,41.45,1.55
6669.TW NU VTEX FLUT UBER,9.4,38.7,0.6,1,1.03,27.68,-1.32,30.61,40.18,1.29
6669.TW VTEX FLUT DLO PAX,8.3,32.4,0.55,2,1.0,27.61,0.52,30.45,39.56,1.29
6669.TW NU VTEX FLUT TSM,9.8,37.0,0.67,1,1.08,27.44,-1.1,30.88,38.93,1.64
6669.TW VTEX FLUT PAX AVGO,8.6,38.2,0.59,2,1.1,27.43,-0.52,30.32,39.62,1.45
6669.TW VTEX FLUT PAX ORCL,8.4,31.8,0.56,2,1.16,27.37,-2.32,30.52,39.73,0.0
6669.TW VTEX FLUT 300750.SZ PAX,8.2,34.8,0.56,1,0.9,27.35,-1.06,30.31,39.56,0.82
6669.TW VTEX FLUT PAX RHM,8.6,36.1,0.59,1,1.24,27.29,-0.5,30.37,39.08,1.55
6669.TW VTEX FLUT PAX 1810.HK,8.5,34.9,0.58,2,0.95,27.28,-1.93,29.97,40.23,0.68
6669.TW VTEX FLUT DLO UBER,9.7,37.0,0.64,1,1.03,27.27,-1.32,29.62,40.53,1.29
NU VTEX FLUT DLO AVGO,13.0,40.5,0.68,2,1.08,27.2,0.99,28.27,41.58,2.99
NU VTEX FLUT DLO ORCL,12.5,34.0,0.65,2,1.14,27.14,-0.72,28.49,41.69,1.61
NU VTEX FLUT 300750.SZ DLO,12.1,37.1,0.65,2,0.88,27.12,0.48,28.26,41.53,2.39
6669.TW VTEX FLUT AVGO UBER,10.1,42.8,0.67,2,1.13,27.09,-2.43,29.48,40.59,1.45
NU VTEX FLUT DLO RHM,13.1,38.3,0.68,2,1.22,27.06,1.01,28.33,41.06,3.08
NU VTEX FLUT DLO 1810.HK,12.8,37.1,0.67,2,0.93,27.05,-0.36,27.91,42.16,2.26
6669.TW VTEX FLUT DLO TSM,10.0,35.3,0.7,1,1.08,27.03,-1.1,29.9,39.29,1.64
6669.TW VTEX FLUT ORCL UBER,9.8,36.3,0.65,2,1.19,27.03,-4.33,29.69,40.7,0.0
6669.TW VTEX FLUT 300750.SZ UBER,9.5,39.4,0.65,1,0.93,27.0,-2.99,29.47,40.54,0.82
NU VTEX FLUT AVGO ORCL,13.2,39.8,0.69,2,1.24,26.96,-1.81,28.35,41.75,1.77
6669.TW NU VTEX DLO AVGO,10.3,37.1,0.65,2,1.06,26.94,0.64,28.99,39.86,2.63
6669.TW VTEX FLUT RHM UBER,10.1,40.6,0.68,1,1.27,26.94,-2.41,29.54,40.06,1.55
6669.TW VTEX FLUT 1810.HK UBER,9.9,39.4,0.67,2,0.98,26.94,-3.93,29.13,41.19,0.68
NU VTEX FLUT 300750.SZ AVGO,12.7,42.9,0.69,1,0.98,26.94,-0.57,28.12,41.59,2.54
6669.TW NU VTEX DLO ORCL,10.0,30.6,0.63,2,1.12,26.88,-1.09,29.19,39.97,1.24
NU VTEX FLUT AVGO RHM,13.8,44.1,0.72,1,1.32,26.88,-0.02,28.19,41.12,3.23
NU VTEX FLUT 300750.SZ ORCL,12.3,36.4,0.66,1,1.04,26.88,-2.36,28.34,41.7,1.14
NU VTEX FLUT 1810.HK AVGO,13.5,42.9,0.71,2,1.03,26.87,-1.43,27.77,42.22,2.41
6669.TW NU VTEX 300750.SZ DLO,9.7,33.7,0.62,2,0.86,26.86,0.12,28.98,39.8,2.03
6669.TW VTEX FLUT AVGO TSM,10.4,41.1,0.74,2,1.18,26.85,-2.2,29.76,39.35,1.8
NU VTEX FLUT ORCL RHM,13.2,37.6,0.69,1,1.38,26.82,-1.79,28.4,41.23,1.86
NU VTEX FLUT 1810.HK ORCL,12.9,36.4,0.68,2,1.09,26.81,-3.28,27.98,42.33,1.0
6669.TW NU VTEX DLO RHM,10.4,35.0,0.65,2,1.2,26.8,0.66,29.04,39.32,2.72
6669.TW NU VTEX DLO 1810.HK,10.2,33.7,0.64,2,0.91,26.79,-0.73,28.63,40.46,1.89
NU VTEX FLUT 300750.SZ RHM,12.7,40.7,0.69,1,1.11,26.79,-0.55,28.18,41.07,2.64
NU VTEX FLUT 300750.SZ 1810.HK,12.5,39.5,0.68,2,0.83,26.79,-1.98,27.76,42.17,1.8
6669.TW VTEX FLUT ORCL TSM,10.1,34.6,0.72,2,1.24,26.79,-4.09,29.97,39.47,0.37
6669.TW VTEX FLUT 300750.SZ TSM,9.8,37.7,0.71,1,0.98,26.76,-2.76,29.75,39.3,1.18
NU VTEX FLUT 1810.HK RHM,13.5,40.7,0.71,2,1.17,26.73,-1.41,27.82,41.71,2.5
6669.TW VTEX FLUT RHM TSM,10.5,38.9,0.74,1,1.32,26.7,-2.18,29.82,38.81,1.89
6669.TW NU VTEX AVGO ORCL,10.5,36.4,0.66,3,1.22,26.7,-2.19,29.06,40.03,1.4
6669.TW VTEX FLUT 1810.HK TSM,10.3,37.7,0.73,2,1.03,26.7,-3.68,29.41,39.96,1.04
6669.TW NU VTEX 300750.SZ AVGO,10.2,39.5,0.66,2,0.96,26.68,-0.94,28.84,39.86,2.18
6669.TW NU FLUT DLO AVGO,9.4,41.0,0.61,2,1.08,26.67,-0.36,29.51,38.56,1.62
NU VTEX FLUT DLO PAX,10.4,32.3,0.6,3,0.99,26.65,1.43,28.26,39.83,2.26
6669.TW NU VTEX AVGO RHM,10.8,40.8,0.69,2,1.3,26.62,-0.38,28.9,39.38,2.88
6669.TW NU VTEX 300750.SZ ORCL,9.8,33.0,0.64,2,1.02,26.61,-2.75,29.05,39.98,0.77
6669.TW NU VTEX 1810.HK AVGO,10.6,39.5,0.68,2,1.01,26.61,-1.81,28.49,40.52,2.05
6669.TW NU FLUT DLO ORCL,9.1,34.5,0.59,2,1.14,26.61,-2.14,29.71,38.68,0.18
6669.TW NU FLUT 300750.SZ DLO,8.9,37.6,0.58,2,0.88,26.58,-0.89,29.5,38.51,1.0
6669.TW NU VTEX ORCL RHM,10.5,34.3,0.67,2,1.36,26.55,-2.17,29.11,39.49,1.49
6669.TW NU VTEX 1810.HK ORCL,10.3,33.0,0.66,2,1.07,26.55,-3.68,28.7,40.63,0.62
VTEX FLUT DLO AVGO ORCL,13.7,38.0,0.73,2,1.24,26.55,-1.81,27.3,42.09,1.77
6669.TW VTEX FLUT PAX UBER,8.4,34.6,0.6,1,1.05,26.54,-1.93,29.47,38.8,0.68
6669.TW NU VTEX 300750.SZ RHM,10.2,37.4,0.66,1,1.1,26.53,-0.91,28.89,39.33,2.28
6669.TW NU VTEX 300750.SZ 1810.HK,10.0,36.1,0.65,1,0.81,26.53,-2.36,28.48,40.47,1.43
VTEX FLUT 300750.SZ DLO AVGO,13.2,41.1,0.73,1,0.98,26.52,-0.57,27.08,41.93,2.54
6669.TW NU FLUT DLO RHM,9.4,38.8,0.62,2,1.22,26.52,-0.33,29.56,38.01,1.72
6669.TW NU FLUT DLO 1810.HK,9.2,37.6,0.6,2,0.93,26.52,-1.76,29.15,39.18,0.86
NU VTEX FLUT PAX AVGO,10.9,38.1,0.64,2,1.09,26.47,0.42,28.12,39.88,2.41
6669.TW NU VTEX 1810.HK RHM,10.6,37.4,0.69,1,1.15,26.46,-1.79,28.54,39.99,2.14
VTEX FLUT DLO AVGO RHM,14.3,42.4,0.76,1,1.32,26.46,-0.02,27.14,41.46,3.23
VTEX FLUT 300750.SZ DLO ORCL,12.7,34.6,0.7,1,1.04,26.46,-2.36,27.29,42.04,1.14
VTEX FLUT DLO 1810.HK AVGO,14.0,41.1,0.75,2,1.03,26.46,-1.43,26.71,42.55,2.41
6669.TW NU FLUT AVGO ORCL,9.5,40.3,0.63,3,1.24,26.43,-3.27,29.58,38.74,0.35
NU VTEX FLUT PAX ORCL,10.6,31.6,0.61,2,1.15,26.41,-1.32,28.33,40.0,1.0
6669.TW NU FLUT 300750.SZ AVGO,9.2,43.4,0.62,2,0.98,26.4,-1.97,29.36,38.57,1.16
VTEX FLUT DLO ORCL RHM,13.7,35.9,0.73,1,1.38,26.4,-1.79,27.36,41.58,1.86
VTEX FLUT DLO 1810.HK ORCL,13.4,34.6,0.72,2,1.09,26.4,-3.28,26.93,42.66,1.0
6669.TW NU VTEX DLO PAX,8.6,28.9,0.57,3,0.97,26.39,1.09,28.97,38.03,1.89
NU VTEX FLUT 300750.SZ PAX,10.2,34.6,0.61,2,0.89,26.39,-0.1,28.11,39.83,1.8
VTEX FLUT 300750.SZ DLO RHM,13.2,39.0,0.73,1,1.11,26.37,-0.55,27.13,41.41,2.64
VTEX FLUT 300750.SZ DLO 1810.HK,12.9,37.7,0.72,2,0.83,26.37,-1.98,26.7,42.5,1.8
6669.TW NU FLUT AVGO RHM,9.8,44.6,0.65,2,1.32,26.34,-1.4,29.43,38.07,1.87
6669.TW NU FLUT 300750.SZ ORCL,9.0,36.9,0.6,2,1.04,26.34,-3.85,29.57,38.69,-0.3
6669.TW NU FLUT 1810.HK AVGO,9.6,43.4,0.64,2,1.03,26.34,-2.88,29.02,39.24,1.02
NU VTEX FLUT PAX RHM,10.9,35.9,0.64,2,1.23,26.32,0.44,28.17,39.35,2.5
NU VTEX FLUT PAX 1810.HK,10.7,34.7,0.63,2,0.94,26.32,-0.95,27.75,40.49,1.66
VTEX FLUT DLO 1810.HK RHM,14.0,39.0,0.75,2,1.17,26.31,-1.41,26.77,42.05,2.5
NU VTEX FLUT DLO UBER,12.7,36.8,0.69,2,1.02,26.31,-0.36,27.38,40.79,2.26
6669.TW VTEX FLUT PAX TSM,8.7,32.8,0.66,1,1.09,26.3,-1.71,29.75,37.51,1.04
6669.TW VTEX DLO AVGO ORCL,10.8,34.7,0.7,3,1.22,26.28,-2.19,28.03,40.38,1.4
VTEX FLUT 300750.SZ AVGO ORCL,13.4,40.4,0.74,2,1.14,26.28,-3.5,27.15,42.09,1.3
6669.TW NU FLUT ORCL RHM,9.5,38.2,0.63,2,1.38,26.28,-3.25,29.63,38.19,0.44
6669.TW NU FLUT 1810.HK ORCL,9.3,36.9,0.62,2,1.09,26.27,-4.81,29.22,39.36,-0.45
6669.TW VTEX 300750.SZ DLO AVGO,10.4,37.8,0.7,2,0.96,26.26,-0.94,27.81,40.21,2.18
6669.TW NU FLUT 300750.SZ RHM,9.2,41.2,0.63,1,1.12,26.25,-1.95,29.42,38.02,1.25
6669.TW NU FLUT 300750.SZ 1810.HK,9.1,40.0,0.61,2,0.83,26.25,-3.45,29.01,39.19,0.38
VTEX FLUT AVGO ORCL RHM,14.6,41.7,0.77,2,1.48,26.22,-2.91,27.22,41.63,2.02
VTEX FLUT 1810.HK AVGO ORCL,14.2,40.5,0.76,2,1.19,26.21,-4.45,26.79,42.72,1.16
6669.TW NU VTEX PAX AVGO,9.0,34.7,0.61,2,1.07,26.21,0.06,28.83,38.09,2.05
6669.TW VTEX DLO AVGO RHM,11.1,39.0,0.73,2,1.3,26.2,-0.38,27.88,39.74,2.88
6669.TW VTEX 300750.SZ DLO ORCL,10.1,31.3,0.67,2,1.02,26.2,-2.75,28.02,40.33,0.77
6669.TW VTEX DLO 1810.HK AVGO,10.9,37.8,0.72,2,1.01,26.19,-1.81,27.45,40.87,2.05
VTEX FLUT 300750.SZ AVGO RHM,13.9,44.8,0.77,1,1.21,26.19,-1.62,26.99,41.47,2.79
VTEX FLUT 300750.SZ 1810.HK AVGO,13.6,43.5,0.76,2,0.93,26.19,-3.11,26.56,42.56,1.96
6669.TW NU FLUT 1810.HK RHM,9.6,41.2,0.65,2,1.17,26.19,-2.86,29.07,38.7,1.11
6669.TW NU VTEX PAX ORCL,8.7,28.2,0.59,2,1.13,26.15,-1.7,29.04,38.21,0.62
6669.TW VTEX DLO ORCL RHM,10.8,32.5,0.7,2,1.36,26.13,-2.17,28.09,39.85,1.49
6669.TW VTEX DLO 1810.HK ORCL,10.6,31.3,0.69,2,1.07,26.13,-3.68,27.67,40.98,0.62
VTEX FLUT 300750.SZ ORCL RHM,13.4,38.3,0.74,1,1.27,26.13,-3.48,27.21,41.58,1.4
VTEX FLUT 1810.HK AVGO RHM,14.8,44.8,0.79,2,1.27,26.13,-2.52,26.62,42.1,2.66
VTEX FLUT 300750.SZ 1810.HK ORCL,13.1,37.0,0.73,2,0.99,26.12,-5.05,26.78,42.67,0.53
NU VTEX FLUT AVGO UBER,13.4,42.6,0.73,1,1.12,26.12,-1.43,27.23,40.85,2.41
6669.TW NU VTEX 300750.SZ PAX,8.5,31.3,0.58,2,0.87,26.12,-0.46,28.82,38.04,1.43
6669.TW NU FLUT DLO PAX,8.0,32.8,0.54,3,0.99,26.11,0.11,29.49,36.69,0.86
6669.TW VTEX 300750.SZ DLO RHM,10.4,35.6,0.7,1,1.1,26.11,-0.91,27.87,39.68,2.28
6669.TW VTEX 300750.SZ DLO 1810.HK,10.2,34.4,0.69,1,0.81,26.11,-2.36,27.44,40.81,1.43
VTEX FLUT 1810.HK ORCL RHM,14.2,38.3,0.76,2,1.33,26.06,-4.43,26.84,42.21,1.26
NU VTEX FLUT DLO TSM,13.3,35.1,0.76,2,1.07,26.06,-0.14,27.67,39.56,2.59
NU VTEX FLUT ORCL UBER,12.9,36.1,0.7,1,1.18,26.06,-3.28,27.45,40.96,1.0
6669.TW NU VTEX PAX RHM,9.0,32.5,0.62,2,1.21,26.06,0.08,28.89,37.54,2.14
6669.TW NU VTEX PAX 1810.HK,8.8,31.3,0.61,2,0.92,26.06,-1.32,28.47,38.72,1.29
VTEX FLUT DLO PAX AVGO,11.2,36.3,0.68,2,1.09,26.05,0.42,27.07,40.24,2.41
6669.TW VTEX DLO 1810.HK RHM,10.9,35.6,0.72,1,1.15,26.04,-1.79,27.51,40.34,2.14
6669.TW NU VTEX DLO UBER,10.1,33.4,0.66,2,1.01,26.04,-0.73,28.11,39.04,1.89
VTEX FLUT 300750.SZ 1810.HK RHM,13.6,41.4,0.76,2,1.06,26.04,-3.08,26.61,42.05,2.05
NU VTEX FLUT 300750.SZ UBER,12.4,39.2,0.7,1,0.92,26.03,-1.98,27.23,40.8,1.8
6669.TW VTEX 300750.SZ AVGO ORCL,10.5,37.1,0.71,3,1.12,26.01,-3.91,27.88,40.38,0.93
6669.TW FLUT DLO AVGO ORCL,9.7,38.6,0.66,3,1.24,26.01,-3.27,28.57,39.1,0.35
VTEX FLUT DLO PAX ORCL,10.9,29.8,0.65,2,1.15,25.99,-1.32,27.29,40.35,1.0
6669.TW FLUT 300750.SZ DLO AVGO,9.5,41.6,0.66,2,0.98,25.98,-1.97,28.34,38.93,1.16
NU VTEX FLUT RHM UBER,13.4,40.5,0.73,1,1.26,25.97,-1.41,27.29,40.33,2.5
NU VTEX FLUT 1810.HK UBER,13.1,39.2,0.72,2,0.97,25.97,-2.88,26.86,41.44,1.66
VTEX FLUT 300750.SZ DLO PAX,10.5,32.9,0.65,2,0.89,25.96,-0.1,27.06,40.18,1.8
6669.TW VTEX AVGO ORCL RHM,11.3,38.3,0.74,3,1.46,25.95,-3.3,27.95,39.91,1.65
6669.TW VTEX 1810.HK AVGO ORCL,11.1,37.1,0.73,3,1.17,25.95,-4.87,27.52,41.03,0.79
6669.TW VTEX FLUT UBER TSM,10.2,37.4,0.75,1,1.12,25.94,-3.68,28.9,38.53,1.04
6669.TW NU FLUT PAX AVGO,8.2,38.6,0.57,2,1.09,25.93,-0.95,29.36,36.75,1.02
6669.TW VTEX 300750.SZ AVGO RHM,10.9,41.4,0.74,2,1.2,25.93,-2.0,27.72,39.74,2.43
6669.TW VTEX 300750.SZ 1810.HK AVGO,10.7,40.2,0.73,2,0.91,25.92,-3.51,27.3,40.87,1.59
6669.TW FLUT DLO AVGO RHM,10.0,42.9,0.69,2,1.32,25.92,-1.4,28.41,38.44,1.87
6669.TW FLUT 300750.SZ DLO ORCL,9.2,35.1,0.63,2,1.04,25.92,-3.85,28.56,39.05,-0.3
6669.TW FLUT DLO 1810.HK AVGO,9.9,41.7,0.68,2,1.03,25.91,-2.88,27.99,39.6,1.02
VTEX FLUT DLO PAX RHM,11.3,34.1,0.68,2,1.23,25.9,0.44,27.13,39.71,2.5
VTEX FLUT DLO PAX 1810.HK,11.0,32.9,0.67,2,0.94,25.9,-0.95,26.69,40.84,1.66
NU VTEX FLUT AVGO TSM,14.1,40.9,0.8,1,1.17,25.88,-1.21,27.53,39.62,2.75
6669.TW NU FLUT PAX ORCL,8.0,32.1,0.55,2,1.15,25.87,-2.76,29.56,36.87,-0.45
6669.TW VTEX 300750.SZ ORCL RHM,10.6,34.9,0.71,2,1.26,25.86,-3.88,27.94,39.85,1.03
6669.TW VTEX 1810.HK AVGO RHM,11.5,41.4,0.76,2,1.25,25.86,-2.91,27.36,40.4,2.3
6669.TW VTEX 300750.SZ 1810.HK ORCL,10.4,33.7,0.7,2,0.97,25.86,-5.48,27.51,40.98,0.15
6669.TW NU VTEX AVGO UBER,10.6,39.3,0.7,2,1.11,25.86,-1.81,27.96,39.1,2.05
6669.TW FLUT DLO ORCL RHM,9.8,36.4,0.66,2,1.38,25.85,-3.25,28.62,38.56,0.44
6669.TW FLUT DLO 1810.HK ORCL,9.6,35.2,0.65,2,1.09,25.85,-4.81,28.2,39.72,-0.45
6669.TW NU FLUT 300750.SZ PAX,7.9,35.2,0.55,2,0.89,25.84,-1.49,29.35,36.69,0.38
6669.TW FLUT 300750.SZ DLO RHM,9.5,39.5,0.66,1,1.12,25.83,-1.95,28.4,38.38,1.25
6669.TW FLUT 300750.SZ DLO 1810.HK,9.3,38.2,0.65,2,0.83,25.83,-3.45,27.98,39.55,0.38
NU VTEX FLUT ORCL TSM,13.5,34.4,0.77,1,1.23,25.81,-3.04,27.74,39.74,1.36
VTEX FLUT PAX AVGO ORCL,11.4,35.6,0.69,2,1.25,25.8,-2.43,27.14,40.41,1.16
6669.TW VTEX 1810.HK ORCL RHM,11.1,34.9,0.73,2,1.31,25.8,-4.84,27.58,40.51,0.88
6669.TW NU VTEX DLO TSM,10.5,31.7,0.73,2,1.05,25.8,-0.51,28.39,37.76,2.23
6669.TW NU VTEX ORCL UBER,10.2,32.8,0.67,2,1.17,25.79,-3.68,28.18,39.22,0.62
NU VTEX FLUT 300750.SZ TSM,13.0,37.5,0.77,1,0.97,25.79,-1.75,27.52,39.57,2.14
6669.TW VTEX DLO PAX AVGO,9.2,32.9,0.65,2,1.07,25.79,0.06,27.8,38.46,2.05
VTEX FLUT 300750.SZ PAX AVGO,11.0,38.7,0.69,1,0.99,25.78,-1.16,26.91,40.24,1.96
6669.TW NU FLUT PAX RHM,8.3,36.4,0.58,2,1.23,25.78,-0.92,29.41,36.18,1.11
6669.TW NU FLUT PAX 1810.HK,8.1,35.2,0.57,2,0.94,25.78,-2.38,29.0,37.4,0.24
6669.TW VTEX 300750.SZ 1810.HK RHM,10.7,38.0,0.73,1,1.05,25.77,-3.48,27.35,40.35,1.68
6669.TW NU VTEX 300750.SZ UBER,9.9,35.8,0.67,1,0.9,25.77,-2.36,27.96,39.04,1.43
6669.TW FLUT DLO 1810.HK RHM,9.9,39.5,0.68,2,1.17,25.76,-2.86,28.05,39.06,1.11
6669.TW NU FLUT DLO UBER,9.2,37.3,0.62,2,1.02,25.76,-1.76,28.64,37.72,0.86
6669.TW FLUT 300750.SZ AVGO ORCL,9.6,41.0,0.67,3,1.14,25.73,-5.05,28.42,39.11,-0.14
NU VTEX FLUT RHM TSM,14.1,38.7,0.8,1,1.31,25.73,-1.19,27.59,39.08,2.84
NU VTEX FLUT 1810.HK TSM,13.8,37.5,0.79,2,1.02,25.72,-2.65,27.16,40.23,2.01
6669.TW VTEX DLO PAX ORCL,8.9,26.5,0.62,2,1.13,25.72,-1.7,28.02,38.58,0.62
VTEX FLUT PAX AVGO RHM,11.8,40.0,0.72,1,1.33,25.72,-0.61,26.98,39.76,2.66
VTEX FLUT 300750.SZ PAX ORCL,10.7,32.2,0.66,1,1.05,25.72,-2.99,27.13,40.35,0.53
VTEX FLUT PAX 1810.HK AVGO,11.6,38.7,0.71,2,1.04,25.71,-2.04,26.55,40.89,1.82
6669.TW NU VTEX RHM UBER,10.6,37.1,0.7,1,1.24,25.71,-1.79,28.02,38.55,2.14
6669.TW NU VTEX 1810.HK UBER,10.4,35.9,0.69,1,0.96,25.7,-3.28,27.6,39.71,1.29
VTEX FLUT DLO AVGO UBER,13.9,40.9,0.76,1,1.12,25.7,-1.43,26.16,41.2,2.41
6669.TW VTEX 300750.SZ DLO PAX,8.7,29.5,0.62,2,0.87,25.7,-0.46,27.79,38.41,1.43
6669.TW FLUT AVGO ORCL RHM,10.2,42.2,0.7,3,1.48,25.67,-4.42,28.48,38.62,0.61
6669.TW FLUT 1810.HK AVGO ORCL,10.0,41.0,0.69,3,1.19,25.67,-6.04,28.06,39.77,-0.28
VTEX FLUT PAX ORCL RHM,11.4,33.5,0.69,1,1.39,25.65,-2.4,27.2,39.88,1.26
VTEX FLUT PAX 1810.HK ORCL,11.2,32.2,0.68,2,1.1,25.65,-3.92,26.77,41.0,0.39
6669.TW FLUT 300750.SZ AVGO RHM,9.9,45.3,0.7,2,1.22,25.64,-3.08,28.26,38.44,1.41
6669.TW FLUT 300750.SZ 1810.HK AVGO,9.7,44.0,0.69,2,0.93,25.64,-4.63,27.84,39.6,0.55
VTEX FLUT DLO ORCL UBER,13.3,34.4,0.74,1,1.18,25.63,-3.28,26.39,41.31,1.0
6669.TW VTEX DLO PAX RHM,9.2,30.8,0.65,2,1.21,25.63,0.08,27.86,37.91,2.14
6669.TW VTEX DLO PAX 1810.HK,9.0,29.5,0.64,2,0.92,25.63,-1.32,27.43,39.08,1.29
VTEX FLUT 300750.SZ PAX RHM,11.0,36.5,0.69,1,1.13,25.63,-1.14,26.97,39.71,2.05
VTEX FLUT 300750.SZ PAX 1810.HK,10.8,35.3,0.68,2,0.84,25.62,-2.6,26.54,40.84,1.2
VTEX FLUT 300750.SZ DLO UBER,12.8,37.4,0.73,1,0.92,25.61,-1.98,26.15,41.14,1.8
6669.TW NU VTEX AVGO TSM,11.0,37.5,0.77,2,1.15,25.61,-1.58,28.25,37.82,2.39
6669.TW FLUT 300750.SZ ORCL RHM,9.6,38.8,0.67,2,1.28,25.58,-5.02,28.47,38.56,-0.04
6669.TW FLUT 1810.HK AVGO RHM,10.3,45.3,0.72,2,1.27,25.58,-4.01,27.91,39.12,1.27
6669.TW FLUT 300750.SZ 1810.HK ORCL,9.4,37.6,0.66,2,0.99,25.58,-6.68,28.05,39.72,-0.94
6669.TW NU FLUT AVGO UBER,9.6,43.1,0.66,2,1.12,25.58,-2.88,28.5,37.78,1.02
VTEX FLUT PAX 1810.HK RHM,11.6,36.6,0.71,2,1.18,25.56,-2.02,26.61,40.37,1.92
NU VTEX FLUT PAX UBER,10.7,34.4,0.65,2,1.03,25.56,-0.95,27.22,39.07,1.66
VTEX FLUT DLO RHM UBER,13.9,38.7,0.77,1,1.26,25.55,-1.41,26.22,40.68,2.5
6669.TW NU VTEX ORCL TSM,10.7,31.0,0.74,2,1.21,25.55,-3.44,28.47,37.94,0.98
VTEX FLUT DLO 1810.HK UBER,13.6,37.5,0.75,2,0.97,25.54,-2.88,25.78,41.78,1.66
6669.TW VTEX PAX AVGO ORCL,9.3,32.3,0.66,3,1.23,25.54,-2.82,27.87,38.64,0.79
6669.TW NU VTEX 300750.SZ TSM,10.3,34.1,0.74,1,0.95,25.52,-2.13,28.24,37.76,1.78
6669.TW FLUT 1810.HK ORCL RHM,10.0,38.8,0.69,2,1.33,25.51,-6.02,28.12,39.24,-0.18
6669.TW NU FLUT DLO TSM,9.5,35.6,0.69,2,1.07,25.51,-1.53,28.92,36.41,1.21
6669.TW NU FLUT ORCL UBER,9.3,36.6,0.63,2,1.18,25.51,-4.81,28.71,37.9,-0.45
6669.TW VTEX 300750.SZ PAX AVGO,9.0,35.3,0.66,2,0.97,25.51,-1.54,27.65,38.47,1.59
6669.TW FLUT DLO PAX AVGO,8.4,36.8,0.61,2,1.09,25.5,-0.95,28.34,37.13,1.02
6669.TW FLUT 300750.SZ 1810.HK RHM,9.7,41.9,0.69,2,1.07,25.49,-4.61,27.9,39.07,0.64
6669.TW NU FLUT 300750.SZ UBER,9.1,39.7,0.63,1,0.92,25.49,-3.45,28.49,37.73,0.38
6669.TW NU VTEX RHM TSM,11.0,35.4,0.77,1,1.29,25.46,-1.56,28.31,37.26,2.48
6669.TW NU VTEX 1810.HK TSM,10.8,34.1,0.76,1,1.0,25.45,-3.04,27.89,38.45,1.64
VTEX FLUT DLO AVGO TSM,14.6,39.1,0.83,1,1.17,25.45,-1.21,26.47,39.98,2.75
VTEX FLUT AVGO ORCL UBER,14.1,40.2,0.78,2,1.28,25.45,-4.45,26.24,41.36,1.16
6669.TW VTEX PAX AVGO RHM,9.6,36.6,0.69,2,1.31,25.45,-0.98,27.72,37.97,2.3
6669.TW VTEX 300750.SZ PAX ORCL,8.8,28.8,0.63,2,1.03,25.45,-3.39,27.87,38.58,0.15
6669.TW VTEX PAX 1810.HK AVGO,9.4,35.4,0.68,2,1.02,25.44,-2.43,27.29,39.14,1.45
6669.TW FLUT DLO PAX ORCL,8.2,30.3,0.58,2,1.15,25.44,-2.76,28.55,37.25,-0.45
6669.TW VTEX DLO AVGO UBER,10.9,37.5,0.74,2,1.11,25.43,-1.81,26.91,39.46,2.05
VTEX FLUT 300750.SZ AVGO UBER,13.5,43.3,0.77,1,1.02,25.42,-3.11,26.01,41.2,1.96
6669.TW NU FLUT RHM UBER,9.6,41.0,0.66,1,1.26,25.42,-2.86,28.55,37.22,1.11
6669.TW NU FLUT 1810.HK UBER,9.4,39.7,0.65,2,0.97,25.42,-4.4,28.14,38.42,0.24
6669.TW FLUT 300750.SZ DLO PAX,8.0,33.4,0.58,2,0.89,25.41,-1.49,28.33,37.07,0.38
VTEX FLUT DLO ORCL TSM,14.0,32.6,0.8,1,1.23,25.39,-3.04,26.69,40.09,1.36
6669.TW VTEX PAX ORCL RHM,9.3,30.1,0.66,2,1.37,25.38,-2.79,27.93,38.09,0.88
6669.TW VTEX PAX 1810.HK ORCL,9.1,28.9,0.65,2,1.08,25.38,-4.33,27.51,39.26,0.0
6669.TW VTEX DLO ORCL UBER,10.5,31.0,0.71,2,1.17,25.37,-3.68,27.13,39.57,0.62
VTEX FLUT 300750.SZ DLO TSM,13.5,35.7,0.8,1,0.97,25.36,-1.75,26.46,39.92,2.14
VTEX FLUT AVGO RHM UBER,14.8,44.5,0.8,1,1.36,25.36,-2.52,26.08,40.73,2.66
VTEX FLUT 300750.SZ ORCL UBER,13.0,36.8,0.75,1,1.08,25.36,-5.05,26.23,41.31,0.53
6669.TW VTEX 300750.SZ PAX RHM,9.0,33.2,0.66,1,1.11,25.36,-1.52,27.71,37.91,1.68
VTEX FLUT 1810.HK AVGO UBER,14.4,43.3,0.79,2,1.07,25.36,-4.04,25.63,41.84,1.82
6669.TW VTEX 300750.SZ PAX 1810.HK,8.9,31.9,0.65,1,0.82,25.35,-2.99,27.28,39.09,0.82
6669.TW FLUT DLO PAX RHM,8.4,34.7,0.61,2,1.23,25.35,-0.92,28.39,36.56,1.11
6669.TW FLUT DLO PAX 1810.HK,8.3,33.4,0.6,2,0.94,25.35,-2.38,27.97,37.77,0.24
6669.TW VTEX 300750.SZ DLO UBER,10.2,34.1,0.71,1,0.9,25.34,-2.36,26.9,39.4,1.43
6669.TW NU FLUT AVGO TSM,9.9,41.4,0.73,2,1.17,25.33,-2.64,28.78,36.47,1.37
NU VTEX FLUT PAX TSM,11.1,32.6,0.72,2,1.08,25.31,-0.73,27.51,37.79,2.01
VTEX FLUT DLO RHM TSM,14.7,37.0,0.83,1,1.31,25.3,-1.19,26.52,39.44,2.84
NU VTEX DLO AVGO ORCL,14.7,34.5,0.75,2,1.21,25.3,-1.2,25.7,40.64,2.36
VTEX FLUT ORCL RHM UBER,14.1,38.0,0.78,1,1.42,25.3,-4.43,26.3,40.85,1.26
VTEX FLUT DLO 1810.HK TSM,14.3,35.7,0.82,2,1.02,25.3,-2.65,26.09,40.58,2.01
VTEX FLUT 1810.HK ORCL UBER,13.8,36.8,0.77,2,1.13,25.29,-6.05,25.86,41.95,0.39
6669.TW VTEX PAX 1810.HK RHM,9.4,33.2,0.68,1,1.16,25.29,-2.41,27.35,38.6,1.55
6669.TW NU VTEX PAX UBER,8.8,31.0,0.62,2,1.02,25.29,-1.32,27.95,37.25,1.29
6669.TW VTEX DLO RHM UBER,10.9,35.3,0.74,1,1.24,25.28,-1.79,26.97,38.92,2.14
6669.TW VTEX DLO 1810.HK UBER,10.7,34.1,0.73,1,0.96,25.27,-3.28,26.54,40.07,1.29
NU VTEX 300750.SZ DLO AVGO,14.1,37.6,0.75,2,0.95,25.27,0.02,25.47,40.48,3.12
VTEX FLUT 300750.SZ RHM UBER,13.6,41.1,0.78,1,1.16,25.27,-3.08,26.07,40.68,2.05
VTEX FLUT 300750.SZ 1810.HK UBER,13.2,39.9,0.76,2,0.87,25.27,-4.64,25.62,41.79,1.2
6669.TW NU FLUT ORCL TSM,9.6,34.9,0.7,2,1.23,25.26,-4.56,28.99,36.59,-0.08
6669.TW FLUT PAX AVGO ORCL,8.5,36.1,0.62,3,1.25,25.25,-3.92,28.41,37.31,-0.28
6669.TW NU FLUT 300750.SZ TSM,9.4,38.0,0.7,1,0.97,25.24,-3.21,28.78,36.41,0.74
6669.TW FLUT 300750.SZ PAX AVGO,8.3,39.2,0.62,2,0.99,25.23,-2.6,28.19,37.13,0.55
NU VTEX DLO AVGO RHM,15.4,38.8,0.78,2,1.29,25.21,0.55,25.54,40.0,3.8
NU VTEX 300750.SZ DLO ORCL,13.5,31.1,0.72,2,1.01,25.21,-1.74,25.69,40.59,1.74
NU VTEX DLO 1810.HK AVGO,15.0,37.6,0.77,2,1.0,25.21,-0.83,25.09,41.13,2.99
VTEX FLUT 1810.HK RHM UBER,14.4,41.1,0.8,2,1.21,25.2,-4.02,25.69,41.33,1.92
VTEX FLUT AVGO ORCL TSM,14.9,38.4,0.84,2,1.33,25.2,-4.2,26.54,40.15,1.52
6669.TW VTEX DLO AVGO TSM,11.3,35.8,0.8,2,1.15,25.18,-1.58,27.21,38.19,2.39
6669.TW VTEX AVGO ORCL UBER,11.0,36.8,0.75,3,1.27,25.18,-4.87,26.99,39.63,0.79
VTEX FLUT 300750.SZ AVGO TSM,14.3,41.5,0.84,1,1.07,25.17,-2.87,26.31,39.98,2.3
6669.TW NU FLUT RHM TSM,10.0,39.2,0.73,1,1.31,25.17,-2.62,28.84,35.89,1.47
6669.TW NU FLUT 1810.HK TSM,9.8,38.0,0.72,2,1.02,25.17,-4.15,28.42,37.12,0.6
6669.TW FLUT PAX AVGO RHM,8.7,40.5,0.65,2,1.33,25.16,-2.02,28.25,36.62,1.27
6669.TW FLUT 300750.SZ PAX ORCL,8.1,32.7,0.59,2,1.05,25.16,-4.51,28.4,37.25,-0.94
6669.TW FLUT PAX 1810.HK AVGO,8.6,39.2,0.64,2,1.04,25.16,-3.52,27.83,37.83,0.4
6669.TW VTEX 300750.SZ AVGO UBER,10.7,39.9,0.75,2,1.0,25.15,-3.51,26.76,39.46,1.59
6669.TW FLUT DLO AVGO UBER,9.8,41.4,0.7,2,1.12,25.15,-2.88,27.46,38.15,1.02
NU VTEX DLO ORCL RHM,14.7,32.3,0.76,2,1.35,25.15,-1.18,25.76,40.12,2.45
NU VTEX DLO 1810.HK ORCL,14.3,31.1,0.75,2,1.06,25.14,-2.64,25.32,41.24,1.61
VTEX FLUT DLO PAX UBER,11.0,32.6,0.69,2,1.03,25.13,-0.95,26.15,39.43,1.66
NU VTEX 300750.SZ DLO RHM,14.1,35.4,0.75,2,1.09,25.12,0.04,25.53,39.95,3.21
NU VTEX 300750.SZ DLO 1810.HK,13.7,34.2,0.74,2,0.8,25.12,-1.37,25.08,41.07,2.39
6669.TW VTEX DLO ORCL TSM,11.0,29.3,0.78,2,1.21,25.12,-3.44,27.43,38.31,0.98
VTEX FLUT AVGO RHM TSM,15.6,42.8,0.87,1,1.41,25.11,-2.29,26.38,39.5,2.99
VTEX FLUT 300750.SZ ORCL TSM,13.7,35.0,0.81,1,1.13,25.11,-4.8,26.53,40.09,0.89
VTEX FLUT 1810.HK AVGO TSM,15.2,41.5,0.86,2,1.12,25.11,-3.8,25.94,40.64,2.17
6669.TW FLUT PAX ORCL RHM,8.5,34.0,0.63,2,1.39,25.1,-3.89,28.47,36.74,-0.18
6669.TW FLUT PAX 1810.HK ORCL,8.4,32.7,0.61,2,1.1,25.1,-5.49,28.05,37.95,-1.09
6669.TW VTEX 300750.SZ DLO TSM,10.6,32.3,0.77,1,0.95,25.09,-2.13,27.2,38.13,1.78
6669.TW VTEX AVGO RHM UBER,11.4,41.1,0.78,2,1.34,25.09,-2.91,26.83,38.98,2.3
6669.TW VTEX 300750.SZ ORCL UBER,10.3,33.4,0.72,2,1.06,25.09,-5.48,26.98,39.58,0.15
6669.TW VTEX 1810.HK AVGO UBER,11.2,39.9,0.77,2,1.06,25.09,-4.45,26.39,40.12,1.45
6669.TW FLUT DLO ORCL UBER,9.5,34.9,0.67,2,1.18,25.08,-4.81,27.68,38.27,-0.45
6669.TW FLUT 300750.SZ PAX RHM,8.3,37.1,0.62,1,1.13,25.07,-2.57,28.24,36.56,0.64
6669.TW FLUT 300750.SZ PAX 1810.HK,8.2,35.8,0.61,2,0.84,25.07,-4.1,27.82,37.77,-0.24
6669.TW FLUT 300750.SZ DLO UBER,9.3,38.0,0.67,1,0.92,25.06,-3.45,27.45,38.1,0.38
NU VTEX DLO 1810.HK RHM,15.0,35.4,0.77,2,1.14,25.05,-0.81,25.15,40.6,3.08
VTEX FLUT ORCL RHM TSM,14.9,36.3,0.85,1,1.47,25.05,-4.18,26.6,39.61,1.61
VTEX FLUT 1810.HK ORCL TSM,14.5,35.0,0.84,2,1.18,25.04,-5.79,26.16,40.75,0.75
6669.TW NU VTEX PAX TSM,9.1,29.3,0.69,2,1.06,25.04,-1.1,28.24,35.91,1.64
6669.TW VTEX DLO RHM TSM,11.4,33.6,0.81,1,1.29,25.03,-1.56,27.27,37.63,2.48
6669.TW VTEX ORCL RHM UBER,11.0,34.7,0.75,2,1.4,25.02,-4.84,27.05,39.09,0.88
6669.TW VTEX DLO 1810.HK TSM,11.1,32.4,0.8,1,1.0,25.02,-3.04,26.84,38.82,1.64
VTEX FLUT 300750.SZ RHM TSM,14.3,39.4,0.84,1,1.2,25.02,-2.85,26.37,39.45,2.39
6669.TW VTEX 1810.HK ORCL UBER,10.8,33.4,0.74,2,1.12,25.02,-6.49,26.61,40.24,0.0
NU VTEX 300750.SZ AVGO ORCL,14.3,36.9,0.76,2,1.11,25.02,-2.86,25.55,40.65,1.9
VTEX FLUT 300750.SZ 1810.HK TSM,13.9,38.1,0.83,2,0.92,25.02,-4.39,25.93,40.58,1.55
NU FLUT DLO AVGO ORCL,12.8,38.4,0.71,2,1.23,25.01,-2.25,26.27,39.37,1.34
6669.TW FLUT PAX 1810.HK RHM,8.6,37.1,0.64,2,1.18,25.01,-3.49,27.89,37.27,0.5
6669.TW NU FLUT PAX UBER,8.1,34.9,0.58,2,1.04,25.0,-2.38,28.48,35.88,0.24
6669.TW VTEX 300750.SZ RHM UBER,10.7,37.7,0.75,1,1.14,25.0,-3.48,26.82,38.92,1.68
6669.TW VTEX 300750.SZ 1810.HK UBER,10.5,36.5,0.74,1,0.85,25.0,-5.06,26.38,40.07,0.82
6669.TW FLUT DLO RHM UBER,9.8,39.2,0.7,1,1.26,24.99,-2.86,27.52,37.6,1.11
6669.TW FLUT DLO 1810.HK UBER,9.7,38.0,0.69,2,0.97,24.99,-4.4,27.09,38.78,0.24
NU FLUT 300750.SZ DLO AVGO,12.4,41.4,0.71,2,0.97,24.99,-0.99,26.03,39.2,2.12
NU VTEX AVGO ORCL RHM,15.7,38.1,0.79,2,1.45,24.96,-2.28,25.61,40.17,2.6
VTEX FLUT 1810.HK RHM TSM,15.2,39.4,0.86,2,1.26,24.95,-3.78,26.0,40.11,2.26
NU VTEX 1810.HK AVGO ORCL,15.2,36.9,0.78,2,1.16,24.95,-3.79,25.17,41.29,1.77
NU VTEX FLUT UBER TSM,13.7,37.2,0.8,1,1.11,24.95,-2.65,26.62,38.8,2.01
VTEX FLUT PAX AVGO UBER,11.5,38.4,0.72,1,1.13,24.94,-2.04,26.0,39.49,1.82
6669.TW VTEX 1810.HK RHM UBER,11.2,37.7,0.77,1,1.19,24.93,-4.43,26.45,39.59,1.55
NU VTEX 300750.SZ AVGO RHM,15.0,41.2,0.79,1,1.19,24.93,-1.02,25.38,40.01,3.36
NU VTEX 300750.SZ 1810.HK AVGO,14.6,40.0,0.78,1,0.9,24.93,-2.48,24.93,41.13,2.54
6669.TW VTEX AVGO ORCL TSM,11.5,35.1,0.82,3,1.31,24.93,-4.62,27.28,38.37,1.14
NU FLUT DLO AVGO RHM,13.4,42.7,0.74,2,1.31,24.92,-0.44,26.1,38.71,2.82
NU FLUT 300750.SZ DLO ORCL,11.9,35.0,0.69,2,1.03,24.92,-2.81,26.26,39.32,0.71
NU FLUT DLO 1810.HK AVGO,13.1,41.5,0.73,2,1.02,24.92,-1.87,25.66,39.87,1.99
6669.TW VTEX 300750.SZ AVGO TSM,11.1,38.2,0.81,2,1.05,24.9,-3.27,27.06,38.19,1.94
6669.TW FLUT DLO AVGO TSM,10.2,39.6,0.76,2,1.17,24.89,-2.64,27.75,36.85,1.37
6669.TW FLUT AVGO ORCL UBER,9.9,40.7,0.71,3,1.28,24.89,-6.04,27.53,38.33,-0.28
VTEX FLUT DLO PAX TSM,11.5,30.9,0.75,2,1.08,24.88,-0.73,26.45,38.16,2.01
VTEX FLUT PAX ORCL UBER,11.1,31.9,0.7,1,1.19,24.88,-3.92,26.22,39.6,0.39
6669.TW FLUT 300750.SZ AVGO UBER,9.7,43.8,0.71,2,1.02,24.87,-4.63,27.31,38.16,0.55
NU VTEX 300750.SZ ORCL RHM,14.3,34.7,0.77,1,1.25,24.87,-2.84,25.61,40.12,2.0
NU VTEX 1810.HK AVGO RHM,16.0,41.2,0.81,1,1.24,24.86,-1.9,25.0,40.66,3.23
NU VTEX 300750.SZ 1810.HK ORCL,13.9,33.5,0.75,1,0.96,24.86,-4.38,25.16,41.24,1.14
NU FLUT DLO ORCL RHM,12.9,36.2,0.72,2,1.37,24.86,-2.23,26.33,38.83,1.43
6669.TW VTEX DLO PAX UBER,9.0,29.3,0.66,2,1.02,24.86,-1.32,26.9,37.62,1.29
NU FLUT DLO 1810.HK ORCL,12.6,35.0,0.71,2,1.08,24.86,-3.74,25.88,39.98,0.56
VTEX FLUT 300750.SZ PAX UBER,10.8,35.0,0.7,1,0.93,24.85,-2.6,25.99,39.43,1.2
6669.TW VTEX AVGO RHM TSM,11.9,39.4,0.85,2,1.39,24.84,-2.67,27.12,37.69,2.64
6669.TW VTEX 300750.SZ ORCL TSM,10.7,31.7,0.79,2,1.11,24.84,-5.22,27.27,38.31,0.51
6669.TW VTEX 1810.HK AVGO TSM,11.7,38.2,0.83,2,1.1,24.83,-4.21,26.69,38.87,1.8
NU FLUT 300750.SZ DLO RHM,12.4,39.3,0.71,2,1.1,24.83,-0.97,26.09,38.66,2.22
NU FLUT 300750.SZ DLO 1810.HK,12.1,38.1,0.7,2,0.82,24.83,-2.42,25.65,39.81,1.37
6669.TW FLUT DLO ORCL TSM,9.9,33.1,0.74,2,1.23,24.83,-4.56,27.97,36.97,-0.08
6669.TW FLUT 300750.SZ DLO TSM,9.6,36.2,0.74,1,0.97,24.8,-3.21,27.74,36.79,0.74
6669.TW FLUT AVGO RHM UBER,10.3,45.0,0.74,2,1.36,24.8,-4.01,27.37,37.66,1.27
6669.TW FLUT 300750.SZ ORCL UBER,9.4,37.3,0.68,2,1.08,24.8,-6.68,27.52,38.28,-0.94
6669.TW FLUT 1810.HK AVGO UBER,10.1,43.8,0.73,2,1.07,24.8,-5.62,26.94,38.84,0.4
NU VTEX 1810.HK ORCL RHM,15.3,34.7,0.79,1,1.3,24.8,-3.77,25.23,40.77,1.86
NU VTEX DLO PAX AVGO,11.9,32.8,0.7,3,1.06,24.79,0.99,25.46,38.73,2.99
VTEX FLUT PAX RHM UBER,11.5,36.3,0.73,1,1.27,24.79,-2.02,26.06,38.94,1.92
VTEX FLUT PAX 1810.HK UBER,11.3,35.0,0.72,2,0.98,24.78,-3.52,25.61,40.09,1.06
NU VTEX 300750.SZ 1810.HK RHM,14.6,37.8,0.78,1,1.04,24.77,-2.45,24.99,40.61,2.64
6669.TW VTEX ORCL RHM TSM,11.5,32.9,0.82,2,1.45,24.77,-4.59,27.34,37.81,1.24
6669.TW VTEX 1810.HK ORCL TSM,11.3,31.7,0.81,2,1.16,24.77,-6.22,26.91,38.99,0.37
NU FLUT DLO 1810.HK RHM,13.1,39.3,0.73,2,1.16,24.77,-1.85,25.72,39.33,2.08
6669.TW NU FLUT PAX TSM,8.4,33.2,0.65,2,1.08,24.75,-2.15,28.77,34.5,0.6
6669.TW VTEX 300750.SZ RHM TSM,11.1,36.0,0.82,1,1.19,24.75,-3.24,27.11,37.64,2.03
6669.TW VTEX 300750.SZ 1810.HK TSM,10.9,34.8,0.81,1,0.9,24.74,-4.8,26.68,38.82,1.18
6669.TW FLUT DLO RHM TSM,10.2,37.5,0.77,1,1.31,24.74,-2.62,27.81,36.27,1.47
6669.TW NU DLO AVGO ORCL,10.2,35.0,0.69,3,1.21,24.74,-2.64,27.01,37.56,0.96
6669.TW FLUT ORCL RHM UBER,10.0,38.5,0.71,2,1.42,24.74,-6.02,27.59,37.78,-0.18
6669.TW FLUT DLO 1810.HK TSM,10.0,36.2,0.76,2,1.02,24.74,-4.15,27.38,37.49,0.6
6669.TW FLUT 1810.HK ORCL UBER,9.8,37.3,0.7,2,1.13,24.73,-7.73,27.16,38.96,-1.09
NU FLUT 300750.SZ AVGO ORCL,12.5,40.8,0.72,2,1.13,24.73,-3.97,26.11,39.38,0.87
NU VTEX DLO PAX ORCL,11.5,26.3,0.68,3,1.12,24.72,-0.72,25.69,38.85,1.61
6669.TW NU 300750.SZ DLO AVGO,9.9,38.1,0.68,2,0.95,24.71,-1.36,26.78,37.38,1.76
6669.TW FLUT 300750.SZ RHM UBER,9.7,41.6,0.71,1,1.16,24.71,-4.61,27.37,37.6,0.64
6669.TW FLUT 300750.SZ 1810.HK UBER,9.5,40.4,0.7,2,0.87,24.71,-6.24,26.93,38.78,-0.24
NU VTEX 300750.SZ DLO PAX,11.1,29.3,0.67,3,0.86,24.7,0.48,25.45,38.68,2.39
VTEX FLUT PAX AVGO TSM,12.0,36.7,0.79,1,1.18,24.69,-1.82,26.3,38.22,2.17
6669.TW VTEX 1810.HK RHM TSM,11.7,36.0,0.84,1,1.24,24.68,-4.18,26.75,38.33,1.89
6669.TW NU VTEX UBER TSM,10.8,33.8,0.78,1,1.1,24.68,-3.04,27.36,36.97,1.64
NU FLUT AVGO ORCL RHM,13.6,42.0,0.76,2,1.47,24.67,-3.36,26.18,38.89,1.59
6669.TW VTEX PAX AVGO UBER,9.4,35.1,0.7,2,1.12,24.67,-2.43,26.75,37.68,1.45
NU FLUT 1810.HK AVGO ORCL,13.3,40.8,0.74,2,1.18,24.67,-4.93,25.74,40.04,0.73
6669.TW NU DLO AVGO RHM,10.6,39.3,0.72,2,1.29,24.65,-0.81,26.85,36.87,2.46
6669.TW NU 300750.SZ DLO ORCL,9.6,31.6,0.66,2,1.01,24.65,-3.2,27.0,37.5,0.32
6669.TW NU DLO 1810.HK AVGO,10.4,38.1,0.71,2,1.0,24.65,-2.25,26.42,38.08,1.62
6669.TW FLUT 1810.HK RHM UBER,10.1,41.6,0.73,2,1.21,24.64,-5.59,27.0,38.29,0.5
NU FLUT 300750.SZ AVGO RHM,13.1,45.1,0.75,1,1.2,24.64,-2.06,25.95,38.72,2.37
NU FLUT 300750.SZ 1810.HK AVGO,12.7,43.9,0.74,2,0.92,24.64,-3.57,25.5,39.87,1.53
6669.TW FLUT AVGO ORCL TSM,10.3,39.0,0.78,3,1.33,24.64,-5.78,27.83,37.03,0.08
NU VTEX DLO PAX RHM,11.9,30.6,0.7,3,1.2,24.63,1.01,25.52,38.18,3.08
NU VTEX DLO PAX 1810.HK,11.7,29.4,0.69,3,0.91,24.63,-0.36,25.07,39.35,2.26
VTEX FLUT PAX ORCL TSM,11.6,30.2,0.77,1,1.24,24.62,-3.68,26.52,38.34,0.75
6669.TW FLUT 300750.SZ AVGO TSM,10.0,42.0,0.77,2,1.07,24.61,-4.38,27.6,36.85,0.9
6669.TW VTEX DLO PAX TSM,9.3,27.5,0.73,2,1.06,24.6,-1.1,27.19,36.3,1.64
6669.TW VTEX PAX ORCL UBER,9.1,28.6,0.67,2,1.18,24.6,-4.33,26.97,37.8,0.0
VTEX FLUT 300750.SZ PAX TSM,11.2,33.3,0.76,1,0.98,24.6,-2.37,26.29,38.16,1.55
VTEX 300750.SZ DLO AVGO ORCL,14.8,35.1,0.8,2,1.11,24.58,-2.86,24.43,40.99,1.9
6669.TW NU DLO ORCL RHM,10.2,32.9,0.69,2,1.35,24.58,-2.61,27.07,37.0,1.06
6669.TW NU DLO 1810.HK ORCL,10.0,31.6,0.68,2,1.06,24.58,-4.14,26.64,38.2,0.18
NU FLUT 300750.SZ ORCL RHM,12.6,38.6,0.73,1,1.26,24.58,-3.94,26.17,38.83,0.97
NU FLUT 1810.HK AVGO RHM,13.8,45.1,0.77,2,1.26,24.58,-2.97,25.57,39.39,2.24
6669.TW VTEX 300750.SZ PAX UBER,8.9,31.7,0.67,1,0.92,24.58,-2.99,26.74,37.62,0.82
NU FLUT 300750.SZ 1810.HK ORCL,12.3,37.4,0.72,2,0.98,24.57,-5.54,25.73,39.99,0.09
6669.TW FLUT DLO PAX UBER,8.3,33.1,0.62,2,1.04,24.57,-2.38,27.44,36.26,0.24
6669.TW NU 300750.SZ DLO RHM,9.9,35.9,0.69,2,1.09,24.56,-1.34,26.84,36.82,1.85
6669.TW NU 300750.SZ DLO 1810.HK,9.8,34.7,0.68,2,0.8,24.56,-2.81,26.41,38.02,1.0
6669.TW FLUT AVGO RHM TSM,10.7,43.3,0.81,2,1.41,24.55,-3.77,27.67,36.34,1.62
6669.TW FLUT 300750.SZ ORCL TSM,9.7,35.5,0.75,2,1.13,24.55,-6.41,27.82,36.97,-0.57
6669.TW FLUT 1810.HK AVGO TSM,10.5,42.0,0.8,2,1.12,24.55,-5.36,27.24,37.55,0.76
VTEX FLUT PAX RHM TSM,12.0,34.5,0.79,1,1.32,24.53,-1.79,26.36,37.66,2.26
NU VTEX PAX AVGO ORCL,12.0,32.1,0.71,2,1.22,24.53,-1.81,25.54,38.91,1.77
VTEX FLUT PAX 1810.HK TSM,11.8,33.3,0.78,2,1.03,24.53,-3.28,25.92,38.84,1.41
VTEX DLO AVGO ORCL RHM,16.3,36.4,0.83,2,1.45,24.52,-2.28,24.5,40.52,2.6
VTEX DLO 1810.HK AVGO ORCL,15.9,35.2,0.82,2,1.16,24.52,-3.79,24.04,41.64,1.77
VTEX FLUT DLO UBER TSM,14.2,35.4,0.84,1,1.11,24.51,-2.65,25.53,39.16,2.01
6669.TW VTEX PAX RHM UBER,9.4,32.9,0.7,1,1.26,24.51,-2.41,26.81,37.12,1.55
NU FLUT 1810.HK ORCL RHM,13.3,38.6,0.75,2,1.32,24.51,-4.91,25.8,39.5,0.82
6669.TW VTEX PAX 1810.HK UBER,9.2,31.7,0.69,1,0.97,24.51,-3.93,26.37,38.31,0.68
NU VTEX 300750.SZ PAX AVGO,11.6,35.1,0.71,2,0.96,24.51,-0.57,25.3,38.74,2.54
NU FLUT DLO PAX AVGO,10.7,36.6,0.66,3,1.08,24.5,0.01,26.03,37.41,1.99
VTEX 300750.SZ DLO AVGO RHM,15.6,39.5,0.83,1,1.19,24.5,-1.02,24.26,40.36,3.36
VTEX 300750.SZ DLO 1810.HK AVGO,15.1,38.2,0.82,1,0.9,24.49,-2.48,23.79,41.47,2.54
6669.TW NU DLO 1810.HK RHM,10.4,35.9,0.71,2,1.14,24.49,-2.23,26.47,37.52,1.72
NU FLUT 300750.SZ 1810.HK RHM,12.8,41.7,0.74,2,1.05,24.48,-3.54,25.56,39.34,1.63
6669.TW FLUT ORCL RHM TSM,10.3,36.8,0.78,2,1.47,24.48,-5.76,27.88,36.46,0.18
6669.TW FLUT 1810.HK ORCL TSM,10.1,35.6,0.77,2,1.18,24.48,-7.45,27.46,37.67,-0.72
6669.TW FLUT 300750.SZ RHM TSM,10.0,39.9,0.78,1,1.21,24.46,-4.36,27.66,36.28,1.0
6669.TW NU 300750.SZ AVGO ORCL,10.0,37.4,0.7,3,1.11,24.46,-4.38,26.86,37.57,0.49
6669.TW FLUT 300750.SZ 1810.HK TSM,9.8,38.6,0.77,2,0.92,24.45,-5.98,27.23,37.5,0.12
NU VTEX PAX AVGO RHM,12.5,36.4,0.74,2,1.3,24.44,-0.02,25.37,38.24,3.23
NU VTEX 300750.SZ PAX ORCL,11.2,28.7,0.69,2,1.02,24.44,-2.36,25.53,38.86,1.14
NU VTEX PAX 1810.HK AVGO,12.2,35.2,0.73,2,1.01,24.44,-1.43,24.92,39.41,2.41
NU FLUT DLO PAX ORCL,10.3,30.1,0.64,3,1.14,24.43,-1.76,26.25,37.53,0.56
VTEX 300750.SZ DLO ORCL RHM,14.9,33.0,0.8,1,1.25,24.43,-2.84,24.49,40.47,2.0
VTEX DLO 1810.HK AVGO RHM,16.7,39.5,0.85,1,1.24,24.43,-1.9,23.87,41.01,3.23
VTEX 300750.SZ DLO 1810.HK ORCL,14.5,31.7,0.79,1,0.96,24.43,-4.38,24.03,41.58,1.14
NU VTEX DLO AVGO UBER,14.9,37.3,0.79,2,1.09,24.42,-0.83,24.52,39.72,2.99
6669.TW VTEX PAX AVGO TSM,9.7,33.3,0.77,2,1.16,24.41,-2.2,27.05,36.36,1.8
NU FLUT 300750.SZ DLO PAX,10.0,33.2,0.63,3,0.88,24.41,-0.52,26.02,37.35,1.37
6669.TW NU AVGO ORCL RHM,10.7,38.7,0.73,3,1.45,24.39,-3.76,26.93,37.06,1.22
6669.TW FLUT 1810.HK RHM TSM,10.5,39.9,0.8,2,1.26,24.39,-5.33,27.3,36.99,0.86
6669.TW NU 1810.HK AVGO ORCL,10.5,37.4,0.72,3,1.16,24.39,-5.35,26.49,38.26,0.35
6669.TW NU FLUT UBER TSM,9.7,37.7,0.74,1,1.11,24.39,-4.15,27.9,35.59,0.6
6669.TW FLUT PAX AVGO UBER,8.6,39.0,0.66,2,1.14,24.38,-3.52,27.3,36.32,0.4
NU VTEX PAX ORCL RHM,12.1,29.9,0.72,2,1.36,24.38,-1.79,25.6,38.36,1.86
NU VTEX PAX 1810.HK ORCL,11.8,28.7,0.71,2,1.07,24.37,-3.28,25.15,39.53,1.0
6669.TW NU 300750.SZ AVGO RHM,10.4,41.7,0.73,2,1.19,24.37,-2.45,26.7,36.88,2.01
6669.TW NU 300750.SZ 1810.HK AVGO,10.2,40.5,0.72,2,0.9,24.36,-3.97,26.26,38.08,1.16
VTEX DLO 1810.HK ORCL RHM,15.9,33.0,0.82,1,1.3,24.36,-3.77,24.1,41.12,1.86
NU VTEX DLO ORCL UBER,14.3,30.8,0.76,2,1.15,24.36,-2.64,24.75,39.84,1.61
NU VTEX 300750.SZ PAX RHM,11.6,33.0,0.71,2,1.1,24.35,-0.55,25.36,38.19,2.64
NU VTEX 300750.SZ PAX 1810.HK,11.4,31.8,0.7,2,0.81,24.35,-1.98,24.91,39.36,1.8
6669.TW VTEX PAX ORCL TSM,9.4,26.8,0.74,2,1.22,24.35,-4.09,27.27,36.48,0.37
NU FLUT DLO PAX RHM,10.7,34.5,0.67,3,1.22,24.34,0.03,26.08,36.84,2.08
NU FLUT DLO PAX 1810.HK,10.5,33.2,0.65,3,0.93,24.34,-1.38,25.64,38.04,1.23
VTEX 300750.SZ DLO 1810.HK RHM,15.2,36.1,0.82,1,1.04,24.34,-2.45,23.86,40.96,2.64
NU VTEX 300750.SZ DLO UBER,13.7,33.9,0.76,2,0.89,24.33,-1.37,24.51,39.67,2.39
VTEX FLUT AVGO UBER TSM,15.1,41.3,0.88,1,1.21,24.32,-3.8,25.38,39.22,2.17
6669.TW VTEX 300750.SZ PAX TSM,9.2,29.9,0.74,1,0.96,24.32,-2.76,27.04,36.3,1.18
6669.TW FLUT DLO PAX TSM,8.5,31.4,0.69,2,1.08,24.31,-2.15,27.74,34.9,0.6
6669.TW FLUT PAX ORCL UBER,8.4,32.5,0.63,2,1.2,24.31,-5.49,27.52,36.45,-1.09
6669.TW NU 300750.SZ ORCL RHM,10.0,35.2,0.7,2,1.25,24.3,-4.35,26.92,37.0,0.59
6669.TW NU 1810.HK AVGO RHM,10.8,41.8,0.75,2,1.24,24.3,-3.36,26.33,37.58,1.87
6669.TW NU 300750.SZ 1810.HK ORCL,9.9,34.0,0.69,2,0.96,24.3,-5.97,26.48,38.2,-0.3
FLUT 300750.SZ DLO AVGO ORCL,13.0,39.0,0.76,2,1.13,24.29,-3.97,25.01,39.73,0.87
6669.TW FLUT 300750.SZ PAX UBER,8.2,35.5,0.63,1,0.93,24.29,-4.1,27.29,36.26,-0.24
NU VTEX PAX 1810.HK RHM,12.3,33.0,0.73,2,1.15,24.28,-1.41,24.98,38.87,2.5
NU VTEX DLO RHM UBER,14.9,35.2,0.79,2,1.23,24.27,-0.81,24.58,39.19,3.08
NU VTEX DLO 1810.HK UBER,14.5,33.9,0.78,2,0.94,24.26,-2.26,24.12,40.33,2.26
VTEX FLUT ORCL UBER TSM,14.4,34.8,0.85,1,1.27,24.26,-5.79,25.61,39.34,0.75
6669.TW VTEX PAX RHM TSM,9.7,31.2,0.77,1,1.3,24.26,-2.18,27.11,35.78,1.89
6669.TW VTEX PAX 1810.HK TSM,9.5,29.9,0.76,1,1.01,24.25,-3.68,26.67,37.01,1.04
NU FLUT PAX AVGO ORCL,10.8,35.9,0.68,2,1.24,24.24,-2.88,26.1,37.59,0.73
VTEX 300750.SZ AVGO ORCL RHM,15.8,38.8,0.84,2,1.35,24.24,-4.0,24.34,40.53,2.15
6669.TW VTEX DLO UBER TSM,11.1,32.1,0.81,1,1.1,24.24,-3.04,26.29,37.34,1.64
VTEX 300750.SZ 1810.HK AVGO ORCL,15.4,37.5,0.83,2,1.06,24.23,-5.6,23.88,41.64,1.3
6669.TW NU 1810.HK ORCL RHM,10.5,35.3,0.72,2,1.3,24.23,-5.33,26.55,37.7,0.44
VTEX FLUT 300750.SZ UBER TSM,13.9,37.8,0.85,1,1.01,24.23,-4.39,25.37,39.17,1.55
FLUT DLO AVGO ORCL RHM,14.1,40.3,0.79,2,1.47,24.23,-3.36,25.08,39.25,1.59
FLUT DLO 1810.HK AVGO ORCL,13.7,39.0,0.78,2,1.18,24.23,-4.93,24.63,40.39,0.73
6669.TW NU DLO PAX AVGO,8.8,33.3,0.64,3,1.06,24.22,-0.36,26.78,35.52,1.62
6669.TW FLUT PAX RHM UBER,8.6,36.8,0.66,1,1.27,24.22,-3.49,27.36,35.74,0.5
6669.TW FLUT PAX 1810.HK UBER,8.5,35.6,0.65,2,0.99,24.22,-5.07,26.93,36.97,-0.39
NU FLUT 300750.SZ PAX AVGO,10.4,39.0,0.67,2,0.98,24.22,-1.59,25.87,37.41,1.53
6669.TW NU 300750.SZ 1810.HK RHM,10.2,38.3,0.72,1,1.04,24.21,-3.95,26.32,37.52,1.25
FLUT 300750.SZ DLO AVGO RHM,13.5,43.3,0.79,1,1.2,24.2,-2.06,24.84,39.08,2.37
FLUT 300750.SZ DLO 1810.HK AVGO,13.2,42.1,0.78,2,0.92,24.2,-3.57,24.38,40.22,1.53
VTEX 1810.HK AVGO ORCL RHM,17.0,38.8,0.86,2,1.4,24.17,-4.96,23.95,41.18,2.02
NU VTEX DLO AVGO TSM,15.8,35.6,0.86,2,1.14,24.17,-0.61,24.83,38.46,3.32
VTEX FLUT RHM UBER TSM,15.1,39.1,0.88,1,1.35,24.17,-3.78,25.44,38.68,2.26
NU VTEX AVGO ORCL UBER,15.1,36.6,0.8,2,1.25,24.17,-3.79,24.6,39.9,1.77
VTEX FLUT 1810.HK UBER TSM,14.7,37.9,0.87,2,1.06,24.16,-5.37,24.99,39.83,1.41
6669.TW NU DLO PAX ORCL,8.6,26.8,0.61,3,1.12,24.16,-2.14,27.0,35.64,0.18
NU FLUT PAX AVGO RHM,11.2,40.3,0.7,2,1.32,24.15,-1.03,25.94,36.9,2.24
NU FLUT 300750.SZ PAX ORCL,10.1,32.5,0.65,2,1.04,24.15,-3.45,26.09,37.53,0.09
NU FLUT PAX 1810.HK AVGO,10.9,39.0,0.69,2,1.03,24.15,-2.49,25.49,38.1,1.39
VTEX 300750.SZ 1810.HK AVGO RHM,16.2,41.9,0.86,1,1.14,24.14,-3.6,23.7,41.01,2.79
NU VTEX 300750.SZ AVGO UBER,14.5,39.7,0.8,1,0.99,24.14,-2.48,24.36,39.73,2.54
FLUT 300750.SZ DLO ORCL RHM,13.0,36.9,0.76,1,1.26,24.14,-3.94,25.07,39.19,0.97
FLUT DLO 1810.HK AVGO RHM,14.4,43.4,0.81,2,1.26,24.14,-2.97,24.46,39.75,2.24
FLUT 300750.SZ DLO 1810.HK ORCL,12.7,35.6,0.75,2,0.98,24.13,-5.54,24.62,40.34,0.09
NU FLUT DLO AVGO UBER,13.0,41.2,0.75,2,1.11,24.13,-1.87,25.1,38.43,1.99
6669.TW NU 300750.SZ DLO PAX,8.3,29.9,0.61,3,0.86,24.13,-0.89,26.77,35.46,1.0
6669.TW FLUT PAX AVGO TSM,8.9,37.2,0.73,2,1.18,24.12,-3.28,27.59,34.96,0.76
NU VTEX DLO ORCL TSM,15.0,29.1,0.83,2,1.2,24.1,-2.41,25.06,38.58,1.95
VTEX DLO PAX AVGO ORCL,12.4,30.3,0.75,2,1.22,24.09,-1.81,24.42,39.27,1.77
NU FLUT PAX ORCL RHM,10.8,33.8,0.68,2,1.38,24.09,-2.85,26.16,37.03,0.82
NU FLUT PAX 1810.HK ORCL,10.6,32.5,0.67,2,1.09,24.08,-4.4,25.72,38.22,-0.06
VTEX 300750.SZ 1810.HK ORCL RHM,15.4,35.4,0.83,1,1.2,24.08,-5.57,23.94,41.12,1.4
NU VTEX 300750.SZ DLO TSM,14.4,32.2,0.83,2,0.94,24.08,-1.15,24.82,38.41,2.73
NU VTEX AVGO RHM UBER,15.9,41.0,0.83,1,1.33,24.08,-1.9,24.43,39.25,3.23
NU VTEX 300750.SZ ORCL UBER,13.9,33.2,0.77,1,1.05,24.07,-4.38,24.59,39.84,1.14
NU VTEX 1810.HK AVGO UBER,15.5,39.7,0.82,1,1.04,24.07,-3.39,23.97,40.39,2.41
FLUT DLO 1810.HK ORCL RHM,13.8,36.9,0.78,2,1.32,24.07,-4.91,24.69,39.86,0.82
NU FLUT DLO ORCL UBER,12.5,34.7,0.72,2,1.17,24.07,-3.74,25.33,38.55,0.56
VTEX 300750.SZ DLO PAX AVGO,12.0,33.4,0.75,2,0.96,24.07,-0.57,24.18,39.1,2.54
6669.TW NU DLO PAX RHM,8.8,31.1,0.64,3,1.2,24.07,-0.33,26.83,34.93,1.72
6669.TW NU DLO PAX 1810.HK,8.7,29.9,0.63,3,0.91,24.06,-1.76,26.4,36.18,0.86
NU FLUT 300750.SZ PAX RHM,10.5,36.9,0.68,2,1.12,24.06,-1.57,25.93,36.85,1.63
NU FLUT 300750.SZ PAX 1810.HK,10.3,35.6,0.66,2,0.83,24.06,-3.05,25.48,38.05,0.76
6669.TW FLUT PAX ORCL TSM,8.6,30.7,0.7,2,1.24,24.05,-5.24,27.81,35.09,-0.72
6669.TW VTEX AVGO UBER TSM,11.6,37.9,0.85,2,1.2,24.04,-4.21,26.14,37.4,1.8
FLUT 300750.SZ DLO 1810.HK RHM,13.2,39.9,0.78,2,1.05,24.04,-3.54,24.45,39.69,1.63
NU FLUT 300750.SZ DLO UBER,12.1,37.8,0.72,2,0.91,24.04,-2.42,25.09,38.37,1.37
6669.TW FLUT 300750.SZ PAX TSM,8.4,33.8,0.7,1,0.98,24.03,-3.86,27.58,34.9,0.12
6669.TW 300750.SZ DLO AVGO ORCL,10.3,35.7,0.73,3,1.11,24.02,-4.38,25.78,37.94,0.49
NU VTEX DLO RHM TSM,15.8,33.4,0.86,2,1.28,24.01,-0.59,24.89,37.91,3.41
NU VTEX ORCL RHM UBER,15.2,34.5,0.8,1,1.39,24.01,-3.77,24.66,39.36,1.86
NU VTEX DLO 1810.HK TSM,15.4,32.2,0.85,2,0.99,24.01,-2.03,24.44,39.09,2.59
NU VTEX 1810.HK ORCL UBER,14.8,33.2,0.79,1,1.1,24.0,-5.36,24.2,40.5,1.0
VTEX DLO PAX AVGO RHM,13.0,34.7,0.78,2,1.3,24.0,-0.02,24.25,38.61,3.23
VTEX 300750.SZ DLO PAX ORCL,11.6,26.9,0.72,2,1.02,24.0,-2.36,24.41,39.22,1.14
VTEX DLO PAX 1810.HK AVGO,12.7,33.4,0.77,2,1.01,24.0,-1.43,23.79,39.77,2.41
NU FLUT PAX 1810.HK RHM,11.0,36.9,0.7,2,1.17,23.99,-2.47,25.55,37.55,1.49
NU VTEX 300750.SZ RHM UBER,14.5,37.5,0.8,1,1.13,23.98,-2.45,24.42,39.19,2.64
NU VTEX 300750.SZ 1810.HK UBER,14.1,36.3,0.79,1,0.84,23.98,-3.98,23.96,40.34,1.8
6669.TW VTEX ORCL UBER TSM,11.2,31.4,0.83,2,1.26,23.98,-6.22,26.37,37.52,0.37
NU FLUT DLO RHM UBER,13.0,39.0,0.75,2,1.25,23.98,-1.85,25.16,37.87,2.08
NU FLUT DLO 1810.HK UBER,12.7,37.8,0.74,2,0.96,23.97,-3.34,24.7,39.05,1.23
6669.TW FLUT PAX RHM TSM,8.9,35.1,0.73,1,1.32,23.96,-3.26,27.65,34.37,0.86
6669.TW NU PAX AVGO ORCL,8.9,32.6,0.65,3,1.22,23.96,-3.27,26.85,35.71,0.35
6669.TW FLUT PAX 1810.HK TSM,8.7,33.8,0.72,2,1.03,23.96,-4.82,27.22,35.63,-0.02
6669.TW VTEX 300750.SZ UBER TSM,10.9,34.5,0.82,1,0.99,23.95,-4.8,26.13,37.35,1.18
6669.TW DLO AVGO ORCL RHM,11.0,36.9,0.76,3,1.45,23.95,-3.76,25.85,37.43,1.22
6669.TW DLO 1810.HK AVGO ORCL,10.8,35.7,0.75,3,1.16,23.95,-5.35,25.4,38.62,0.35
FLUT 300750.SZ AVGO ORCL RHM,13.7,42.7,0.8,2,1.36,23.95,-5.14,24.92,39.25,1.13
6669.TW FLUT DLO UBER TSM,10.0,36.0,0.77,1,1.11,23.95,-4.15,26.85,35.97,0.6
FLUT 300750.SZ 1810.HK AVGO ORCL,13.4,41.4,0.79,2,1.08,23.94,-6.8,24.46,40.39,0.25
6669.TW NU 300750.SZ PAX AVGO,8.6,35.7,0.65,2,0.96,23.94,-1.97,26.62,35.52,1.16
VTEX DLO PAX ORCL RHM,12.5,28.2,0.75,2,1.36,23.93,-1.79,24.48,38.73,1.86
VTEX DLO PAX 1810.HK ORCL,12.2,26.9,0.74,2,1.07,23.93,-3.28,24.02,39.88,1.0
6669.TW 300750.SZ DLO AVGO RHM,10.6,40.0,0.76,2,1.19,23.93,-2.45,25.61,37.26,2.01
6669.TW 300750.SZ DLO 1810.HK AVGO,10.4,38.7,0.75,2,0.9,23.92,-3.97,25.16,38.45,1.16
NU VTEX 1810.HK RHM UBER,15.5,37.6,0.82,1,1.18,23.91,-3.37,24.03,39.86,2.5
NU VTEX AVGO ORCL TSM,16.0,34.9,0.87,2,1.3,23.91,-3.55,24.91,38.64,2.11
VTEX 300750.SZ DLO PAX RHM,12.0,31.2,0.75,2,1.1,23.91,-0.55,24.24,38.55,2.64
VTEX 300750.SZ DLO PAX 1810.HK,11.8,30.0,0.74,2,0.81,23.9,-1.98,23.78,39.71,1.8
6669.TW VTEX RHM UBER TSM,11.6,35.7,0.85,1,1.33,23.89,-4.18,26.2,36.84,1.89
6669.TW VTEX 1810.HK UBER TSM,11.4,34.5,0.84,1,1.05,23.88,-5.79,25.76,38.04,1.04
NU VTEX 300750.SZ AVGO TSM,15.3,38.0,0.87,1,1.04,23.88,-2.24,24.67,38.47,2.88
FLUT 1810.HK AVGO ORCL RHM,14.6,42.7,0.82,2,1.42,23.88,-6.14,24.53,39.92,0.99
NU FLUT DLO AVGO TSM,13.7,39.4,0.82,2,1.16,23.88,-1.64,25.41,37.13,2.33
NU FLUT AVGO ORCL UBER,13.2,40.5,0.76,2,1.27,23.87,-4.93,25.18,38.6,0.73
6669.TW NU PAX AVGO RHM,9.1,36.9,0.68,2,1.3,23.87,-1.4,26.69,34.99,1.87
6669.TW NU 300750.SZ PAX ORCL,8.4,29.2,0.62,2,1.02,23.87,-3.85,26.84,35.65,-0.3
6669.TW NU PAX 1810.HK AVGO,9.0,35.7,0.67,2,1.01,23.87,-2.88,26.25,36.24,1.02
6669.TW 300750.SZ DLO ORCL RHM,10.3,33.5,0.74,2,1.25,23.86,-4.35,25.84,37.38,0.59
6669.TW DLO 1810.HK AVGO RHM,11.2,40.0,0.78,2,1.24,23.86,-3.36,25.23,37.95,1.87
6669.TW 300750.SZ DLO 1810.HK ORCL,10.1,32.3,0.72,2,0.96,23.85,-5.97,25.39,38.57,-0.3
6669.TW NU DLO AVGO UBER,10.3,37.8,0.72,2,1.1,23.85,-2.25,25.87,36.58,1.62
FLUT 300750.SZ 1810.HK AVGO RHM,14.0,45.8,0.82,2,1.15,23.85,-4.73,24.29,39.75,1.78
NU FLUT 300750.SZ AVGO UBER,12.7,43.6,0.76,1,1.01,23.85,-3.57,24.94,38.43,1.53
VTEX DLO PAX 1810.HK RHM,12.7,31.3,0.77,2,1.15,23.84,-1.41,23.85,39.23,2.5
NU VTEX DLO PAX UBER,11.6,29.1,0.71,3,1.01,23.84,-0.36,24.5,37.9,2.26
NU VTEX AVGO RHM TSM,16.9,39.2,0.9,1,1.38,23.82,-1.67,24.74,37.97,3.56
NU VTEX 300750.SZ ORCL TSM,14.6,31.5,0.84,1,1.1,23.82,-4.14,24.9,38.59,1.49
NU VTEX 1810.HK AVGO TSM,16.4,38.0,0.89,1,1.09,23.81,-3.16,24.28,39.15,2.75
NU FLUT DLO ORCL TSM,13.1,33.0,0.79,2,1.22,23.81,-3.5,25.63,37.25,0.92
VTEX 300750.SZ PAX AVGO ORCL,12.2,32.7,0.76,2,1.12,23.81,-3.5,24.26,39.27,1.3
6669.TW NU PAX ORCL RHM,8.9,30.4,0.65,2,1.36,23.81,-3.25,26.91,35.12,0.44
6669.TW NU PAX 1810.HK ORCL,8.7,29.2,0.64,2,1.07,23.8,-4.81,26.47,36.37,-0.45
FLUT DLO PAX AVGO ORCL,11.1,34.2,0.71,2,1.24,23.8,-2.88,25.0,37.96,0.73
6669.TW DLO 1810.HK ORCL RHM,10.8,33.5,0.76,2,1.3,23.79,-5.33,25.46,38.07,0.44
6669.TW NU DLO ORCL UBER,10.0,31.3,0.7,2,1.16,23.79,-4.14,26.09,36.7,0.18
FLUT 300750.SZ 1810.HK ORCL RHM,13.4,39.3,0.79,2,1.21,23.78,-6.78,24.52,39.86,0.35
NU FLUT 300750.SZ DLO TSM,12.6,36.0,0.79,2,0.96,23.78,-2.19,25.4,37.07,1.72
NU FLUT AVGO RHM UBER,13.8,44.8,0.79,1,1.35,23.78,-2.97,25.01,37.93,2.24
NU FLUT 300750.SZ ORCL UBER,12.2,37.1,0.73,1,1.07,23.78,-5.54,25.17,38.55,0.09
6669.TW NU 300750.SZ PAX RHM,8.7,33.5,0.65,2,1.1,23.78,-1.95,26.68,34.93,1.25
NU FLUT 1810.HK AVGO UBER,13.4,43.6,0.78,2,1.06,23.78,-4.52,24.55,39.11,1.39
6669.TW NU 300750.SZ PAX 1810.HK,8.5,32.3,0.64,2,0.81,23.78,-3.45,26.24,36.18,0.38
FLUT 300750.SZ DLO PAX AVGO,10.7,37.3,0.71,2,0.98,23.77,-1.59,24.76,37.78,1.53
6669.TW 300750.SZ DLO 1810.HK RHM,10.5,36.6,0.75,1,1.04,23.76,-3.95,25.23,37.89,1.25
6669.TW NU 300750.SZ DLO UBER,9.7,34.4,0.69,2,0.89,23.76,-2.81,25.86,36.52,1.0
6669.TW FLUT AVGO UBER TSM,10.4,41.8,0.81,2,1.21,23.75,-5.36,26.7,36.04,0.76
NU VTEX ORCL RHM TSM,16.1,32.7,0.87,1,1.44,23.75,-3.53,24.97,38.09,2.2
NU VTEX 1810.HK ORCL TSM,15.6,31.5,0.86,1,1.15,23.75,-5.1,24.52,39.26,1.36
VTEX PAX AVGO ORCL RHM,13.1,34.0,0.79,2,1.46,23.74,-2.91,24.33,38.79,2.02
VTEX PAX 1810.HK AVGO ORCL,12.8,32.7,0.78,2,1.17,23.74,-4.45,23.87,39.94,1.16
VTEX FLUT PAX UBER TSM,11.7,33.0,0.8,1,1.12,23.73,-3.28,25.36,37.37,1.41
NU VTEX 300750.SZ RHM TSM,15.3,35.8,0.87,1,1.18,23.72,-2.22,24.73,37.92,2.97
VTEX DLO AVGO ORCL UBER,15.8,34.9,0.84,2,1.25,23.72,-3.79,23.46,40.25,1.77
NU VTEX 300750.SZ 1810.HK TSM,14.9,34.6,0.86,1,0.89,23.72,-3.73,24.27,39.09,2.14
NU FLUT DLO RHM TSM,13.7,37.3,0.82,2,1.3,23.72,-1.62,25.47,36.56,2.42
NU FLUT ORCL RHM UBER,13.2,38.3,0.76,1,1.41,23.71,-4.91,25.24,38.05,0.82
VTEX 300750.SZ PAX AVGO RHM,12.6,37.0,0.79,1,1.2,23.71,-1.62,24.09,38.61,2.79
NU FLUT DLO 1810.HK TSM,13.4,36.0,0.81,2,1.01,23.71,-3.1,25.02,37.77,1.58
NU FLUT 1810.HK ORCL UBER,12.9,37.1,0.75,2,1.12,23.71,-6.55,24.78,39.23,-0.06
VTEX 300750.SZ PAX 1810.HK AVGO,12.4,35.8,0.78,1,0.91,23.71,-3.11,23.62,39.77,1.96
6669.TW NU PAX 1810.HK RHM,9.0,33.5,0.67,2,1.15,23.71,-2.86,26.31,35.66,1.11
FLUT DLO PAX AVGO RHM,11.5,38.5,0.74,2,1.32,23.71,-1.03,24.83,37.28,2.24
FLUT 300750.SZ DLO PAX ORCL,10.4,30.8,0.68,2,1.04,23.71,-3.45,24.99,37.9,0.09
FLUT DLO PAX 1810.HK AVGO,11.3,37.3,0.73,2,1.03,23.7,-2.49,24.38,38.47,1.39
VTEX 300750.SZ DLO AVGO UBER,15.1,37.9,0.83,1,0.99,23.7,-2.48,23.21,40.08,2.54
6669.TW NU DLO RHM UBER,10.3,35.7,0.73,2,1.23,23.69,-2.23,25.93,36.0,1.72
6669.TW NU DLO 1810.HK UBER,10.1,34.4,0.71,2,0.95,23.69,-3.74,25.48,37.23,0.86
NU FLUT 300750.SZ RHM UBER,12.7,41.4,0.76,1,1.15,23.69,-3.54,25.0,37.88,1.63
NU FLUT 300750.SZ 1810.HK UBER,12.4,40.2,0.75,2,0.86,23.68,-5.12,24.54,39.05,0.76
6669.TW FLUT ORCL UBER TSM,10.1,35.3,0.79,2,1.27,23.68,-7.45,26.92,36.16,-0.72
6669.TW 300750.SZ AVGO ORCL RHM,10.8,39.3,0.77,3,1.35,23.66,-5.57,25.69,37.44,0.75
6669.TW 300750.SZ 1810.HK AVGO ORCL,10.6,38.1,0.76,3,1.06,23.66,-7.25,25.24,38.62,-0.14
6669.TW FLUT 300750.SZ UBER TSM,9.8,38.4,0.78,1,1.01,23.66,-5.98,26.69,35.98,0.12
NU VTEX 1810.HK RHM TSM,16.4,35.8,0.89,1,1.23,23.66,-3.13,24.35,38.6,2.84
VTEX 300750.SZ PAX ORCL RHM,12.2,30.6,0.76,1,1.26,23.65,-3.48,24.32,38.73,1.4
VTEX PAX 1810.HK AVGO RHM,13.4,37.1,0.81,1,1.25,23.64,-2.52,23.69,39.29,2.66
VTEX 300750.SZ PAX 1810.HK ORCL,11.9,29.3,0.75,1,0.97,23.64,-5.05,23.86,39.89,0.53
NU VTEX PAX AVGO UBER,12.2,34.9,0.75,2,1.11,23.64,-1.43,24.35,37.96,2.41
FLUT DLO PAX ORCL RHM,11.1,32.0,0.71,2,1.38,23.64,-2.85,25.06,37.4,0.82
FLUT DLO PAX 1810.HK ORCL,10.9,30.8,0.7,2,1.09,23.64,-4.4,24.61,38.59,-0.06
VTEX DLO AVGO RHM UBER,16.6,39.2,0.87,1,1.33,23.63,-1.9,23.28,39.6,3.23
VTEX 300750.SZ DLO ORCL UBER,14.4,31.5,0.81,1,1.05,23.63,-4.38,23.45,40.2,1.14
VTEX DLO 1810.HK AVGO UBER,16.1,38.0,0.86,1,1.04,23.63,-3.39,22.81,40.74,2.41
NU FLUT 1810.HK RHM UBER,13.5,41.4,0.78,2,1.2,23.62,-4.49,24.61,38.56,1.49
NU FLUT AVGO ORCL TSM,13.9,38.8,0.83,2,1.32,23.61,-4.68,25.49,37.31,1.08
FLUT 300750.SZ DLO PAX RHM,10.8,35.1,0.71,2,1.12,23.61,-1.57,24.82,37.22,1.63
FLUT 300750.SZ DLO PAX 1810.HK,10.5,33.9,0.7,2,0.83,23.61,-3.05,24.37,38.42,0.76
6669.TW 1810.HK AVGO ORCL RHM,11.3,39.3,0.8,3,1.4,23.59,-6.58,25.31,38.13,0.61
6669.TW NU DLO AVGO TSM,10.7,36.1,0.79,2,1.14,23.59,-2.02,26.17,35.23,1.97
6669.TW FLUT RHM UBER TSM,10.4,39.6,0.82,1,1.35,23.59,-5.33,26.76,35.45,0.86
6669.TW NU AVGO ORCL UBER,10.4,37.1,0.74,3,1.26,23.59,-5.35,25.94,36.76,0.35
6669.TW FLUT 1810.HK UBER TSM,10.2,38.4,0.8,2,1.06,23.59,-7.01,26.32,36.69,-0.02
NU FLUT 300750.SZ AVGO TSM,13.3,41.8,0.83,1,1.06,23.59,-3.33,25.25,37.13,1.88
VTEX PAX 1810.HK ORCL RHM,12.9,30.6,0.78,1,1.31,23.58,-4.43,23.93,39.4,1.26
NU VTEX DLO PAX TSM,12.1,27.3,0.78,3,1.05,23.58,-0.14,24.82,36.58,2.59
NU VTEX PAX ORCL UBER,11.8,28.4,0.72,2,1.17,23.57,-3.28,24.58,38.08,1.0
6669.TW 300750.SZ 1810.HK AVGO RHM,10.9,42.4,0.79,2,1.14,23.57,-5.15,25.07,37.95,1.41
6669.TW NU 300750.SZ AVGO UBER,10.1,40.2,0.73,2,0.99,23.57,-3.97,25.71,36.58,1.16
VTEX DLO ORCL RHM UBER,15.8,32.7,0.84,1,1.39,23.56,-3.77,23.52,39.72,1.86
VTEX DLO 1810.HK ORCL UBER,15.4,31.5,0.83,1,1.1,23.56,-5.36,23.05,40.85,1.0
VTEX 300750.SZ PAX 1810.HK RHM,12.4,33.6,0.78,1,1.05,23.55,-3.08,23.68,39.23,2.05
NU VTEX 300750.SZ PAX UBER,11.4,31.5,0.72,2,0.9,23.55,-1.98,24.34,37.9,1.8
FLUT DLO PAX 1810.HK RHM,11.3,35.1,0.73,2,1.17,23.54,-2.47,24.44,37.92,1.49
NU FLUT DLO PAX UBER,10.4,33.0,0.67,3,1.02,23.54,-1.38,25.08,36.55,1.23
VTEX 300750.SZ DLO RHM UBER,15.1,35.8,0.84,1,1.13,23.54,-2.45,23.27,39.55,2.64
VTEX 300750.SZ DLO 1810.HK UBER,14.7,34.6,0.83,1,0.84,23.53,-3.98,22.8,40.68,1.8
6669.TW NU DLO ORCL TSM,10.4,29.6,0.76,2,1.2,23.53,-3.9,26.39,35.35,0.54
NU FLUT AVGO RHM TSM,14.5,43.1,0.86,1,1.4,23.52,-2.73,25.32,36.62,2.58
NU FLUT 300750.SZ ORCL TSM,12.8,35.3,0.8,1,1.12,23.52,-5.29,25.48,37.26,0.45
NU FLUT 1810.HK AVGO TSM,14.1,41.9,0.85,2,1.11,23.52,-4.27,24.87,37.83,1.74
6669.TW DLO PAX AVGO ORCL,9.1,30.8,0.68,3,1.22,23.52,-3.27,25.77,36.09,0.35
FLUT 300750.SZ PAX AVGO ORCL,10.9,36.6,0.72,2,1.14,23.51,-4.63,24.84,37.96,0.25
6669.TW 300750.SZ 1810.HK ORCL RHM,10.6,35.9,0.77,2,1.2,23.5,-7.23,25.3,38.07,-0.04
6669.TW NU 300750.SZ DLO TSM,10.1,32.7,0.76,2,0.94,23.5,-2.58,26.16,35.17,1.35
6669.TW NU AVGO RHM UBER,10.8,41.5,0.76,2,1.33,23.5,-3.36,25.78,36.07,1.87
6669.TW NU 300750.SZ ORCL UBER,9.8,33.7,0.71,2,1.05,23.5,-5.97,25.93,36.71,-0.3
6669.TW NU 1810.HK AVGO UBER,10.6,40.2,0.75,2,1.05,23.5,-4.93,25.33,37.29,1.02
6669.TW 300750.SZ DLO PAX AVGO,8.8,33.9,0.68,2,0.96,23.49,-1.97,25.54,35.91,1.16
NU VTEX PAX RHM UBER,12.2,32.7,0.75,2,1.24,23.48,-1.41,24.41,37.4,2.5
NU VTEX PAX 1810.HK UBER,11.9,31.5,0.74,2,0.96,23.48,-2.88,23.95,38.59,1.66
VTEX DLO 1810.HK RHM UBER,16.1,35.8,0.86,1,1.18,23.47,-3.37,22.87,40.21,2.5
VTEX DLO AVGO ORCL TSM,16.8,33.1,0.91,2,1.3,23.46,-3.55,23.78,39.0,2.11
NU FLUT ORCL RHM TSM,13.9,36.6,0.83,1,1.46,23.45,-4.66,25.55,36.75,1.18
6669.TW VTEX PAX UBER TSM,9.5,29.7,0.77,1,1.11,23.45,-3.68,26.13,35.48,1.04
NU FLUT 1810.HK ORCL TSM,13.6,35.4,0.82,2,1.17,23.45,-6.29,25.1,37.95,0.31
FLUT PAX AVGO ORCL RHM,11.6,37.8,0.75,2,1.48,23.44,-4.01,24.91,37.46,0.99
FLUT PAX 1810.HK AVGO ORCL,11.4,36.6,0.74,2,1.19,23.44,-5.61,24.45,38.65,0.11
VTEX 300750.SZ DLO AVGO TSM,16.0,36.2,0.9,1,1.04,23.44,-2.24,23.53,38.83,2.88
6669.TW NU DLO RHM TSM,10.8,33.9,0.79,2,1.28,23.44,-2.0,26.23,34.63,2.06
VTEX 300750.SZ AVGO ORCL UBER,15.3,37.3,0.85,2,1.15,23.43,-5.6,23.29,40.25,1.3
6669.TW NU ORCL RHM UBER,10.5,35.0,0.74,2,1.39,23.43,-5.33,26.0,36.19,0.44
6669.TW NU DLO 1810.HK TSM,10.5,32.7,0.78,2,0.99,23.43,-3.5,25.79,35.89,1.21
NU FLUT 300750.SZ RHM TSM,13.3,39.7,0.83,1,1.19,23.43,-3.3,25.31,36.57,1.97
6669.TW NU 1810.HK ORCL UBER,10.3,33.7,0.73,2,1.11,23.43,-7.0,25.56,37.41,-0.45
FLUT DLO AVGO ORCL UBER,13.7,38.7,0.8,2,1.27,23.43,-4.93,24.05,38.97,0.73
6669.TW DLO PAX AVGO RHM,9.4,35.2,0.71,2,1.3,23.42,-1.4,25.61,35.38,1.87
NU FLUT 300750.SZ 1810.HK TSM,13.0,38.4,0.82,2,0.91,23.42,-4.87,24.86,37.77,1.12
6669.TW 300750.SZ DLO PAX ORCL,8.6,27.4,0.66,2,1.02,23.42,-3.85,25.76,36.03,-0.3
6669.TW DLO PAX 1810.HK AVGO,9.2,33.9,0.7,2,1.01,23.42,-2.88,25.16,36.62,1.02
FLUT 300750.SZ PAX AVGO RHM,11.3,40.9,0.75,1,1.22,23.42,-2.68,24.67,37.28,1.78
FLUT 300750.SZ PAX 1810.HK AVGO,11.0,39.7,0.74,2,0.93,23.41,-4.22,24.21,38.48,0.93
6669.TW NU 300750.SZ RHM UBER,10.1,38.1,0.73,1,1.13,23.41,-3.95,25.77,36.01,1.25
6669.TW NU 300750.SZ 1810.HK UBER,10.0,36.8,0.72,1,0.84,23.4,-5.54,25.32,37.23,0.38
FLUT 300750.SZ DLO AVGO UBER,13.1,41.8,0.8,1,1.01,23.4,-3.57,23.81,38.8,1.53
NU VTEX PAX AVGO TSM,12.8,33.1,0.82,2,1.15,23.38,-1.21,24.66,36.65,2.75
VTEX DLO AVGO RHM TSM,17.7,37.5,0.93,1,1.38,23.37,-1.67,23.61,38.34,3.56
VTEX 300750.SZ DLO ORCL TSM,15.2,29.7,0.88,1,1.1,23.37,-4.14,23.77,38.95,1.49
VTEX AVGO ORCL RHM UBER,16.9,38.5,0.88,2,1.49,23.37,-4.96,23.36,39.78,2.02
VTEX DLO 1810.HK AVGO TSM,17.1,36.2,0.92,1,1.09,23.37,-3.16,23.13,39.5,2.75
VTEX 1810.HK AVGO ORCL UBER,16.4,37.3,0.87,2,1.2,23.36,-6.61,22.89,40.91,1.16
NU FLUT 1810.HK RHM TSM,14.2,39.7,0.85,2,1.25,23.36,-4.25,24.93,37.27,1.83
6669.TW DLO PAX ORCL RHM,9.1,28.7,0.69,2,1.36,23.36,-3.25,25.83,35.51,0.44
6669.TW DLO PAX 1810.HK ORCL,8.9,27.4,0.68,2,1.07,23.35,-4.81,25.38,36.75,-0.45
FLUT 300750.SZ PAX ORCL RHM,10.9,34.4,0.72,1,1.28,23.35,-4.6,24.9,37.41,0.35
FLUT PAX 1810.HK AVGO RHM,11.8,40.9,0.77,2,1.27,23.35,-3.61,24.28,37.98,1.65
FLUT 300750.SZ PAX 1810.HK ORCL,10.7,33.2,0.71,2,0.99,23.35,-6.24,24.44,38.59,-0.55
NU FLUT PAX AVGO UBER,10.9,38.8,0.71,2,1.12,23.34,-2.49,24.93,36.61,1.39
VTEX 300750.SZ AVGO RHM UBER,16.1,41.6,0.88,1,1.23,23.34,-3.6,23.11,39.61,2.79
VTEX 300750.SZ 1810.HK AVGO UBER,15.6,40.4,0.87,1,0.94,23.34,-5.18,22.64,40.74,1.96
6669.TW NU 1810.HK RHM UBER,10.6,38.1,0.76,1,1.18,23.34,-4.91,25.39,36.72,1.11
FLUT DLO AVGO RHM UBER,14.3,43.1,0.83,1,1.35,23.33,-2.97,23.88,38.3,2.24
FLUT 300750.SZ DLO ORCL UBER,12.6,35.3,0.77,1,1.07,23.33,-5.54,24.04,38.91,0.09
6669.TW NU AVGO ORCL TSM,10.9,35.4,0.8,3,1.3,23.33,-5.1,26.25,35.42,0.7
6669.TW 300750.SZ DLO PAX RHM,8.9,31.8,0.68,2,1.1,23.33,-1.95,25.6,35.32,1.25
FLUT DLO 1810.HK AVGO UBER,13.9,41.8,0.82,2,1.06,23.33,-4.52,23.41,39.47,1.39
6669.TW 300750.SZ DLO PAX 1810.HK,8.7,30.5,0.67,2,0.81,23.33,-3.45,25.15,36.57,0.38
NU VTEX PAX ORCL TSM,12.3,26.7,0.79,2,1.21,23.31,-3.04,24.89,36.77,1.36
6669.TW NU 300750.SZ AVGO TSM,10.5,38.5,0.8,2,1.04,23.3,-3.73,26.01,35.23,1.51
VTEX DLO ORCL RHM TSM,16.8,31.0,0.91,1,1.44,23.3,-3.53,23.84,38.46,2.2
VTEX DLO 1810.HK ORCL TSM,16.3,29.7,0.9,1,1.15,23.3,-5.1,23.37,39.62,1.36
NU VTEX 300750.SZ PAX TSM,11.9,29.7,0.79,2,0.95,23.29,-1.75,24.65,36.59,2.14
FLUT PAX 1810.HK ORCL RHM,11.4,34.4,0.74,2,1.33,23.28,-5.59,24.52,38.1,0.21
NU FLUT DLO PAX TSM,10.8,31.2,0.74,3,1.07,23.28,-1.16,25.39,35.19,1.58
NU FLUT PAX ORCL UBER,10.6,32.3,0.68,2,1.18,23.28,-4.4,25.16,36.73,-0.06
VTEX 300750.SZ DLO RHM TSM,16.0,34.1,0.9,1,1.18,23.28,-2.22,23.6,38.28,2.97
VTEX 300750.SZ ORCL RHM UBER,15.4,35.1,0.85,1,1.29,23.27,-5.57,23.35,39.72,1.4
VTEX 300750.SZ DLO 1810.HK TSM,15.5,32.8,0.89,1,0.89,23.27,-3.73,23.12,39.45,2.14
VTEX 1810.HK AVGO RHM UBER,17.3,41.6,0.9,1,1.28,23.27,-4.55,22.71,40.27,2.66
VTEX 300750.SZ 1810.HK ORCL UBER,14.9,33.9,0.84,1,1.0,23.27,-7.26,22.88,40.85,0.53
FLUT DLO ORCL RHM UBER,13.7,36.6,0.8,1,1.41,23.27,-4.91,24.11,38.42,0.82
FLUT DLO 1810.HK ORCL UBER,13.4,35.3,0.79,2,1.12,23.26,-6.55,23.65,39.58,-0.06
6669.TW DLO PAX 1810.HK RHM,9.2,31.8,0.7,2,1.15,23.26,-2.86,25.22,36.05,1.11
6669.TW NU DLO PAX UBER,8.6,29.6,0.64,3,1.01,23.26,-1.76,25.85,34.62,0.86
FLUT 300750.SZ PAX 1810.HK RHM,11.0,37.5,0.74,2,1.07,23.25,-4.2,24.27,37.92,1.02
NU FLUT 300750.SZ PAX UBER,10.2,35.3,0.68,2,0.92,23.25,-3.05,24.92,36.55,0.76
FLUT 300750.SZ DLO RHM UBER,13.2,39.7,0.8,1,1.15,23.24,-3.54,23.87,38.25,1.63
6669.TW NU AVGO RHM TSM,11.3,39.7,0.83,2,1.38,23.24,-3.13,26.08,34.7,2.22
6669.TW NU 300750.SZ ORCL TSM,10.2,32.0,0.77,2,1.1,23.24,-5.71,26.24,35.36,0.06
FLUT 300750.SZ DLO 1810.HK UBER,12.8,38.4,0.79,2,0.86,23.23,-5.12,23.4,39.41,0.76
6669.TW NU 1810.HK AVGO TSM,11.0,38.5,0.82,2,1.09,23.23,-4.68,25.64,35.96,1.37
6669.TW 300750.SZ PAX AVGO ORCL,8.9,33.2,0.69,3,1.12,23.23,-5.05,25.61,36.1,-0.14
NU VTEX PAX RHM TSM,12.8,31.0,0.82,2,1.29,23.22,-1.19,24.72,36.07,2.84
NU VTEX PAX 1810.HK TSM,12.5,29.7,0.81,2,1.0,23.22,-2.65,24.27,37.29,2.01
VTEX DLO 1810.HK RHM TSM,17.2,34.1,0.93,1,1.23,23.21,-3.13,23.2,38.96,2.84
VTEX 1810.HK ORCL RHM UBER,16.4,35.1,0.87,1,1.34,23.2,-6.59,22.95,40.38,1.26
NU VTEX DLO UBER TSM,15.3,31.9,0.87,2,1.08,23.2,-2.03,23.86,37.62,2.59
VTEX DLO PAX AVGO UBER,12.6,33.1,0.79,2,1.11,23.19,-1.43,23.2,38.32,2.41
NU FLUT PAX RHM UBER,10.9,36.6,0.71,2,1.26,23.18,-2.47,24.99,36.03,1.49
NU FLUT PAX 1810.HK UBER,10.7,35.4,0.7,2,0.97,23.18,-3.99,24.53,37.26,0.62
VTEX 300750.SZ 1810.HK RHM UBER,15.7,38.2,0.87,1,1.08,23.18,-5.15,22.7,40.22,2.05
VTEX 300750.SZ AVGO ORCL TSM,16.2,35.5,0.91,2,1.2,23.17,-5.34,23.61,39.01,1.65
6669.TW NU ORCL RHM TSM,10.9,33.2,0.81,2,1.44,23.17,-5.07,26.31,34.83,0.8
FLUT DLO 1810.HK RHM UBER,13.9,39.7,0.82,2,1.2,23.17,-4.49,23.47,38.93,1.49
6669.TW NU 1810.HK ORCL TSM,10.7,32.0,0.79,2,1.15,23.17,-6.73,25.86,36.08,-0.08
FLUT DLO AVGO ORCL TSM,14.4,37.0,0.87,2,1.32,23.16,-4.68,24.37,37.69,1.08
6669.TW PAX AVGO ORCL RHM,9.5,34.5,0.73,3,1.46,23.16,-4.42,25.68,35.57,0.61
6669.TW PAX 1810.HK AVGO ORCL,9.3,33.2,0.71,3,1.17,23.16,-6.04,25.23,36.81,-0.28
6669.TW FLUT PAX UBER TSM,8.7,33.5,0.73,1,1.13,23.15,-4.82,26.68,34.05,-0.02
6669.TW NU 300750.SZ RHM TSM,10.5,36.3,0.8,1,1.18,23.14,-3.7,26.07,34.64,1.6
6669.TW DLO AVGO ORCL UBER,10.7,35.4,0.77,3,1.26,23.14,-5.35,24.84,37.14,0.35
6669.TW NU 300750.SZ 1810.HK TSM,10.3,35.1,0.79,1,0.89,23.14,-5.29,25.63,35.9,0.74
FLUT 300750.SZ DLO AVGO TSM,13.8,40.1,0.86,1,1.06,23.14,-3.33,24.13,37.51,1.88
FLUT 300750.SZ AVGO ORCL UBER,13.3,41.1,0.81,2,1.17,23.13,-6.8,23.89,38.97,0.25
6669.TW 300750.SZ PAX AVGO RHM,9.2,37.6,0.72,2,1.2,23.13,-3.08,25.45,35.39,1.41
6669.TW 300750.SZ PAX 1810.HK AVGO,9.0,36.3,0.71,2,0.91,23.13,-4.63,25.0,36.63,0.55
VTEX DLO PAX ORCL UBER,12.1,26.6,0.76,2,1.17,23.12,-3.28,23.44,38.44,1.0
6669.TW 300750.SZ DLO AVGO UBER,10.4,38.5,0.77,2,0.99,23.11,-3.97,24.6,36.96,1.16
VTEX AVGO ORCL RHM TSM,18.0,36.8,0.95,2,1.54,23.1,-4.71,23.69,38.52,2.36
VTEX 1810.HK AVGO ORCL TSM,17.5,35.5,0.94,2,1.25,23.1,-6.35,23.22,39.68,1.52
VTEX 300750.SZ DLO PAX UBER,11.7,29.7,0.76,2,0.9,23.1,-1.98,23.19,38.27,1.8
NU FLUT PAX AVGO TSM,11.4,37.0,0.78,2,1.17,23.08,-2.26,25.24,35.26,1.74
VTEX 300750.SZ AVGO RHM TSM,17.1,39.9,0.94,1,1.28,23.08,-3.36,23.44,38.34,3.12
VTEX 300750.SZ 1810.HK AVGO TSM,16.6,38.6,0.93,1,0.99,23.07,-4.92,22.97,39.51,2.3
6669.TW NU 1810.HK RHM TSM,11.0,36.3,0.82,1,1.23,23.07,-4.66,25.7,35.37,1.47
FLUT DLO AVGO RHM TSM,15.1,41.3,0.89,1,1.4,23.07,-2.73,24.2,37.0,2.58
FLUT 300750.SZ DLO ORCL TSM,13.3,33.6,0.84,1,1.12,23.07,-5.29,24.36,37.63,0.45
FLUT AVGO ORCL RHM UBER,14.5,42.4,0.84,2,1.51,23.07,-6.14,23.96,38.48,0.99
FLUT DLO 1810.HK AVGO TSM,14.7,40.1,0.88,2,1.11,23.07,-4.27,23.73,38.2,1.74
6669.TW 300750.SZ PAX ORCL RHM,8.9,31.1,0.7,2,1.26,23.07,-5.02,25.67,35.51,-0.04
FLUT 1810.HK AVGO ORCL UBER,14.1,41.2,0.83,2,1.22,23.06,-7.86,23.49,39.64,0.11
6669.TW PAX 1810.HK AVGO RHM,9.6,37.6,0.74,2,1.25,23.06,-4.01,25.07,36.11,1.27
6669.TW 300750.SZ PAX 1810.HK ORCL,8.8,29.8,0.69,2,0.97,23.06,-6.68,25.22,36.75,-0.94
6669.TW NU PAX AVGO UBER,9.0,35.4,0.68,2,1.11,23.06,-2.88,25.7,34.68,1.02
6669.TW DLO AVGO RHM UBER,11.1,39.7,0.8,2,1.33,23.05,-3.36,24.67,36.45,1.87
6669.TW 300750.SZ DLO ORCL UBER,10.1,32.0,0.74,2,1.05,23.05,-5.97,24.83,37.08,-0.3
6669.TW DLO 1810.HK AVGO UBER,10.9,38.5,0.79,2,1.05,23.04,-4.93,24.21,37.66,1.02
FLUT 300750.SZ AVGO RHM UBER,13.9,45.5,0.84,1,1.25,23.04,-4.73,23.71,38.31,1.78
FLUT 300750.SZ 1810.HK AVGO UBER,13.6,44.2,0.83,2,0.96,23.04,-6.37,23.24,39.47,0.93
VTEX DLO PAX RHM UBER,12.6,31.0,0.79,2,1.24,23.03,-1.41,23.26,37.77,2.5
VTEX DLO PAX 1810.HK UBER,12.3,29.7,0.78,2,0.96,23.03,-2.88,22.79,38.95,1.66
NU FLUT PAX ORCL TSM,11.0,30.5,0.75,2,1.23,23.01,-4.15,25.47,35.38,0.31
VTEX 300750.SZ ORCL RHM TSM,16.3,33.4,0.92,1,1.34,23.01,-5.32,23.68,38.46,1.75
VTEX 1810.HK AVGO RHM TSM,18.5,39.9,0.96,1,1.33,23.01,-4.3,23.04,39.02,2.99
VTEX 300750.SZ 1810.HK ORCL TSM,15.8,32.1,0.91,1,1.05,23.01,-6.99,23.21,39.62,0.89
NU VTEX AVGO UBER TSM,16.3,37.7,0.9,1,1.18,23.0,-3.16,23.7,37.68,2.75
FLUT DLO ORCL RHM TSM,14.4,34.8,0.87,1,1.46,23.0,-4.66,24.43,37.12,1.18
FLUT DLO 1810.HK ORCL TSM,14.1,33.6,0.86,2,1.17,23.0,-6.29,23.97,38.32,0.31
6669.TW PAX 1810.HK ORCL RHM,9.3,31.1,0.72,2,1.31,23.0,-6.02,25.29,36.24,-0.18
6669.TW NU DLO PAX TSM,8.9,27.9,0.71,3,1.05,22.99,-1.53,26.15,33.2,1.21
6669.TW NU PAX ORCL UBER,8.7,28.9,0.66,2,1.17,22.99,-4.81,25.93,34.81,-0.45
NU FLUT 300750.SZ PAX TSM,10.6,33.6,0.75,2,0.97,22.99,-2.82,25.23,35.2,1.12
6669.TW DLO ORCL RHM UBER,10.8,33.2,0.77,2,1.39,22.98,-5.33,24.9,36.57,0.44
FLUT 300750.SZ DLO RHM TSM,13.8,37.9,0.87,1,1.19,22.98,-3.3,24.19,36.94,1.97
6669.TW DLO 1810.HK ORCL UBER,10.5,32.0,0.76,2,1.11,22.98,-7.0,24.44,37.78,-0.45
NU 300750.SZ DLO AVGO ORCL,13.8,35.5,0.79,2,1.1,22.98,-3.32,23.32,38.21,1.47
FLUT 300750.SZ ORCL RHM UBER,13.3,39.0,0.81,1,1.31,22.97,-6.78,23.95,38.43,0.35
FLUT 300750.SZ DLO 1810.HK TSM,13.5,36.7,0.85,2,0.91,22.97,-4.87,23.72,38.14,1.12
FLUT 1810.HK AVGO RHM UBER,14.8,45.5,0.86,2,1.3,22.97,-5.71,23.32,38.99,1.65
FLUT 300750.SZ 1810.HK ORCL UBER,13.0,37.7,0.8,2,1.02,22.97,-8.53,23.48,39.59,-0.55
6669.TW 300750.SZ PAX 1810.HK RHM,9.1,34.2,0.71,1,1.05,22.97,-4.61,25.06,36.05,0.64
6669.TW NU 300750.SZ PAX UBER,8.5,32.0,0.65,2,0.91,22.97,-3.45,25.69,34.62,0.38
6669.TW 300750.SZ DLO RHM UBER,10.4,36.3,0.77,1,1.13,22.95,-3.95,24.66,36.39,1.25
6669.TW 300750.SZ DLO 1810.HK UBER,10.2,35.1,0.76,1,0.84,22.95,-5.54,24.2,37.61,0.38
VTEX 1810.HK ORCL RHM TSM,17.5,33.4,0.94,1,1.39,22.94,-6.32,23.28,39.14,1.61
NU VTEX ORCL UBER TSM,15.5,31.2,0.88,1,1.24,22.94,-5.1,23.94,37.8,1.36
VTEX DLO PAX AVGO TSM,13.2,31.4,0.85,2,1.15,22.93,-1.21,23.52,37.02,2.75
VTEX PAX AVGO ORCL UBER,12.8,32.4,0.8,2,1.27,22.93,-4.45,23.28,38.5,1.16
NU FLUT PAX RHM TSM,11.4,34.9,0.78,2,1.31,22.92,-2.23,25.3,34.66,1.83
NU FLUT PAX 1810.HK TSM,11.1,33.6,0.77,2,1.02,22.92,-3.75,24.85,35.92,0.98
VTEX 300750.SZ 1810.HK RHM TSM,16.6,36.5,0.94,1,1.13,22.91,-4.9,23.03,38.97,2.39
NU VTEX 300750.SZ UBER TSM,14.9,34.3,0.88,1,0.98,22.91,-3.73,23.69,37.63,2.14
NU DLO AVGO ORCL RHM,15.1,36.7,0.82,2,1.44,22.91,-2.73,23.39,37.71,2.18
FLUT DLO 1810.HK RHM TSM,14.7,37.9,0.89,2,1.25,22.91,-4.25,23.79,37.64,1.83
NU DLO 1810.HK AVGO ORCL,14.7,35.5,0.81,2,1.15,22.9,-4.26,22.92,38.89,1.34
FLUT 1810.HK ORCL RHM UBER,14.2,39.0,0.83,2,1.36,22.9,-7.83,23.55,39.1,0.21
NU FLUT DLO UBER TSM,13.3,35.8,0.83,2,1.1,22.9,-3.1,24.45,36.26,1.58
VTEX 300750.SZ PAX AVGO UBER,12.3,35.5,0.8,1,1.0,22.9,-3.11,23.03,38.33,1.96
6669.TW NU PAX RHM UBER,9.0,33.2,0.69,2,1.25,22.9,-2.86,25.76,34.08,1.11
6669.TW NU PAX 1810.HK UBER,8.8,32.0,0.68,2,0.96,22.89,-4.4,25.31,35.36,0.24
FLUT DLO PAX AVGO UBER,11.2,37.0,0.75,2,1.12,22.89,-2.49,23.8,36.99,1.39
6669.TW DLO 1810.HK RHM UBER,10.9,36.3,0.79,1,1.18,22.88,-4.91,24.27,37.1,1.11
NU 300750.SZ DLO AVGO RHM,14.5,39.8,0.81,2,1.18,22.88,-1.45,23.14,37.54,2.95
NU 300750.SZ DLO 1810.HK AVGO,14.1,38.6,0.8,2,0.89,22.88,-2.93,22.67,38.72,2.12
6669.TW DLO AVGO ORCL TSM,11.2,33.6,0.84,3,1.3,22.88,-5.1,25.15,35.81,0.7
FLUT 300750.SZ 1810.HK RHM UBER,13.6,42.1,0.83,2,1.1,22.88,-6.34,23.31,38.93,1.02
FLUT 300750.SZ AVGO ORCL TSM,14.0,39.4,0.88,2,1.22,22.87,-6.54,24.21,37.69,0.61
VTEX DLO PAX ORCL TSM,12.7,24.9,0.83,2,1.21,22.86,-3.04,23.76,37.15,1.36
6669.TW 300750.SZ DLO AVGO TSM,10.8,36.7,0.84,2,1.04,22.85,-3.73,24.91,35.62,1.51
6669.TW 300750.SZ AVGO ORCL UBER,10.5,37.8,0.78,3,1.15,22.85,-7.25,24.68,37.15,-0.14
NU VTEX RHM UBER TSM,16.3,35.5,0.91,1,1.32,22.84,-3.13,23.77,37.12,2.84
NU VTEX 1810.HK UBER TSM,15.9,34.3,0.9,1,1.03,22.84,-4.69,23.3,38.32,2.01
VTEX 300750.SZ DLO PAX TSM,12.2,28.0,0.82,2,0.95,22.83,-1.75,23.51,36.97,2.14
VTEX PAX AVGO RHM UBER,13.3,36.8,0.83,1,1.34,22.83,-2.52,23.11,37.83,2.66
VTEX 300750.SZ PAX ORCL UBER,11.9,29.0,0.77,1,1.06,22.83,-5.05,23.27,38.45,0.53
VTEX PAX 1810.HK AVGO UBER,13.0,35.5,0.82,1,1.06,22.83,-4.04,22.63,39.01,1.82
FLUT DLO PAX ORCL UBER,10.9,30.5,0.72,2,1.18,22.82,-4.4,24.03,37.11,-0.06
NU 300750.SZ DLO ORCL RHM,13.9,33.3,0.79,2,1.24,22.81,-3.3,23.38,37.66,1.57
NU DLO 1810.HK AVGO RHM,15.4,39.8,0.84,2,1.23,22.81,-2.34,22.74,38.23,2.82
NU 300750.SZ DLO 1810.HK ORCL,13.5,32.1,0.78,2,0.95,22.81,-4.86,22.91,38.84,0.71
FLUT AVGO ORCL RHM TSM,15.3,40.7,0.91,2,1.56,22.8,-5.88,24.28,37.18,1.34
FLUT 1810.HK AVGO ORCL TSM,14.9,39.4,0.9,2,1.27,22.8,-7.58,23.81,38.38,0.47
FLUT 300750.SZ DLO PAX UBER,10.5,33.6,0.72,2,0.92,22.8,-3.05,23.79,36.93,0.76
6669.TW NU PAX AVGO TSM,9.3,33.7,0.75,2,1.15,22.8,-2.64,26.01,33.27,1.37
6669.TW DLO AVGO RHM TSM,11.6,38.0,0.87,2,1.38,22.78,-3.13,24.98,35.09,2.22
6669.TW 300750.SZ DLO ORCL TSM,10.5,30.2,0.81,2,1.1,22.78,-5.71,25.14,35.75,0.06
6669.TW AVGO ORCL RHM UBER,11.3,39.0,0.81,3,1.49,22.78,-6.58,24.75,36.63,0.61
6669.TW DLO 1810.HK AVGO TSM,11.4,36.7,0.86,2,1.09,22.78,-4.68,24.53,36.34,1.37
FLUT 300750.SZ AVGO RHM TSM,14.7,43.7,0.9,1,1.29,22.78,-4.48,24.03,37.01,2.13
6669.TW 1810.HK AVGO ORCL UBER,11.0,37.8,0.8,3,1.21,22.78,-8.32,24.29,37.84,-0.28
FLUT 300750.SZ 1810.HK AVGO TSM,14.3,42.5,0.89,2,1.01,22.77,-6.1,23.57,38.2,1.28
VTEX DLO PAX RHM TSM,13.2,29.2,0.86,2,1.29,22.77,-1.19,23.59,36.45,2.84
VTEX PAX ORCL RHM UBER,12.8,30.3,0.8,1,1.4,22.76,-4.43,23.35,37.95,1.26
VTEX DLO PAX 1810.HK TSM,12.9,28.0,0.85,2,1.0,22.76,-2.65,23.12,37.67,2.01
VTEX PAX 1810.HK ORCL UBER,12.5,29.1,0.79,1,1.12,22.76,-6.05,22.87,39.12,0.39
6669.TW 300750.SZ AVGO RHM UBER,10.9,42.1,0.81,2,1.23,22.75,-5.15,24.51,36.45,1.41
6669.TW 300750.SZ 1810.HK AVGO UBER,10.7,40.9,0.8,2,0.94,22.75,-6.81,24.05,37.67,0.55
NU DLO 1810.HK ORCL RHM,14.7,33.3,0.81,2,1.29,22.74,-4.24,22.98,38.34,1.43
VTEX 300750.SZ PAX RHM UBER,12.3,33.4,0.8,1,1.14,22.74,-3.08,23.1,37.78,2.05
VTEX 300750.SZ PAX 1810.HK UBER,12.1,32.1,0.79,1,0.85,22.73,-4.64,22.62,38.95,1.2
FLUT DLO PAX RHM UBER,11.2,34.8,0.75,2,1.26,22.73,-2.47,23.86,36.42,1.49
6669.TW NU PAX ORCL TSM,9.0,27.2,0.72,2,1.21,22.73,-4.56,26.23,33.4,-0.08
FLUT DLO PAX 1810.HK UBER,11.0,33.6,0.74,2,0.97,22.73,-3.99,23.39,37.63,0.62
NU 300750.SZ DLO 1810.HK RHM,14.1,36.4,0.81,2,1.03,22.72,-2.9,22.73,38.17,2.22
6669.TW DLO ORCL RHM TSM,11.2,31.5,0.84,2,1.44,22.72,-5.07,25.21,35.22,0.8
6669.TW DLO 1810.HK ORCL TSM,11.0,30.2,0.83,2,1.15,22.71,-6.73,24.76,36.47,-0.08
FLUT 300750.SZ ORCL RHM TSM,14.0,37.2,0.88,1,1.35,22.71,-6.51,24.27,37.13,0.71
FLUT 1810.HK AVGO RHM TSM,15.7,43.7,0.93,2,1.35,22.71,-5.46,23.64,37.7,1.99
FLUT 300750.SZ 1810.HK ORCL TSM,13.7,36.0,0.87,2,1.07,22.7,-8.25,23.8,38.32,-0.18
NU FLUT AVGO UBER TSM,14.1,41.6,0.87,1,1.2,22.7,-4.27,24.29,36.33,1.74
6669.TW NU 300750.SZ PAX TSM,8.8,30.2,0.72,2,0.95,22.7,-3.21,26.0,33.21,0.74
6669.TW 300750.SZ DLO RHM TSM,10.8,34.6,0.84,1,1.18,22.69,-3.7,24.97,35.03,1.6
6669.TW 300750.SZ ORCL RHM UBER,10.5,35.6,0.78,2,1.29,22.69,-7.23,24.74,36.58,-0.04
6669.TW 300750.SZ DLO 1810.HK TSM,10.6,33.3,0.83,1,0.89,22.68,-5.29,24.52,36.28,0.74
6669.TW 1810.HK AVGO RHM UBER,11.4,42.1,0.83,2,1.28,22.68,-6.15,24.12,37.16,1.27
6669.TW 300750.SZ 1810.HK ORCL UBER,10.3,34.4,0.77,2,1.0,22.68,-9.01,24.28,37.79,-0.94
VTEX PAX 1810.HK RHM UBER,13.0,33.4,0.82,1,1.19,22.67,-4.02,22.69,38.46,1.92
VTEX PAX AVGO ORCL TSM,13.4,30.7,0.87,2,1.31,22.66,-4.2,23.61,37.21,1.52
FLUT 1810.HK ORCL RHM TSM,14.9,37.3,0.9,2,1.41,22.64,-7.56,23.88,37.82,0.57
NU FLUT ORCL UBER TSM,13.5,35.1,0.84,1,1.26,22.63,-6.29,24.53,36.45,0.31
VTEX 300750.SZ PAX AVGO TSM,12.9,33.8,0.86,1,1.05,22.63,-2.87,23.36,37.03,2.3
6669.TW NU PAX RHM TSM,9.3,31.5,0.75,2,1.29,22.63,-2.62,26.06,32.65,1.47
6669.TW NU PAX 1810.HK TSM,9.1,30.3,0.74,2,1.0,22.63,-4.15,25.62,33.97,0.6
FLUT DLO PAX AVGO TSM,11.7,35.3,0.81,2,1.17,22.63,-2.26,24.12,35.65,1.74
FLUT PAX AVGO ORCL UBER,11.4,36.3,0.76,2,1.28,22.62,-5.61,23.88,37.17,0.11
6669.TW DLO 1810.HK RHM TSM,11.4,34.6,0.86,1,1.23,22.62,-4.66,24.59,35.76,1.47
6669.TW 1810.HK ORCL RHM UBER,11.0,35.6,0.8,2,1.34,22.61,-8.3,24.35,37.28,-0.18
NU 300750.SZ AVGO ORCL RHM,14.7,39.1,0.83,2,1.34,22.61,-4.47,23.22,37.72,1.73
6669.TW NU DLO UBER TSM,10.5,32.4,0.8,2,1.09,22.61,-3.5,25.23,34.32,1.21
FLUT 300750.SZ 1810.HK RHM TSM,14.3,40.3,0.9,2,1.14,22.61,-6.08,23.63,37.65,1.37
NU 300750.SZ 1810.HK AVGO ORCL,14.3,37.9,0.82,2,1.05,22.61,-6.1,22.75,38.9,0.87
NU FLUT 300750.SZ UBER TSM,13.0,38.2,0.84,1,1.0,22.61,-4.87,24.28,36.27,1.12
6669.TW DLO PAX AVGO UBER,9.2,33.6,0.72,2,1.11,22.6,-2.88,24.59,35.08,1.02
FLUT 300750.SZ PAX AVGO UBER,11.0,39.4,0.76,1,1.02,22.6,-4.22,23.63,36.99,0.93
6669.TW 300750.SZ 1810.HK RHM UBER,10.7,38.7,0.8,1,1.08,22.59,-6.78,24.11,37.1,0.64
6669.TW 300750.SZ AVGO ORCL TSM,11.0,36.0,0.85,3,1.2,22.58,-6.98,24.99,35.81,0.23
VTEX PAX AVGO RHM TSM,14.0,35.0,0.89,1,1.39,22.57,-2.29,23.43,36.52,2.99
VTEX 300750.SZ PAX ORCL TSM,12.4,27.3,0.84,1,1.11,22.56,-4.8,23.6,37.15,0.89
VTEX PAX 1810.HK AVGO TSM,13.7,33.8,0.88,1,1.1,22.56,-3.8,22.96,37.73,2.17
FLUT DLO PAX ORCL TSM,11.3,28.8,0.79,2,1.23,22.56,-4.15,24.35,35.77,0.31
VTEX DLO AVGO UBER TSM,17.0,35.9,0.94,1,1.18,22.55,-3.16,22.54,38.05,2.75
NU 1810.HK AVGO ORCL RHM,15.7,39.1,0.85,2,1.39,22.54,-5.45,22.82,38.4,1.59
NU FLUT RHM UBER TSM,14.1,39.4,0.87,1,1.34,22.54,-4.25,24.36,35.75,1.83
NU FLUT 1810.HK UBER TSM,13.7,38.2,0.86,2,1.05,22.54,-5.86,23.89,36.98,0.98
6669.TW DLO PAX ORCL UBER,8.9,27.2,0.69,2,1.17,22.53,-4.81,24.82,35.2,-0.45
FLUT 300750.SZ DLO PAX TSM,10.9,31.9,0.79,2,0.97,22.53,-2.82,24.11,35.59,1.12
FLUT PAX AVGO RHM UBER,11.8,40.7,0.79,1,1.36,22.53,-3.61,23.7,36.48,1.65
FLUT 300750.SZ PAX ORCL UBER,10.6,32.9,0.73,1,1.08,22.53,-6.24,23.87,37.11,-0.55
FLUT PAX 1810.HK AVGO UBER,11.5,39.4,0.78,2,1.07,22.53,-5.19,23.23,37.69,0.78
NU 300750.SZ 1810.HK AVGO RHM,15.0,42.2,0.84,1,1.13,22.52,-4.06,22.57,38.23,2.37
6669.TW AVGO ORCL RHM TSM,11.7,37.3,0.88,3,1.54,22.52,-6.32,25.06,35.28,0.96
6669.TW 1810.HK AVGO ORCL TSM,11.5,36.1,0.87,3,1.25,22.51,-8.04,24.6,36.53,0.08
6669.TW 300750.SZ DLO PAX UBER,8.7,30.2,0.69,2,0.91,22.51,-3.45,24.58,35.02,0.38
VTEX PAX ORCL RHM TSM,13.4,28.6,0.87,1,1.45,22.5,-4.18,23.67,36.64,1.61
VTEX PAX 1810.HK ORCL TSM,13.1,27.3,0.86,1,1.16,22.49,-5.79,23.2,37.85,0.75
6669.TW 300750.SZ AVGO RHM TSM,11.4,40.4,0.88,2,1.28,22.49,-4.89,24.82,35.1,1.76
6669.TW 300750.SZ 1810.HK AVGO TSM,11.1,39.1,0.87,2,0.99,22.48,-6.54,24.36,36.35,0.9
VTEX DLO ORCL UBER TSM,16.2,29.5,0.91,1,1.24,22.48,-5.1,22.78,38.17,1.36
VTEX 300750.SZ PAX RHM TSM,12.9,31.6,0.87,1,1.19,22.47,-2.85,23.42,36.46,2.39
VTEX 300750.SZ PAX 1810.HK TSM,12.6,30.4,0.85,1,0.9,22.47,-4.39,22.95,37.67,1.55
FLUT DLO PAX RHM TSM,11.7,33.1,0.82,2,1.31,22.46,-2.23,24.18,35.06,1.83
NU DLO PAX AVGO ORCL,11.7,30.6,0.74,3,1.21,22.46,-2.25,23.31,36.38,1.34
FLUT PAX ORCL RHM UBER,11.4,34.2,0.76,1,1.42,22.46,-5.59,23.94,36.6,0.21
FLUT DLO PAX 1810.HK TSM,11.5,31.9,0.81,2,1.02,22.46,-3.75,23.71,36.31,0.98
FLUT PAX 1810.HK ORCL UBER,11.1,32.9,0.75,2,1.13,22.46,-7.27,23.47,37.81,-0.69
VTEX 300750.SZ DLO UBER TSM,15.5,32.5,0.91,1,0.98,22.45,-3.73,22.53,38.0,2.14
NU 300750.SZ 1810.HK ORCL RHM,14.3,35.7,0.82,1,1.19,22.45,-6.07,22.81,38.35,0.97
6669.TW DLO PAX RHM UBER,9.2,31.5,0.72,2,1.25,22.44,-2.86,24.65,34.48,1.11
6669.TW DLO PAX 1810.HK UBER,9.0,30.2,0.71,2,0.96,22.44,-4.4,24.19,35.75,0.24
NU 300750.SZ DLO PAX AVGO,11.3,33.7,0.73,3,0.95,22.44,-0.99,23.06,36.2,2.12
FLUT 300750.SZ PAX RHM UBER,11.0,37.2,0.76,1,1.16,22.43,-4.2,23.69,36.42,1.02
FLUT 300750.SZ PAX 1810.HK UBER,10.8,36.0,0.75,2,0.87,22.43,-5.81,23.22,37.63,0.14
6669.TW 300750.SZ ORCL RHM TSM,11.0,33.9,0.85,2,1.34,22.42,-6.96,25.05,35.22,0.33
6669.TW 1810.HK AVGO RHM TSM,11.9,40.4,0.9,2,1.33,22.42,-5.89,24.43,35.83,1.62
6669.TW 300750.SZ 1810.HK ORCL TSM,10.8,32.6,0.84,2,1.05,22.42,-8.72,24.59,36.47,-0.57
6669.TW NU AVGO UBER TSM,11.0,38.2,0.84,2,1.19,22.41,-4.68,25.08,34.39,1.37
VTEX PAX 1810.HK RHM TSM,13.7,31.6,0.89,1,1.24,22.4,-3.78,23.02,37.17,2.26
NU VTEX PAX UBER TSM,12.5,29.5,0.83,2,1.1,22.4,-2.65,23.69,35.77,2.01
VTEX DLO RHM UBER TSM,17.1,33.8,0.94,1,1.32,22.38,-3.13,22.6,37.49,2.84
VTEX DLO 1810.HK UBER TSM,16.6,32.5,0.93,1,1.03,22.38,-4.69,22.12,38.68,2.01
NU DLO PAX AVGO RHM,12.2,35.0,0.77,3,1.29,22.37,-0.44,23.13,35.68,2.82
NU 300750.SZ DLO PAX ORCL,11.0,27.2,0.71,3,1.01,22.37,-2.81,23.3,36.32,0.71
NU DLO PAX 1810.HK AVGO,11.9,33.7,0.75,3,1.0,22.36,-1.87,22.66,36.91,1.99
FLUT PAX 1810.HK RHM UBER,11.6,37.3,0.78,2,1.21,22.36,-5.17,23.3,37.13,0.88
FLUT PAX AVGO ORCL TSM,11.9,34.6,0.83,2,1.33,22.36,-5.36,24.2,35.84,0.47
6669.TW 1810.HK ORCL RHM TSM,11.5,33.9,0.87,2,1.39,22.35,-8.02,24.67,35.95,0.18
6669.TW NU ORCL UBER TSM,10.6,31.7,0.81,2,1.25,22.34,-6.73,25.31,34.52,-0.08
6669.TW DLO PAX AVGO TSM,9.5,31.9,0.79,2,1.15,22.34,-2.64,24.9,33.68,1.37
6669.TW PAX AVGO ORCL UBER,9.3,33.0,0.73,3,1.27,22.33,-6.04,24.67,35.27,-0.28
FLUT 300750.SZ PAX AVGO TSM,11.5,37.7,0.82,1,1.07,22.33,-3.97,23.95,35.65,1.28
6669.TW 300750.SZ 1810.HK RHM TSM,11.1,37.0,0.87,1,1.13,22.32,-6.52,24.42,35.77,1.0
6669.TW NU 300750.SZ UBER TSM,10.3,34.8,0.81,1,0.98,22.32,-5.29,25.07,34.33,0.74
6669.TW 300750.SZ PAX AVGO UBER,9.0,36.0,0.73,2,1.01,22.31,-4.63,24.43,35.08,0.55
NU DLO PAX ORCL RHM,11.7,28.5,0.74,3,1.35,22.3,-2.23,23.37,35.8,1.43
NU DLO PAX 1810.HK ORCL,11.5,27.2,0.73,3,1.06,22.29,-3.74,22.9,37.03,0.56
VTEX AVGO ORCL UBER TSM,17.4,35.3,0.95,2,1.34,22.28,-6.35,22.62,38.23,1.52
NU 300750.SZ DLO PAX RHM,11.3,31.6,0.74,3,1.09,22.27,-0.97,23.12,35.62,2.22
NU 300750.SZ DLO PAX 1810.HK,11.1,30.3,0.73,3,0.8,22.27,-2.42,22.65,36.85,1.37
6669.TW DLO PAX ORCL TSM,9.2,25.4,0.76,2,1.21,22.27,-4.56,25.13,33.81,-0.08
FLUT PAX AVGO RHM TSM,12.3,38.9,0.86,1,1.41,22.26,-3.37,24.02,35.12,1.99
FLUT 300750.SZ PAX ORCL TSM,11.1,31.2,0.8,1,1.13,22.26,-5.98,24.19,35.78,-0.18
FLUT PAX 1810.HK AVGO TSM,12.0,37.7,0.84,2,1.12,22.26,-4.94,23.56,36.37,1.14
VTEX 300750.SZ AVGO UBER TSM,16.5,38.3,0.95,1,1.08,22.25,-4.92,22.37,38.06,2.3
6669.TW NU RHM UBER TSM,11.0,36.1,0.84,1,1.32,22.25,-4.66,25.14,33.78,1.47
6669.TW NU 1810.HK UBER TSM,10.8,34.8,0.83,1,1.04,22.25,-6.29,24.68,35.07,0.6
FLUT DLO AVGO UBER TSM,14.6,39.8,0.9,1,1.2,22.24,-4.27,23.15,36.71,1.74
6669.TW 300750.SZ DLO PAX TSM,9.0,28.5,0.76,2,0.95,22.24,-3.21,24.89,33.62,0.74
6669.TW PAX AVGO RHM UBER,9.5,37.3,0.76,2,1.35,22.24,-4.01,24.5,34.55,1.27
6669.TW 300750.SZ PAX ORCL UBER,8.8,29.6,0.7,2,1.07,22.24,-6.68,24.66,35.21,-0.94
6669.TW PAX 1810.HK AVGO UBER,9.4,36.1,0.75,2,1.06,22.23,-5.62,24.04,35.81,0.4
NU DLO PAX 1810.HK RHM,11.9,31.6,0.76,3,1.14,22.2,-1.85,22.72,36.34,2.08
FLUT PAX ORCL RHM TSM,11.9,32.4,0.83,1,1.47,22.19,-5.33,24.26,35.25,0.57
FLUT PAX 1810.HK ORCL TSM,11.6,31.2,0.82,2,1.18,22.19,-7.0,23.79,36.49,-0.32
VTEX AVGO RHM UBER TSM,18.4,39.6,0.98,1,1.42,22.18,-4.3,22.44,37.56,2.99
VTEX 300750.SZ ORCL UBER TSM,15.7,31.8,0.92,1,1.14,22.18,-6.99,22.61,38.18,0.89
VTEX 1810.HK AVGO UBER TSM,17.8,38.4,0.97,1,1.13,22.18,-5.92,21.96,38.74,2.17
FLUT DLO ORCL UBER TSM,14.0,33.3,0.87,1,1.26,22.17,-6.29,23.38,36.83,0.31
6669.TW DLO PAX RHM TSM,9.5,29.7,0.79,2,1.29,22.17,-2.62,24.96,33.06,1.47
6669.TW PAX ORCL RHM UBER,9.3,30.8,0.73,2,1.41,22.17,-6.02,24.73,34.68,-0.18
6669.TW DLO PAX 1810.HK TSM,9.3,28.5,0.78,2,1.0,22.17,-4.15,24.51,34.37,0.6
FLUT 300750.SZ PAX RHM TSM,11.5,35.5,0.83,1,1.21,22.17,-3.95,24.01,35.06,1.37
6669.TW PAX 1810.HK ORCL UBER,9.1,29.6,0.72,2,1.12,22.17,-7.73,24.27,35.94,-1.09
NU 300750.SZ PAX AVGO ORCL,11.5,33.0,0.75,2,1.11,22.16,-3.97,23.14,36.38,0.87
FLUT 300750.SZ PAX 1810.HK TSM,11.2,34.3,0.82,2,0.92,22.16,-5.55,23.55,36.31,0.51
300750.SZ DLO AVGO ORCL RHM,15.3,37.4,0.86,2,1.34,22.15,-4.47,22.04,38.09,1.73
300750.SZ DLO 1810.HK AVGO ORCL,14.9,36.1,0.85,2,1.05,22.15,-6.1,21.55,39.26,0.87
FLUT 300750.SZ DLO UBER TSM,13.4,36.4,0.87,1,1.0,22.15,-4.87,23.14,36.65,1.12
6669.TW 300750.SZ PAX RHM UBER,9.0,33.9,0.73,1,1.14,22.14,-4.61,24.49,34.49,0.64
6669.TW 300750.SZ PAX 1810.HK UBER,8.9,32.6,0.72,1,0.86,22.14,-6.24,24.03,35.75,-0.24
VTEX ORCL RHM UBER TSM,17.4,33.1,0.96,1,1.48,22.11,-6.32,22.69,37.68,1.61
VTEX 1810.HK ORCL UBER TSM,16.9,31.9,0.94,1,1.19,22.11,-8.05,22.2,38.86,0.75
NU PAX AVGO ORCL RHM,12.3,34.3,0.78,2,1.45,22.1,-3.36,23.22,35.86,1.59
FLUT PAX 1810.HK RHM TSM,12.1,35.5,0.85,2,1.26,22.09,-4.91,23.62,35.79,1.24
NU PAX 1810.HK AVGO ORCL,12.1,33.1,0.77,2,1.16,22.09,-4.93,22.74,37.09,0.73
NU FLUT PAX UBER TSM,11.1,33.3,0.79,2,1.11,22.09,-3.75,24.28,34.35,0.98
VTEX 300750.SZ RHM UBER TSM,16.5,36.2,0.95,1,1.22,22.09,-4.9,22.43,37.5,2.39
VTEX 300750.SZ 1810.HK UBER TSM,16.1,34.9,0.94,1,0.93,22.08,-6.55,21.95,38.68,1.55
DLO 1810.HK AVGO ORCL RHM,16.4,37.4,0.88,2,1.39,22.08,-5.45,21.63,38.77,1.59
FLUT DLO RHM UBER TSM,14.6,37.7,0.9,1,1.34,22.08,-4.25,23.21,36.13,1.83
NU DLO AVGO ORCL UBER,14.6,35.2,0.82,2,1.24,22.08,-4.26,22.32,37.42,1.34
FLUT DLO 1810.HK UBER TSM,14.3,36.4,0.89,2,1.05,22.07,-5.86,22.73,37.35,0.98
6669.TW PAX 1810.HK RHM UBER,9.4,33.9,0.75,1,1.2,22.07,-5.59,24.1,35.23,0.5
NU 300750.SZ PAX AVGO RHM,11.9,37.4,0.78,2,1.19,22.07,-2.06,22.96,35.68,2.37
NU 300750.SZ PAX 1810.HK AVGO,11.7,36.1,0.76,2,0.9,22.07,-3.57,22.49,36.91,1.53
6669.TW PAX AVGO ORCL TSM,9.6,31.2,0.8,3,1.31,22.06,-5.78,24.98,33.88,0.08
300750.SZ DLO 1810.HK AVGO RHM,15.6,40.4,0.88,1,1.13,22.05,-4.06,21.37,38.6,2.37
NU 300750.SZ DLO AVGO UBER,14.0,38.3,0.82,2,0.98,22.05,-2.93,22.06,37.24,2.12
6669.TW 300750.SZ PAX AVGO TSM,9.3,34.3,0.8,2,1.05,22.04,-4.38,24.74,33.68,0.9
VTEX 1810.HK RHM UBER TSM,17.8,36.2,0.97,1,1.27,22.01,-5.89,22.02,38.19,2.26
NU 300750.SZ PAX ORCL RHM,11.5,30.9,0.75,2,1.25,22.0,-3.94,23.21,35.81,0.97
NU PAX 1810.HK AVGO RHM,12.6,37.4,0.8,2,1.24,22.0,-2.97,22.56,36.4,2.24
NU 300750.SZ PAX 1810.HK ORCL,11.3,29.6,0.74,2,0.96,22.0,-5.54,22.73,37.04,0.09
300750.SZ DLO 1810.HK ORCL RHM,14.9,34.0,0.85,1,1.19,21.98,-6.07,21.62,38.71,0.97
NU DLO AVGO RHM UBER,15.4,39.5,0.85,2,1.32,21.98,-2.34,22.14,36.73,2.82
NU 300750.SZ DLO ORCL UBER,13.5,31.8,0.79,2,1.04,21.98,-4.86,22.31,37.37,0.71
NU DLO 1810.HK AVGO UBER,14.9,38.3,0.84,2,1.03,21.98,-3.86,21.65,37.94,1.99
FLUT AVGO ORCL UBER TSM,14.8,39.1,0.91,2,1.36,21.97,-7.58,23.23,36.89,0.47
6669.TW PAX AVGO RHM TSM,9.9,35.6,0.83,2,1.39,21.97,-3.77,24.81,33.13,1.62
6669.TW 300750.SZ PAX ORCL TSM,9.1,27.8,0.77,2,1.11,21.97,-6.41,24.97,33.82,-0.57
6669.TW PAX 1810.HK AVGO TSM,9.7,34.3,0.82,2,1.1,21.97,-5.36,24.35,34.44,0.76
6669.TW DLO AVGO UBER TSM,11.3,36.5,0.87,2,1.19,21.95,-4.68,23.95,34.78,1.37
FLUT 300750.SZ AVGO UBER TSM,14.2,42.2,0.91,1,1.1,21.94,-6.1,22.98,36.71,1.28
VTEX DLO PAX UBER TSM,12.9,27.7,0.86,2,1.1,21.93,-2.65,22.52,36.16,2.01
NU PAX 1810.HK ORCL RHM,12.1,30.9,0.77,2,1.3,21.93,-4.91,22.8,36.52,0.82
NU DLO ORCL RHM UBER,14.7,33.0,0.83,2,1.38,21.91,-4.24,22.38,36.86,1.43
NU DLO 1810.HK ORCL UBER,14.3,31.8,0.82,2,1.09,21.91,-5.85,21.9,38.06,0.56
NU 300750.SZ PAX 1810.HK RHM,11.7,34.0,0.77,2,1.04,21.9,-3.54,22.55,36.34,1.63
6669.TW PAX ORCL RHM TSM,9.6,29.1,0.8,2,1.45,21.9,-5.76,25.04,33.26,0.18
6669.TW PAX 1810.HK ORCL TSM,9.4,27.8,0.79,2,1.16,21.9,-7.45,24.59,34.56,-0.72
NU 300750.SZ DLO RHM UBER,14.1,36.1,0.82,2,1.12,21.88,-2.9,22.13,36.68,2.22
NU 300750.SZ DLO 1810.HK UBER,13.7,34.9,0.81,2,0.83,21.88,-4.45,21.64,37.88,1.37
6669.TW DLO ORCL UBER TSM,10.9,30.0,0.85,2,1.25,21.88,-6.73,24.18,34.91,-0.08
FLUT AVGO RHM UBER TSM,15.6,43.5,0.94,1,1.44,21.87,-5.46,23.05,36.19,1.99
FLUT 300750.SZ ORCL UBER TSM,13.6,35.7,0.88,1,1.16,21.87,-8.25,23.22,36.83,-0.18
6669.TW 300750.SZ PAX RHM TSM,9.3,32.1,0.8,1,1.19,21.87,-4.36,24.8,33.07,1.0
FLUT 1810.HK AVGO UBER TSM,15.1,42.2,0.93,2,1.15,21.87,-7.14,22.57,37.41,1.14
6669.TW 300750.SZ PAX 1810.HK TSM,9.2,30.9,0.79,1,0.9,21.87,-5.98,24.34,34.38,0.12
6669.TW 300750.SZ DLO UBER TSM,10.6,33.0,0.85,1,0.98,21.85,-5.29,23.94,34.73,0.74
NU DLO 1810.HK RHM UBER,15.0,36.1,0.84,2,1.17,21.81,-3.83,21.72,37.38,2.08
NU DLO AVGO ORCL TSM,15.5,33.5,0.89,2,1.29,21.81,-4.02,22.65,36.1,1.68
FLUT ORCL RHM UBER TSM,14.9,37.0,0.92,1,1.5,21.8,-7.56,23.29,36.32,0.57
FLUT 1810.HK ORCL UBER TSM,14.5,35.7,0.91,2,1.21,21.8,-9.36,22.82,37.53,-0.32
6669.TW PAX 1810.HK RHM TSM,9.7,32.2,0.82,1,1.24,21.8,-5.33,24.42,33.83,0.86
6669.TW NU PAX UBER TSM,9.1,30.0,0.76,2,1.1,21.8,-4.15,25.06,32.33,0.6
6669.TW DLO RHM UBER TSM,11.3,34.3,0.88,1,1.32,21.78,-4.66,24.01,34.19,1.47
300750.SZ 1810.HK AVGO ORCL RHM,15.9,39.8,0.89,2,1.29,21.78,-7.36,21.46,38.77,1.13
6669.TW DLO 1810.HK UBER TSM,11.1,33.1,0.87,1,1.04,21.78,-6.29,23.55,35.46,0.6
NU 300750.SZ DLO AVGO TSM,14.8,36.5,0.89,2,1.03,21.78,-2.69,22.4,35.91,2.47
FLUT 300750.SZ RHM UBER TSM,14.2,40.1,0.91,1,1.24,21.78,-6.08,23.04,36.14,1.37
NU 300750.SZ AVGO ORCL UBER,14.3,37.6,0.83,2,1.14,21.78,-6.1,22.15,37.43,0.87
FLUT 300750.SZ 1810.HK UBER TSM,13.9,38.8,0.9,2,0.95,21.77,-7.79,22.56,37.36,0.51
VTEX PAX AVGO UBER TSM,13.6,33.5,0.9,1,1.2,21.73,-3.8,22.36,36.22,2.17
NU DLO AVGO RHM TSM,16.3,37.8,0.92,2,1.37,21.71,-2.11,22.47,35.39,3.15
NU 300750.SZ DLO ORCL TSM,14.2,30.0,0.86,2,1.09,21.71,-4.61,22.64,36.04,1.06
NU AVGO ORCL RHM UBER,15.6,38.8,0.87,2,1.48,21.71,-5.45,22.22,36.92,1.59
NU DLO 1810.HK AVGO TSM,15.8,36.5,0.91,2,1.08,21.71,-3.62,21.99,36.63,2.33
FLUT 1810.HK RHM UBER TSM,15.2,40.1,0.93,2,1.29,21.7,-7.11,22.64,36.85,1.24
NU 1810.HK AVGO ORCL UBER,15.2,37.6,0.85,2,1.19,21.7,-7.13,21.73,38.12,0.73
300750.SZ DLO PAX AVGO ORCL,11.8,31.3,0.78,2,1.11,21.7,-3.97,21.96,36.76,0.87
NU 300750.SZ AVGO RHM UBER,14.9,41.9,0.86,1,1.22,21.68,-4.06,21.97,36.74,2.37
NU 300750.SZ 1810.HK AVGO UBER,14.5,40.7,0.85,1,0.93,21.68,-5.67,21.47,37.94,1.53
6669.TW AVGO ORCL UBER TSM,11.5,35.8,0.89,3,1.35,21.68,-8.04,24.03,34.98,0.08
VTEX PAX ORCL UBER TSM,13.1,27.0,0.88,1,1.26,21.66,-5.79,22.6,36.34,0.75
6669.TW 300750.SZ AVGO UBER TSM,11.1,38.9,0.88,2,1.08,21.65,-6.54,23.78,34.79,0.9
NU DLO ORCL RHM TSM,15.5,31.3,0.89,2,1.43,21.64,-3.99,22.71,35.51,1.78
NU DLO 1810.HK ORCL TSM,15.1,30.1,0.88,2,1.14,21.64,-5.59,22.23,36.75,0.92
VTEX 300750.SZ PAX UBER TSM,12.6,30.1,0.87,1,0.99,21.63,-4.39,22.35,36.16,1.55
DLO PAX AVGO ORCL RHM,12.8,32.5,0.81,2,1.45,21.63,-3.36,22.03,36.25,1.59
DLO PAX 1810.HK AVGO ORCL,12.5,31.3,0.8,2,1.16,21.62,-4.93,21.54,37.47,0.73
FLUT DLO PAX UBER TSM,11.4,31.6,0.82,2,1.11,21.62,-3.75,23.13,34.75,0.98
NU 300750.SZ DLO RHM TSM,14.8,34.4,0.89,2,1.17,21.61,-2.67,22.46,35.33,2.56
NU 300750.SZ ORCL RHM UBER,14.3,35.4,0.84,1,1.28,21.61,-6.07,22.21,36.86,0.97
NU 300750.SZ DLO 1810.HK TSM,14.4,33.1,0.88,2,0.88,21.61,-4.2,21.98,36.57,1.72
NU 1810.HK AVGO RHM UBER,15.9,41.9,0.88,1,1.27,21.61,-5.03,21.55,37.44,2.24
NU 300750.SZ 1810.HK ORCL UBER,13.9,34.2,0.83,1,0.99,21.61,-7.78,21.72,38.06,0.09
300750.SZ DLO PAX AVGO RHM,12.3,35.6,0.81,2,1.19,21.6,-2.06,21.78,36.07,2.37
300750.SZ DLO PAX 1810.HK AVGO,12.0,34.4,0.8,2,0.9,21.6,-3.57,21.28,37.29,1.53
6669.TW AVGO RHM UBER TSM,11.9,40.1,0.92,2,1.42,21.58,-5.89,23.86,34.25,1.62
6669.TW 300750.SZ ORCL UBER TSM,10.7,32.4,0.86,2,1.14,21.58,-8.72,24.02,34.92,-0.57
6669.TW 1810.HK AVGO UBER TSM,11.6,38.9,0.9,2,1.14,21.57,-7.59,23.39,35.52,0.76
VTEX PAX RHM UBER TSM,13.6,31.4,0.9,1,1.33,21.56,-3.78,22.42,35.64,2.26
VTEX PAX 1810.HK UBER TSM,13.3,30.1,0.89,1,1.05,21.56,-5.37,21.94,36.87,1.41
NU DLO 1810.HK RHM TSM,15.8,34.4,0.91,2,1.22,21.54,-3.59,22.05,36.05,2.42
NU 1810.HK ORCL RHM UBER,15.2,35.4,0.86,1,1.33,21.54,-7.1,21.8,37.56,0.82
300750.SZ DLO PAX ORCL RHM,11.8,29.1,0.79,2,1.25,21.53,-3.94,22.02,36.19,0.97
DLO PAX 1810.HK AVGO RHM,13.0,35.6,0.83,2,1.24,21.53,-2.97,21.36,36.78,2.24
300750.SZ DLO PAX 1810.HK ORCL,11.6,27.9,0.77,2,0.96,21.53,-5.54,21.53,37.41,0.09
NU DLO PAX AVGO UBER,11.9,33.5,0.77,3,1.1,21.52,-1.87,22.05,35.37,1.99
NU 300750.SZ 1810.HK RHM UBER,14.6,38.5,0.85,1,1.07,21.51,-5.64,21.54,37.38,1.63
6669.TW ORCL RHM UBER TSM,11.5,33.6,0.89,2,1.48,21.51,-8.02,24.09,34.38,0.18
6669.TW 1810.HK ORCL UBER TSM,11.2,32.4,0.88,2,1.2,21.5,-9.85,23.63,35.65,-0.72
NU 300750.SZ AVGO ORCL TSM,15.0,35.8,0.9,2,1.19,21.5,-5.84,22.48,36.1,1.22
6669.TW 300750.SZ RHM UBER TSM,11.1,36.7,0.89,1,1.22,21.48,-6.52,23.85,34.19,1.0
6669.TW 300750.SZ 1810.HK UBER TSM,10.9,35.5,0.88,1,0.93,21.48,-8.25,23.38,35.46,0.12
DLO PAX 1810.HK ORCL RHM,12.5,29.1,0.81,2,1.3,21.46,-4.91,21.61,36.9,0.82
NU DLO PAX ORCL UBER,11.5,27.0,0.75,3,1.16,21.45,-3.74,22.3,35.5,0.56
NU AVGO ORCL RHM TSM,16.6,37.1,0.93,2,1.53,21.43,-5.19,22.55,35.58,1.94
NU 1810.HK AVGO ORCL TSM,16.1,35.9,0.92,2,1.24,21.43,-6.86,22.07,36.81,1.08
300750.SZ DLO PAX 1810.HK RHM,12.0,32.2,0.8,2,1.04,21.43,-3.54,21.35,36.72,1.63
NU 300750.SZ DLO PAX UBER,11.1,30.0,0.74,3,0.89,21.43,-2.42,22.04,35.31,1.37
FLUT PAX AVGO UBER TSM,12.0,37.4,0.86,1,1.21,21.42,-4.94,22.97,34.82,1.14
6669.TW 1810.HK RHM UBER TSM,11.7,36.7,0.91,1,1.27,21.41,-7.56,23.45,34.93,0.86
NU 300750.SZ AVGO RHM TSM,15.8,40.2,0.93,1,1.27,21.41,-3.82,22.3,35.39,2.71
NU 300750.SZ 1810.HK AVGO TSM,15.4,38.9,0.92,1,0.98,21.4,-5.41,21.81,36.63,1.88
NU DLO PAX RHM UBER,11.9,31.3,0.77,3,1.23,21.36,-1.85,22.12,34.78,2.08
NU DLO PAX 1810.HK UBER,11.6,30.1,0.76,3,0.95,21.35,-3.34,21.63,36.04,1.23
FLUT PAX ORCL UBER TSM,11.6,30.9,0.84,1,1.27,21.35,-7.0,23.21,34.94,-0.32
NU 300750.SZ ORCL RHM TSM,15.1,33.7,0.9,1,1.33,21.34,-5.81,22.54,35.52,1.32
NU 1810.HK AVGO RHM TSM,16.9,40.2,0.95,1,1.32,21.33,-4.78,21.89,36.12,2.58
NU 300750.SZ 1810.HK ORCL TSM,14.7,32.5,0.89,1,1.04,21.33,-7.51,22.06,36.75,0.45
300750.SZ PAX AVGO ORCL RHM,12.5,34.9,0.82,2,1.35,21.32,-5.14,21.86,36.25,1.13
6669.TW DLO PAX UBER TSM,9.3,28.2,0.8,2,1.1,21.32,-4.15,23.93,32.74,0.6
300750.SZ PAX 1810.HK AVGO ORCL,12.2,33.7,0.81,2,1.06,21.32,-6.8,21.37,37.47,0.25
FLUT 300750.SZ PAX UBER TSM,11.2,34.0,0.83,1,1.01,21.32,-5.55,22.96,34.76,0.51
300750.SZ DLO AVGO ORCL UBER,14.8,35.8,0.87,2,1.14,21.3,-6.1,20.93,37.8,0.87
NU 1810.HK ORCL RHM TSM,16.1,33.7,0.92,1,1.38,21.26,-6.83,22.14,36.24,1.18
PAX 1810.HK AVGO ORCL RHM,13.2,34.9,0.84,2,1.4,21.25,-6.14,21.45,36.96,0.99
NU DLO PAX AVGO TSM,12.4,31.7,0.84,3,1.14,21.25,-1.64,22.39,33.98,2.33
FLUT PAX RHM UBER TSM,12.0,35.2,0.86,1,1.35,21.25,-4.91,23.03,34.22,1.24
NU PAX AVGO ORCL UBER,12.0,32.8,0.78,2,1.26,21.25,-4.93,22.14,35.56,0.73
FLUT PAX 1810.HK UBER TSM,11.8,34.0,0.85,2,1.06,21.24,-6.56,22.55,35.49,0.36
DLO AVGO ORCL RHM UBER,16.3,37.1,0.9,2,1.48,21.24,-5.45,21.01,37.29,1.59
NU 300750.SZ 1810.HK RHM TSM,15.4,36.8,0.92,1,1.12,21.23,-5.39,21.88,36.06,1.97
DLO 1810.HK AVGO ORCL UBER,15.8,35.9,0.89,2,1.19,21.23,-7.13,20.51,38.48,0.73
300750.SZ PAX 1810.HK AVGO RHM,12.7,38.0,0.84,1,1.14,21.22,-4.73,21.18,36.78,1.78
NU 300750.SZ PAX AVGO UBER,11.6,35.9,0.78,2,0.99,21.22,-3.57,21.88,35.38,1.53
300750.SZ DLO AVGO RHM UBER,15.5,40.2,0.9,1,1.22,21.21,-4.06,20.75,37.12,2.37
300750.SZ DLO 1810.HK AVGO UBER,15.1,38.9,0.89,1,0.93,21.2,-5.67,20.24,38.31,1.53
NU DLO PAX ORCL TSM,12.0,25.2,0.81,3,1.2,21.18,-3.5,22.63,34.11,0.92
300750.SZ PAX 1810.HK ORCL RHM,12.2,31.5,0.82,1,1.2,21.15,-6.78,21.44,36.91,0.35
NU 300750.SZ DLO PAX TSM,11.6,28.3,0.81,3,0.94,21.15,-2.19,22.38,33.92,1.72
NU PAX AVGO RHM UBER,12.5,37.1,0.81,2,1.33,21.15,-2.97,21.96,34.84,2.24
NU 300750.SZ PAX ORCL UBER,11.2,29.4,0.76,2,1.05,21.15,-5.54,22.13,35.5,0.09
NU PAX 1810.HK AVGO UBER,12.2,35.9,0.8,2,1.05,21.15,-4.52,21.47,36.1,1.39
300750.SZ DLO ORCL RHM UBER,14.8,33.7,0.87,1,1.28,21.14,-6.07,21.0,37.24,0.97
DLO 1810.HK AVGO RHM UBER,16.6,40.2,0.92,1,1.27,21.13,-5.03,20.32,37.81,2.24
300750.SZ DLO 1810.HK ORCL UBER,14.4,32.4,0.86,1,0.99,21.13,-7.78,20.5,38.43,0.09
6669.TW PAX AVGO UBER TSM,9.7,34.0,0.84,2,1.2,21.12,-5.36,23.78,32.81,0.76
NU DLO PAX RHM TSM,12.4,29.6,0.84,3,1.28,21.08,-1.62,22.45,33.37,2.42
NU PAX ORCL RHM UBER,12.0,30.6,0.79,2,1.39,21.08,-4.91,22.2,34.97,0.82
NU DLO PAX 1810.HK TSM,12.2,28.3,0.83,3,0.99,21.08,-3.1,21.97,34.67,1.58
NU PAX 1810.HK ORCL UBER,11.8,29.4,0.78,2,1.11,21.07,-6.55,21.72,36.22,-0.06
DLO 1810.HK ORCL RHM UBER,15.8,33.7,0.89,1,1.33,21.06,-7.1,20.58,37.93,0.82
NU 300750.SZ PAX RHM UBER,11.6,33.7,0.78,2,1.13,21.05,-3.54,21.95,34.78,1.63
NU 300750.SZ PAX 1810.HK UBER,11.4,32.5,0.77,2,0.84,21.05,-5.12,21.45,36.04,0.76
6669.TW PAX ORCL UBER TSM,9.4,27.5,0.81,2,1.26,21.05,-7.45,24.01,32.94,-0.72
300750.SZ DLO 1810.HK RHM UBER,15.1,36.8,0.89,1,1.07,21.03,-5.64,20.31,37.76,1.63
300750.SZ DLO AVGO ORCL TSM,15.7,34.1,0.94,2,1.19,21.03,-5.84,21.28,36.48,1.22
6669.TW 300750.SZ PAX UBER TSM,9.2,30.6,0.81,1,1.0,21.02,-5.98,23.77,32.75,0.12
NU PAX 1810.HK RHM UBER,12.2,33.7,0.81,2,1.18,20.98,-4.49,21.53,35.52,1.49
NU PAX AVGO ORCL TSM,12.6,31.0,0.85,2,1.3,20.97,-4.68,22.47,34.18,1.08
DLO AVGO ORCL RHM TSM,17.3,35.4,0.97,2,1.53,20.96,-5.19,21.35,35.96,1.94
DLO 1810.HK AVGO ORCL TSM,16.8,34.1,0.96,2,1.24,20.95,-6.86,20.86,37.19,1.08
6669.TW PAX RHM UBER TSM,9.7,31.9,0.84,1,1.34,20.95,-5.33,23.84,32.18,0.86
6669.TW PAX 1810.HK UBER TSM,9.5,30.6,0.83,1,1.05,20.94,-7.01,23.37,33.51,-0.02
NU 300750.SZ PAX AVGO TSM,12.1,34.1,0.85,2,1.04,20.94,-3.33,22.22,33.99,1.88
300750.SZ DLO AVGO RHM TSM,16.5,38.4,0.97,1,1.27,20.93,-3.82,21.09,35.78,2.71
300750.SZ AVGO ORCL RHM UBER,15.8,39.5,0.91,2,1.38,20.93,-7.36,20.83,37.3,1.13
300750.SZ DLO 1810.HK AVGO TSM,16.0,37.2,0.96,1,0.98,20.93,-5.41,20.59,37.01,1.88
300750.SZ 1810.HK AVGO ORCL UBER,15.4,38.2,0.9,2,1.09,20.92,-9.14,20.33,38.49,0.25
NU PAX AVGO RHM TSM,13.1,35.4,0.88,2,1.38,20.87,-2.73,22.29,33.44,2.58
NU 300750.SZ PAX ORCL TSM,11.7,27.6,0.82,2,1.1,20.87,-5.29,22.46,34.12,0.45
NU PAX 1810.HK AVGO TSM,12.8,34.1,0.87,2,1.09,20.87,-4.27,21.8,34.73,1.74
300750.SZ DLO ORCL RHM TSM,15.7,31.9,0.94,1,1.33,20.86,-5.81,21.34,35.91,1.32
DLO 1810.HK AVGO RHM TSM,17.7,38.4,0.99,1,1.32,20.86,-4.78,20.67,36.5,2.58
300750.SZ DLO 1810.HK ORCL TSM,15.3,30.7,0.93,1,1.04,20.86,-7.51,20.84,37.13,0.45
1810.HK AVGO ORCL RHM UBER,17.0,39.5,0.93,2,1.43,20.85,-8.43,20.41,37.99,0.99
NU DLO AVGO UBER TSM,15.7,36.3,0.93,2,1.17,20.85,-3.62,21.37,35.08,2.33
300750.SZ 1810.HK AVGO RHM UBER,16.1,42.6,0.93,1,1.17,20.83,-6.91,20.14,37.82,1.78
NU PAX ORCL RHM TSM,12.6,28.9,0.85,2,1.44,20.8,-4.66,22.53,33.57,1.18
NU PAX 1810.HK ORCL TSM,12.3,27.6,0.84,2,1.15,20.8,-6.29,22.05,34.86,0.31
DLO 1810.HK ORCL RHM TSM,16.8,32.0,0.96,1,1.38,20.78,-6.83,20.92,36.62,1.18
NU DLO ORCL UBER TSM,15.0,29.8,0.9,2,1.23,20.78,-5.59,21.62,35.21,0.92
NU 300750.SZ PAX RHM TSM,12.2,32.0,0.85,2,1.18,20.77,-3.3,22.28,33.38,1.97
DLO PAX AVGO ORCL UBER,12.4,31.0,0.82,2,1.26,20.77,-4.93,20.93,35.95,0.73
NU 300750.SZ PAX 1810.HK TSM,11.9,30.7,0.84,2,0.89,20.77,-4.87,21.79,34.67,1.12
300750.SZ DLO 1810.HK RHM TSM,16.0,35.0,0.96,1,1.12,20.76,-5.39,20.66,36.44,1.97
300750.SZ 1810.HK ORCL RHM UBER,15.4,36.1,0.9,1,1.23,20.75,-9.11,20.4,37.94,0.35
NU 300750.SZ DLO UBER TSM,14.4,32.9,0.9,2,0.97,20.75,-4.2,21.36,35.02,1.72
300750.SZ DLO PAX AVGO UBER,12.0,34.1,0.82,2,0.99,20.74,-3.57,20.66,35.77,1.53
NU PAX 1810.HK RHM TSM,12.8,32.0,0.87,2,1.23,20.7,-4.25,21.87,34.13,1.83
NU DLO RHM UBER TSM,15.8,34.1,0.93,2,1.31,20.68,-3.59,21.44,34.49,2.42
NU DLO 1810.HK UBER TSM,15.3,32.9,0.92,2,1.02,20.68,-5.17,20.94,35.75,1.58
DLO PAX AVGO RHM UBER,12.9,35.4,0.85,2,1.33,20.67,-2.97,20.74,35.24,2.24
300750.SZ DLO PAX ORCL UBER,11.6,27.6,0.79,2,1.05,20.67,-5.54,20.91,35.89,0.09
DLO PAX 1810.HK AVGO UBER,12.6,34.1,0.84,2,1.05,20.67,-4.52,20.23,36.48,1.39
300750.SZ AVGO ORCL RHM TSM,16.8,37.7,0.98,2,1.43,20.65,-7.08,21.18,35.97,1.48
300750.SZ 1810.HK AVGO ORCL TSM,16.3,36.5,0.97,2,1.14,20.65,-8.86,20.68,37.19,0.61
DLO PAX ORCL RHM UBER,12.4,28.9,0.82,2,1.39,20.6,-4.91,20.99,35.36,0.82
DLO PAX 1810.HK ORCL UBER,12.2,27.6,0.81,2,1.11,20.6,-6.55,20.49,36.61,-0.06
1810.HK AVGO ORCL RHM TSM,18.1,37.8,1.0,2,1.48,20.58,-8.15,20.76,36.68,1.34
NU AVGO ORCL UBER TSM,16.0,35.6,0.94,2,1.33,20.57,-6.86,21.46,35.27,1.08
300750.SZ DLO PAX RHM UBER,12.0,31.9,0.82,2,1.13,20.57,-3.54,20.73,35.18,1.63
300750.SZ DLO PAX 1810.HK UBER,11.7,30.7,0.81,2,0.84,20.57,-5.12,20.22,36.43,0.76
300750.SZ 1810.HK AVGO RHM TSM,17.2,40.8,1.0,1,1.22,20.55,-6.64,20.49,36.5,2.13
NU 300750.SZ AVGO UBER TSM,15.3,38.7,0.94,1,1.07,20.54,-5.41,21.2,35.09,1.88
DLO PAX 1810.HK RHM UBER,12.6,32.0,0.84,2,1.18,20.5,-4.49,20.3,35.91,1.49
DLO PAX AVGO ORCL TSM,13.0,29.3,0.89,2,1.3,20.49,-4.68,21.27,34.58,1.08
300750.SZ 1810.HK ORCL RHM TSM,16.3,34.3,0.97,1,1.28,20.47,-8.83,20.74,36.63,0.71
NU AVGO RHM UBER TSM,16.9,39.9,0.97,1,1.41,20.47,-4.78,21.27,34.55,2.58
NU 300750.SZ ORCL UBER TSM,14.6,32.2,0.91,1,1.13,20.47,-7.51,21.45,35.21,0.45
NU 1810.HK AVGO UBER TSM,16.4,38.7,0.96,1,1.12,20.47,-6.42,20.77,35.81,1.74
300750.SZ DLO PAX AVGO TSM,12.5,32.4,0.89,2,1.04,20.46,-3.33,21.0,34.39,1.88
300750.SZ PAX AVGO ORCL UBER,12.1,33.4,0.83,2,1.15,20.46,-6.8,20.75,35.95,0.25
NU ORCL RHM UBER TSM,16.0,33.4,0.94,1,1.47,20.4,-6.83,21.52,34.68,1.18
NU 1810.HK ORCL UBER TSM,15.6,32.2,0.93,1,1.18,20.4,-8.59,21.03,35.94,0.31
DLO PAX AVGO RHM TSM,13.6,33.6,0.92,2,1.38,20.39,-2.73,21.08,33.84,2.58
300750.SZ DLO PAX ORCL TSM,12.1,25.9,0.86,2,1.1,20.39,-5.29,21.26,34.52,0.45
PAX AVGO ORCL RHM UBER,13.1,34.7,0.86,2,1.49,20.39,-6.14,20.83,35.43,0.99
DLO PAX 1810.HK AVGO TSM,13.2,32.4,0.91,2,1.09,20.39,-4.27,20.58,35.13,1.74
PAX 1810.HK AVGO ORCL UBER,12.8,33.4,0.85,2,1.21,20.38,-7.86,20.32,36.67,0.11
NU 300750.SZ RHM UBER TSM,15.3,36.5,0.94,1,1.21,20.37,-5.39,21.26,34.49,1.97
NU 300750.SZ 1810.HK UBER TSM,14.9,35.3,0.93,1,0.92,20.37,-7.06,20.76,35.76,1.12
300750.SZ PAX AVGO RHM UBER,12.6,37.7,0.86,1,1.23,20.36,-4.73,20.56,35.24,1.78
300750.SZ PAX 1810.HK AVGO UBER,12.3,36.5,0.85,1,0.94,20.36,-6.37,20.05,36.49,0.93
DLO PAX ORCL RHM TSM,13.0,27.1,0.89,2,1.44,20.32,-4.66,21.33,33.98,1.18
DLO PAX 1810.HK ORCL TSM,12.7,25.9,0.88,2,1.15,20.31,-6.29,20.84,35.25,0.31
NU 1810.HK RHM UBER TSM,16.4,36.5,0.96,1,1.26,20.3,-6.39,20.84,35.23,1.83
300750.SZ DLO PAX RHM TSM,12.5,30.2,0.89,2,1.18,20.29,-3.3,21.07,33.78,1.97
300750.SZ PAX ORCL RHM UBER,12.2,31.3,0.83,1,1.29,20.29,-6.78,20.81,35.37,0.35
300750.SZ DLO PAX 1810.HK TSM,12.3,29.0,0.88,2,0.89,20.29,-4.87,20.57,35.07,1.12
PAX 1810.HK AVGO RHM UBER,13.3,37.8,0.88,1,1.28,20.29,-5.71,20.13,35.97,1.65
300750.SZ PAX 1810.HK ORCL UBER,11.9,30.0,0.82,1,1.0,20.28,-8.53,20.31,36.61,-0.55
DLO PAX 1810.HK RHM TSM,13.3,30.2,0.91,2,1.23,20.22,-4.25,20.65,34.53,1.83
PAX 1810.HK ORCL RHM UBER,12.8,31.3,0.85,1,1.34,20.21,-7.83,20.39,36.09,0.21
NU DLO PAX UBER TSM,12.1,28.0,0.85,3,1.09,20.21,-3.1,21.35,33.05,1.58
300750.SZ PAX 1810.HK RHM UBER,12.4,34.3,0.85,1,1.08,20.18,-6.34,20.12,35.91,1.02
300750.SZ PAX AVGO ORCL TSM,12.7,31.7,0.9,2,1.2,20.18,-6.54,21.09,34.58,0.61
PAX AVGO ORCL RHM TSM,13.8,32.9,0.93,2,1.54,20.11,-5.88,21.17,34.04,1.34
PAX 1810.HK AVGO ORCL TSM,13.4,31.7,0.92,2,1.25,20.1,-7.58,20.67,35.32,0.47
DLO AVGO ORCL UBER TSM,16.7,33.8,0.98,2,1.33,20.09,-6.86,20.23,35.66,1.08
300750.SZ PAX AVGO RHM TSM,13.2,36.0,0.93,1,1.28,20.08,-4.48,20.91,33.85,2.13
300750.SZ PAX 1810.HK AVGO TSM,12.9,34.8,0.92,1,0.99,20.07,-6.1,20.4,35.13,1.28
300750.SZ DLO AVGO UBER TSM,15.9,36.9,0.97,1,1.07,20.06,-5.41,19.96,35.48,1.88
300750.SZ PAX ORCL RHM TSM,12.7,29.5,0.9,1,1.34,20.0,-6.51,21.16,33.98,0.71
PAX 1810.HK AVGO RHM TSM,14.0,36.0,0.95,1,1.33,20.0,-5.46,20.48,34.6,1.99
300750.SZ PAX 1810.HK ORCL TSM,12.4,28.3,0.89,1,1.05,20.0,-8.25,20.66,35.26,-0.18
NU PAX AVGO UBER TSM,12.7,33.8,0.89,2,1.19,20.0,-4.27,21.19,33.12,1.74
DLO AVGO RHM UBER TSM,17.6,38.2,1.0,1,1.41,19.99,-4.78,20.03,34.95,2.58
300750.SZ DLO ORCL UBER TSM,15.2,30.4,0.95,1,1.13,19.98,-7.51,20.21,35.6,0.45
DLO 1810.HK AVGO UBER TSM,17.1,36.9,0.99,1,1.12,19.98,-6.42,19.52,36.2,1.74
PAX 1810.HK ORCL RHM TSM,13.5,29.5,0.92,1,1.39,19.93,-7.56,20.74,34.73,0.57
NU PAX ORCL UBER TSM,12.3,27.4,0.86,2,1.25,19.92,-6.29,21.44,33.25,0.31
DLO ORCL RHM UBER TSM,16.7,31.7,0.98,1,1.47,19.91,-6.83,20.29,35.07,1.18
DLO 1810.HK ORCL UBER TSM,16.2,30.4,0.97,1,1.18,19.91,-8.59,19.78,36.32,0.31
300750.SZ PAX 1810.HK RHM TSM,12.9,32.6,0.92,1,1.13,19.9,-6.08,20.47,34.54,1.37
NU 300750.SZ PAX UBER TSM,11.8,30.4,0.86,2,0.98,19.9,-4.87,21.18,33.06,1.12
300750.SZ DLO RHM UBER TSM,15.9,34.8,0.97,1,1.21,19.88,-5.39,20.02,34.89,1.97
300750.SZ DLO 1810.HK UBER TSM,15.5,33.5,0.96,1,0.92,19.88,-7.06,19.51,36.14,1.12
NU PAX RHM UBER TSM,12.8,31.7,0.89,2,1.32,19.82,-4.25,21.25,32.5,1.83
NU PAX 1810.HK UBER TSM,12.5,30.4,0.88,2,1.04,19.82,-5.86,20.75,33.82,0.98
DLO 1810.HK RHM UBER TSM,17.1,34.8,1.0,1,1.26,19.81,-6.39,19.59,35.62,1.83
300750.SZ AVGO ORCL UBER TSM,16.2,36.2,0.99,2,1.23,19.77,-8.86,20.04,35.67,0.61
AVGO ORCL RHM UBER TSM,18.0,37.5,1.02,2,1.57,19.7,-8.15,20.12,35.14,1.34
1810.HK AVGO ORCL UBER TSM,17.4,36.2,1.01,2,1.28,19.69,-9.99,19.61,36.39,0.47
300750.SZ AVGO RHM UBER TSM,17.1,40.6,1.01,1,1.31,19.67,-6.64,19.85,34.95,2.13
300750.SZ 1810.HK AVGO UBER TSM,16.6,39.3,1.0,1,1.02,19.66,-8.39,19.34,36.2,1.28
300750.SZ ORCL RHM UBER TSM,16.2,34.1,0.99,1,1.37,19.59,-8.83,20.11,35.08,0.71
1810.HK AVGO RHM UBER TSM,18.4,40.6,1.03,1,1.36,19.59,-7.69,19.42,35.68,1.99
300750.SZ 1810.HK ORCL UBER TSM,15.8,32.8,0.98,1,1.08,19.59,-10.71,19.6,36.33,-0.18
1810.HK ORCL RHM UBER TSM,17.4,34.1,1.01,1,1.42,19.52,-9.96,19.68,35.81,0.57
DLO PAX AVGO UBER TSM,13.2,32.1,0.92,2,1.19,19.51,-4.27,19.95,33.53,1.74
300750.SZ 1810.HK RHM UBER TSM,16.6,37.2,1.01,1,1.16,19.49,-8.36,19.4,35.62,1.37
DLO PAX ORCL UBER TSM,12.7,25.6,0.9,2,1.25,19.43,-6.29,20.2,33.66,0.31
300750.SZ DLO PAX UBER TSM,12.2,28.7,0.89,2,0.98,19.4,-4.87,19.93,33.47,1.12
DLO PAX RHM UBER TSM,13.2,29.9,0.93,2,1.32,19.33,-4.25,20.01,32.91,1.83
DLO PAX 1810.HK UBER TSM,12.9,28.7,0.92,2,1.04,19.33,-5.86,19.5,34.22,0.98
PAX AVGO ORCL UBER TSM,13.4,31.4,0.94,2,1.35,19.21,-7.58,20.03,33.73,0.47
300750.SZ PAX AVGO UBER TSM,12.9,34.5,0.93,1,1.08,19.19,-6.1,19.76,33.53,1.28
PAX AVGO RHM UBER TSM,14.0,35.7,0.97,1,1.42,19.11,-5.46,19.84,32.98,1.99
300750.SZ PAX ORCL UBER TSM,12.4,28.0,0.91,1,1.14,19.11,-8.25,20.02,33.66,-0.18
PAX 1810.HK AVGO UBER TSM,13.6,34.5,0.95,1,1.14,19.11,-7.14,19.33,34.29,1.14
PAX ORCL RHM UBER TSM,13.4,29.3,0.94,1,1.48,19.04,-7.56,20.1,33.11,0.57
PAX 1810.HK ORCL UBER TSM,13.1,28.0,0.93,1,1.2,19.03,-9.36,19.59,34.42,-0.32
300750.SZ PAX RHM UBER TSM,12.9,32.3,0.94,1,1.22,19.01,-6.08,19.83,32.92,1.37
300750.SZ PAX 1810.HK UBER TSM,12.6,31.1,0.93,1,0.93,19.0,-7.79,19.31,34.23,0.51
PAX 1810.HK RHM UBER TSM,13.6,32.3,0.96,1,1.27,18.93,-7.11,19.4,33.68,1.24
